{
  "FilterHeaders": [
    {
      "Header": "user-agent",
      "IncludeInScript": false
    },
    {
      "Header": "upgrade-insecure-requests",
      "IncludeInScript": true
    },
    {
      "Header": "token",
      "IncludeInScript": true
    },
    {
      "Header": "sec-fetch-user",
      "IncludeInScript": true
    },
    {
      "Header": "sec-fetch-site",
      "IncludeInScript": true
    },
    {
      "Header": "sec-fetch-mode",
      "IncludeInScript": true
    },
    {
      "Header": "sec-fetch-dest",
      "IncludeInScript": true
    },
    {
      "Header": "sec-ch-ua-platform",
      "IncludeInScript": true
    },
    {
      "Header": "sec-ch-ua-mobile",
      "IncludeInScript": true
    },
    {
      "Header": "sec-ch-ua",
      "IncludeInScript": true
    },
    {
      "Header": "origin",
      "IncludeInScript": true
    },
    {
      "Header": "if-none-match",
      "IncludeInScript": false
    },
    {
      "Header": "cache-control",
      "IncludeInScript": false
    },
    {
      "Header": "authorization",
      "IncludeInScript": true
    },
    {
      "Header": "appinfoclientname",
      "IncludeInScript": true
    },
    {
      "Header": "accept-language",
      "IncludeInScript": false
    },
    {
      "Header": "accept-encoding",
      "IncludeInScript": false
    },
    {
      "Header": "accept",
      "IncludeInScript": false
    }
  ],
  "FilterResources": [
    {
      "IsNonResource": true,
      "type": "text/html"
    },
    {
      "IsNonResource": false,
      "type": "image/png"
    },
    {
      "IsNonResource": false,
      "type": "image/gif"
    },
    {
      "IsNonResource": false,
      "type": "application/octet-stream"
    },
    {
      "IsNonResource": true,
      "type": "application/json"
    }
  ],
  "GeneralInfo": {
    "BrowserVersion": "",
    "IsWinInetMode": false,
    "MaxUsedConnections": 16,
    "RecordedBrowser": "c:\\program files (x86)\\microsoft\\edge\\application\\msedge.exe",
    "RecordingDate": "Apr-25-2023",
    "RecordingDuration": 110828,
    "RecordingMode": "N/A",
    "RecordingTimeStamp": 1682406685,
    "RecordingType": "Application",
    "TotalBytesReceived": 540230,
    "TotalBytesSent": 29340,
    "TotalRequests": 24,
    "UserAgent": "Mozilla/5.0 (Windows NT 10.0; Win64; x64) AppleWebKit/537.36 (KHTML, like Gecko) Chrome/112.0.0.0 Safari/537.36 Edg/112.0.1722.58"
  },
  "HostInfo": [
    {
      "DomainName": "virtualearth.net",
      "Domains": [
        {
          "HTTPVersion": "HTTP/1.1",
          "IP": "23.51.68.110",
          "IncludeInScript": true,
          "Name": "ecn.dev.virtualearth.net",
          "Port": 443,
          "Requests": [
            {
              "CompressionType": "",
              "DataType": "image/png",
              "DownloadTime": 344,
              "EventId": 531,
              "HttpStatus": 200,
              "Size": 94519,
              "URL": "https://ecn.dev.virtualearth.net/REST/v1/Imagery/Map/RoadVibrant/Routes/driving?ms=266,166&culture=en-ca&waypoint.1=51.5315704345703,4.45984792709351;drsp.f;+&waypoint.2=51.4941024780273,4.28784322738647;drep.f;+&mapLayer=TrafficFlow,Basemap,trafficroute,OsmBuildings&key=AugYTsAbLKj7moSUfsxalWlCFq3qnO8wjRy5Pp4tXwCpwW0gClh_Eq0gwMSHPcLK&fmt=png&da=ro&logo=n"
            }
          ],
          "SSLCipher": "TLS_AES_256_GCM_SHA384",
          "SSLVersion": "TLS1.3"
        }
      ],
      "IncludeInScript": true
    },
    {
      "DomainName": "skype.com",
      "Domains": [
        {
          "HTTPVersion": "HTTP/1.1",
          "IP": "13.107.42.16",
          "IncludeInScript": true,
          "Name": "config.edge.skype.com",
          "Port": 443,
          "Requests": [
            {
              "CompressionType": "gzip",
              "DataType": "application/json",
              "DownloadTime": 188,
              "EventId": 82,
              "HttpStatus": 200,
              "Size": 16460,
              "URL": "https://config.edge.skype.com/config/v1/Edge/112.0.1722.58?clientId=6921235004802684617&agents=Edge%2CEdgeConfig%2CEdgeServices%2CEdgeFirstRun%2CEdgeFirstRunConfig%2CEdgeDomainActions&osname=win&client=edge&channel=stable&scpfull=0&scpguard=0&scpfre=0&scpver=0&osarch=x86_64&osver=10.0.22621&wu=1&devicefamily=desktop&uma=0&sessionid=473&mngd=0&installdate=1661998981&edu=0&bphint=2&soobedate=1661998892"
            }
          ],
          "SSLCipher": "ECDHE-RSA-AES256-GCM-SHA384",
          "SSLVersion": "TLS1.2"
        }
      ],
      "IncludeInScript": true
    },
    {
      "DomainName": "msn.com",
      "Domains": [
        {
          "HTTPVersion": "HTTP/1.1",
          "IP": "204.79.197.203",
          "IncludeInScript": false,
          "Name": "ntp.msn.com",
          "Port": 443,
          "Requests": [
            {
              "CompressionType": "",
              "DataType": "application/javascript",
              "DownloadTime": 266,
              "EventId": 461,
              "HttpStatus": 304,
              "Size": 0,
              "URL": "https://ntp.msn.com/edge/ntp/service-worker.js?raceEnabled=true&riverAgeMinutes=180&navAgeMinutes=2880&enableNavPreload=true"
            },
            {
              "CompressionType": "br",
              "DataType": "application/json",
              "DownloadTime": 297,
              "EventId": 441,
              "HttpStatus": 200,
              "Size": 78154,
              "URL": "https://ntp.msn.com/resolver/api/resolve/v3/config/?expType=AppConfig&expInstance=default&apptype=edgeChromium&v=20230424.382&targetScope={%22audienceMode%22:%22adult%22,%22browser%22:{%22browserType%22:%22edgeChromium%22,%22version%22:%22112%22,%22ismobile%22:%22false%22},%22deviceFormFactor%22:%22desktop%22,%22domain%22:%22ntp.msn.com%22,%22locale%22:{%22content%22:{%22language%22:%22en%22,%22market%22:%22ca%22},%22display%22:{%22language%22:%22en%22,%22market%22:%22ca%22}},%22os%22:%22windows%22,%22platform%22:%22web%22,%22pageType%22:%22dhp%22,%22pageExperiments%22:[%22prg-1s-cfnrt%22,%22prg-1s-cfnrtt%22,%22prg-1s-wxxap%22,%22prg-1sw-aqpn%22,%22prg-1sw-aqtkrt2%22,%22prg-1sw-aqwd%22,%22prg-1sw-c0328%22,%22prg-1sw-cfebfrh%22,%22prg-1sw-cgprvw-ng%22,%22prg-1sw-curnctl%22,%22prg-1sw-discc%22,%22prg-1sw-ebnfwk%22,%22prg-1sw-edw%22,%22prg-1sw-esprt-rcgenre%22,%22prg-1sw-esprtpr-coc%22,%22prg-1sw-esprtpr-cs%22,%22prg-1sw-esprtpr-ng%22,%22prg-1sw-hce%22,%22prg-1sw-ipthlc%22,%22prg-1sw-jp1012%22,%22prg-1sw-otelcf%22,%22prg-1sw-p1idxft%22,%22prg-1sw-p1wtrclm%22,%22prg-1sw-pde0%22,%22prg-1sw-protd-c%22,%22prg-1sw-r23fp%22,%22prg-1sw-refprg1%22,%22prg-1sw-sagetnp2%22,%22prg-1sw-sawch-r263t2%22,%22prg-1sw-sdtravoff%22,%22prg-1sw-sfrp%22,%22prg-1sw-srdus%22,%22prg-1sw-swbdgro%22,%22prg-1sw-swexp%22,%22prg-1sw-swfallback%22,%22prg-1sw-tbrcounter%22,%22prg-1sw-tpdstr-t%22,%22prg-1sw-uumar%22,%22prg-1sw-uumar2%22,%22prg-1sw-wxlfap%22,%22prg-1sw-wxlfrc%22,%22prg-1sw-wxnc2hr%22,%22prg-1sw-wxncds%22,%22prg-1sw-wxpratec%22,%22prg-1sw-wxwksmr0%22,%22prg-1sw-xapgrid%22,%22prg-ads-nomai%22,%22prg-adspeek%22,%22prg-callclrbld%22,%22prg-cg-leaderboard-c%22,%22prg-cg-sidebar-c%22,%22prg-cm-csopsp%22,%22prg-cm-sopfi%22,%22prg-cm-sopfi1%22,%22prg-crep-vid-e2%22,%22prg-ct-enable-sw%22,%22prg-cunify1s%22,%22prg-deeplinkfix-c%22,%22prg-enable-ccache%22,%22prg-hpwtchctrl%22,%22prg-ias%22,%22prg-imm-superip%22,%22prg-immmb-superip%22,%22prg-persfeed%22,%22prg-pintotaskbar-cf%22,%22prg-pr2-1sauth%22,%22prg-pr2-cachemic%22,%22prg-pr2-cbshop2%22,%22prg-pr2-csnbsd10km3%22,%22prg-pr2-immtr-nc%22,%22prg-pr2-info3sld%22,%22prg-pr2-inptrnc%22,%22prg-pr2-nocs%22,%22prg-pr2-nowcast2%22,%22prg-pr2-rrail-c%22,%22prg-pr2-setbtn-c%22,%22prg-pr2-spotify-c%22,%22prg-pr2-thnn-r%22,%22prg-rrwc-c-new%22,%22prg-sh-bdnews%22,%22prg-sh-cart%22,%22prg-sh-mustoffc%22,%22prg-sh-sprdls2%22,%22prg-sh-taxenabled%22,%22prg-sh-unifyadd%22,%22prg-sh-usecpm%22,%22prg-share-rf2c%22,%22prg-sp-liveapi%22,%22prg-spr-enewapi%22,%22prg-spr-enewmsapi%22,%22prg-spr-rv-mmszi%22,%22prg-spr-tm-mmszi%22,%22prg-tat-dhc-c%22,%22prg-ugc-cttsearch1%22,%22prg-ugc-nosurvey%22,%22prg-upsaip-r-t%22,%22prg-upsaip-w1-t%22,%22prg-wea-greetprv%22,%22prg-whpgridbyregionc%22,%22prg-winhp-sdt4dual%22,%22prg-wsuperip-p2%22,%22prg-wtch-annctrcv2%22,%22prg-wtch-blv3t11%22,%22prg-wtch-ofe8r1%22,%22prg-wtchdisp%22,%22prg-wx-anmpr%22,%22prg-wx-dhgrd%22,%22prg-wx-mpretry1s%22,%22prg-wx-prerenmap%22,%22prg-wx-sbn-vm%22,%22prg-wx-swtpwi%22]}"
            },
            {
              "CompressionType": "",
              "DataType": "text/html",
              "DownloadTime": 235,
              "EventId": 412,
              "HttpStatus": 200,
              "Size": 35045,
              "URL": "https://ntp.msn.com/edge/ntp?locale=en-US&title=New%20tab&dsp=1&sp=Bing&startpage=1&PC=U531&prerender=1"
            },
            {
              "CompressionType": "",
              "DataType": "text/html",
              "DownloadTime": 344,
              "EventId": 92,
              "HttpStatus": 200,
              "Size": 35045,
              "URL": "https://ntp.msn.com/edge/ntp?locale=en-US&title=New%20tab&dsp=1&sp=Bing&startpage=1&PC=U531&prerender=1"
            }
          ],
          "SSLCipher": "",
          "SSLVersion": ""
        },
        {
          "HTTPVersion": "HTTP/1.1",
          "IP": "2.22.54.96",
          "IncludeInScript": false,
          "Name": "assets.msn.com",
          "Port": 443,
          "Requests": [
            {
              "CompressionType": "",
              "DataType": "application/json",
              "DownloadTime": 297,
              "EventId": 551,
              "HttpStatus": 304,
              "Size": 0,
              "URL": "https://assets.msn.com/content/v1/cms/api/amp/Document/BB14i9Qh"
            },
            {
              "CompressionType": "",
              "DataType": "application/json",
              "DownloadTime": 172,
              "EventId": 549,
              "HttpStatus": 304,
              "Size": 0,
              "URL": "https://assets.msn.com/content/v1/cms/api/amp/Document/BBP57ma"
            },
            {
              "CompressionType": "",
              "DataType": "application/json",
              "DownloadTime": 172,
              "EventId": 547,
              "HttpStatus": 304,
              "Size": 0,
              "URL": "https://assets.msn.com/content/v1/cms/api/amp/Document/AAUKhQH"
            },
            {
              "CompressionType": "",
              "DataType": "application/json",
              "DownloadTime": 250,
              "EventId": 545,
              "HttpStatus": 304,
              "Size": 0,
              "URL": "https://assets.msn.com/content/v1/cms/api/amp/Document/BBZRtCK"
            },
            {
              "CompressionType": "",
              "DataType": "application/json",
              "DownloadTime": 312,
              "EventId": 534,
              "HttpStatus": 304,
              "Size": 0,
              "URL": "https://assets.msn.com/content/v1/cms/api/amp/Document/BB10E6Or"
            },
            {
              "CompressionType": "",
              "DataType": "application/json",
              "DownloadTime": 218,
              "EventId": 529,
              "HttpStatus": 304,
              "Size": 0,
              "URL": "https://assets.msn.com/breakingnews/v1/cms/api/amp/article/AA1ZJNN"
            },
            {
              "CompressionType": "",
              "DataType": "application/json",
              "DownloadTime": 235,
              "EventId": 525,
              "HttpStatus": 304,
              "Size": 0,
              "URL": "https://assets.msn.com/content/v1/cms/api/amp/Document/AAQZQUs"
            },
            {
              "CompressionType": "gzip",
              "DataType": "application/json",
              "DownloadTime": 250,
              "EventId": 523,
              "HttpStatus": 200,
              "Size": 442,
              "URL": "https://assets.msn.com/service/News/Users/me/Rewards?apikey=1hYoJsIRvPEnSkk0hlnJF2092mHqiz7xFenIFKa9uc&activityId=49EE0406-73DF-4644-9E52-D375D0A9E57B&ocid=rewards-peregrine&cm=en-ca&it=app&user=m-08E2288EABF7645029433A9CAADD6558&scn=APP_ANON&version=2"
            },
            {
              "CompressionType": "",
              "DataType": "application/json",
              "DownloadTime": 234,
              "EventId": 517,
              "HttpStatus": 304,
              "Size": 0,
              "URL": "https://assets.msn.com/content/v1/cms/api/amp/Document/BBZRacE"
            },
            {
              "CompressionType": "",
              "DataType": "application/json",
              "DownloadTime": 203,
              "EventId": 513,
              "HttpStatus": 304,
              "Size": 0,
              "URL": "https://assets.msn.com/content/v1/cms/api/amp/Document/AAAMZwI"
            },
            {
              "CompressionType": "",
              "DataType": "application/json",
              "DownloadTime": 187,
              "EventId": 511,
              "HttpStatus": 304,
              "Size": 0,
              "URL": "https://assets.msn.com/content/v1/cms/api/amp/Document/BB1eLvkK"
            },
            {
              "CompressionType": "",
              "DataType": "application/json",
              "DownloadTime": 187,
              "EventId": 509,
              "HttpStatus": 304,
              "Size": 0,
              "URL": "https://assets.msn.com/content/v1/cms/api/amp/Document/BBXZUWo"
            },
            {
              "CompressionType": "",
              "DataType": "application/json",
              "DownloadTime": 265,
              "EventId": 507,
              "HttpStatus": 304,
              "Size": 0,
              "URL": "https://assets.msn.com/content/v1/cms/api/amp/Document/BB18LjEV"
            },
            {
              "CompressionType": "",
              "DataType": "application/json",
              "DownloadTime": 203,
              "EventId": 503,
              "HttpStatus": 304,
              "Size": 0,
              "URL": "https://assets.msn.com/content/v1/cms/api/amp/Document/BB13LhyC"
            },
            {
              "CompressionType": "",
              "DataType": "application/json",
              "DownloadTime": 266,
              "EventId": 495,
              "HttpStatus": 304,
              "Size": 0,
              "URL": "https://assets.msn.com/content/v1/cms/api/amp/Document/BB14pN6J"
            },
            {
              "CompressionType": "",
              "DataType": "application/json",
              "DownloadTime": 281,
              "EventId": 493,
              "HttpStatus": 304,
              "Size": 0,
              "URL": "https://assets.msn.com/content/v1/cms/api/amp/Document/BB1gzN7f"
            },
            {
              "CompressionType": "",
              "DataType": "application/json",
              "DownloadTime": 172,
              "EventId": 491,
              "HttpStatus": 304,
              "Size": 0,
              "URL": "https://assets.msn.com/content/v1/cms/api/amp/Document/BBY3XmH"
            },
            {
              "CompressionType": "",
              "DataType": "application/json",
              "DownloadTime": 250,
              "EventId": 489,
              "HttpStatus": 304,
              "Size": 0,
              "URL": "https://assets.msn.com/content/v1/cms/api/amp/Document/AAUKhHF"
            },
            {
              "CompressionType": "",
              "DataType": "application/json",
              "DownloadTime": 156,
              "EventId": 487,
              "HttpStatus": 304,
              "Size": 0,
              "URL": "https://assets.msn.com/content/v1/cms/api/amp/Document/AA12DeH0"
            },
            {
              "CompressionType": "",
              "DataType": "application/json",
              "DownloadTime": 266,
              "EventId": 484,
              "HttpStatus": 304,
              "Size": 0,
              "URL": "https://assets.msn.com/content/v1/cms/api/amp/Document/AA12Dkv9"
            },
            {
              "CompressionType": "gzip",
              "DataType": "application/json",
              "DownloadTime": 609,
              "EventId": 472,
              "HttpStatus": 200,
              "Size": 79388,
              "URL": "https://assets.msn.com/service/news/feed/pages/ntp?User=m-08E2288EABF7645029433A9CAADD6558&activityId=49EE0406-73DF-4644-9E52-D375D0A9E57B&apikey=0QfOX3Vn51YCzitbLaRkTTBadtWpgTN8NZLW0C1SEM&audienceMode=adult&caller=bgtask&cm=en-ca&contentType=article,video,slideshow,webcontent&dhp=1&duotone=true&infopaneCount=26&it=app&memory=8&newsSkip=0&newsTop=48&ocid=anaheim-ntp-feeds&prerender=1&scn=APP_ANON&timeOut=1000&wposchema=byregion"
            },
            {
              "CompressionType": "",
              "DataType": "application/json",
              "DownloadTime": 219,
              "EventId": 469,
              "HttpStatus": 304,
              "Size": 0,
              "URL": "https://assets.msn.com/content/v1/cms/api/amp/Document/AA14ak2A"
            },
            {
              "CompressionType": "",
              "DataType": "application/json",
              "DownloadTime": 250,
              "EventId": 464,
              "HttpStatus": 304,
              "Size": 0,
              "URL": "https://assets.msn.com/content/v1/cms/api/amp/Document/BBOTMVt"
            },
            {
              "CompressionType": "gzip",
              "DataType": "application/json",
              "DownloadTime": 922,
              "EventId": 433,
              "HttpStatus": 200,
              "Size": 80990,
              "URL": "https://assets.msn.com/service/news/feed/pages/ntp?User=m-08E2288EABF7645029433A9CAADD6558&activityId=29FC27AF-096F-4DEB-8A45-E260381405DC&apikey=0QfOX3Vn51YCzitbLaRkTTBadtWpgTN8NZLW0C1SEM&audienceMode=adult&caller=bgtask&cm=en-ca&contentType=article,video,slideshow,webcontent&dhp=1&duotone=true&infopaneCount=26&it=app&memory=8&newsSkip=0&newsTop=48&ocid=anaheim-ntp-feeds&prerender=1&scn=APP_ANON&timeOut=1000&wposchema=byregion"
            },
            {
              "CompressionType": "",
              "DataType": "application/json",
              "DownloadTime": 156,
              "EventId": 410,
              "HttpStatus": 304,
              "Size": 0,
              "URL": "https://assets.msn.com/content/v1/cms/api/amp/Document/AA19e3tG"
            },
            {
              "CompressionType": "",
              "DataType": "application/json",
              "DownloadTime": 235,
              "EventId": 399,
              "HttpStatus": 304,
              "Size": 0,
              "URL": "https://assets.msn.com/content/v1/cms/api/amp/Document/BBI4FN9"
            }
          ],
          "SSLCipher": "",
          "SSLVersion": ""
        },
        {
          "HTTPVersion": "HTTP/1.1",
          "IP": "204.79.197.203",
          "IncludeInScript": false,
          "Name": "api.msn.com",
          "Port": 443,
          "Requests": [
            {
              "CompressionType": "br",
              "DataType": "application/json",
              "DownloadTime": 375,
              "EventId": 466,
              "HttpStatus": 200,
              "Size": 6,
              "URL": "https://api.msn.com/auth/cookie/appanon?apikey=1hYoJsIRvPEnSkk0hlnJF2092mHqiz7xFenIFKa9uc&ocid=authconstants-peregrine&activityId=49EE0406-73DF-4644-9E52-D375D0A9E57B&scn=app_anon"
            },
            {
              "CompressionType": "br",
              "DataType": "application/json",
              "DownloadTime": 375,
              "EventId": 430,
              "HttpStatus": 200,
              "Size": 6,
              "URL": "https://api.msn.com/auth/cookie/appanon?scn=app_anon&ocid=authconstants-peregrine&apikey=1hYoJsIRvPEnSkk0hlnJF2092mHqiz7xFenIFKa9uc&activityId=49EE040673DF46449E52D375D0A9E57B"
            },
            {
              "CompressionType": "br",
              "DataType": "application/json",
              "DownloadTime": 500,
              "EventId": 393,
              "HttpStatus": 200,
              "Size": 6,
              "URL": "https://api.msn.com/auth/cookie/appanon?apikey=1hYoJsIRvPEnSkk0hlnJF2092mHqiz7xFenIFKa9uc&ocid=authconstants-peregrine&activityId=29FC27AF-096F-4DEB-8A45-E260381405DC&scn=app_anon"
            },
            {
              "CompressionType": "br",
              "DataType": "application/json",
              "DownloadTime": 234,
              "EventId": 353,
              "HttpStatus": 200,
              "Size": 6,
              "URL": "https://api.msn.com/auth/cookie/appanon?scn=app_anon&ocid=authconstants-peregrine&apikey=1hYoJsIRvPEnSkk0hlnJF2092mHqiz7xFenIFKa9uc&activityId=29FC27AF096F4DEB8A45E260381405DC"
            }
          ],
          "SSLCipher": "ECDHE-RSA-AES256-GCM-SHA384",
          "SSLVersion": "TLS1.2"
        }
      ],
      "IncludeInScript": true
    },
    {
      "DomainName": "microsoft.com",
      "Domains": [
        {
          "HTTPVersion": "HTTP/1.1",
          "IP": "20.67.143.122",
          "IncludeInScript": true,
          "Name": "nav-edge.smartscreen.microsoft.com",
          "Port": 443,
          "Requests": [
            {
              "CompressionType": "",
              "DataType": "application/json",
              "DownloadTime": 281,
              "EventId": 204,
              "HttpStatus": 200,
              "Size": 2864,
              "URL": "https://nav-edge.smartscreen.microsoft.com/api/browser/edge/navigate/3"
            },
            {
              "CompressionType": "",
              "DataType": "application/json",
              "DownloadTime": 265,
              "EventId": 202,
              "HttpStatus": 200,
              "Size": 2874,
              "URL": "https://nav-edge.smartscreen.microsoft.com/api/browser/edge/navigate/3"
            },
            {
              "CompressionType": "",
              "DataType": "application/json",
              "DownloadTime": 250,
              "EventId": 192,
              "HttpStatus": 200,
              "Size": 2860,
              "URL": "https://nav-edge.smartscreen.microsoft.com/api/browser/edge/navigate/3"
            },
            {
              "CompressionType": "",
              "DataType": "application/json",
              "DownloadTime": 281,
              "EventId": 90,
              "HttpStatus": 200,
              "Size": 2834,
              "URL": "https://nav-edge.smartscreen.microsoft.com/api/browser/edge/navigate/3"
            },
            {
              "CompressionType": "",
              "DataType": "application/json",
              "DownloadTime": 219,
              "EventId": 84,
              "HttpStatus": 200,
              "Size": 2768,
              "URL": "https://nav-edge.smartscreen.microsoft.com/api/browser/edge/navigate/3"
            }
          ],
          "SSLCipher": "",
          "SSLVersion": ""
        },
        {
          "HTTPVersion": "HTTP/1.1",
          "IP": "20.67.143.122",
          "IncludeInScript": true,
          "Name": "data-edge.smartscreen.microsoft.com",
          "Port": 443,
          "Requests": [
            {
              "CompressionType": "",
              "DataType": "application/octet-stream",
              "DownloadTime": 171,
              "EventId": 209,
              "HttpStatus": 200,
              "Size": 76,
              "URL": "https://data-edge.smartscreen.microsoft.com/api/browser/edge/data/bloomfilter/x/3?pushcert=false&flight=%7b%22etag%22%3a%22%5c%22mskcjc2st6drsnuepbxevpyti1ae0qq2osrosoun%2b7m%3d%5c%22%22%2c%22ids%22%3a%5b%22p-r-1021007-4-5%2cp-r-99770-9-32%2cp-r-86682-4-39%2cp-r-73000-7-30%2cp-r-72999-7-29%2cp-r-70204-3-18%2cp-r-69385-1-5%2cp-r-68026-3-37%2cp-r-68490-1-3%2cp-r-68172-2-4%2cp-r-68175-1-6%2cp-r-68176-2-8%2cp-r-68179-1-3%2cp-r-68306-1-20%2cp-r-68307-1-3%2cp-d-68194-1-2%22%5d%2c%22settings%22%3a%7b%22names%22%3anull%2c%22ring%22%3a0%2c%22models%22%3anull%2c%22serviceclientmodeldetonate%22%3afalse%2c%22wdsifeedback%22%3afalse%2c%22npfeedbackurioverride%22%3anull%2c%22networkfilterdetonate%22%3afalse%2c%22servicephishdetonate%22%3afalse%2c%22servicephishdetonatelegacy%22%3afalse%2c%22serviceadhocdetonate%22%3afalse%2c%22npsettings2004%22%3atrue%2c%22updatesigningcert%22%3atrue%2c%22updatesigningcertforrs3rs4%22%3atrue%2c%22npsettings2004value%22%3a0%2c%22iscocoblockenabled%22%3afalse%2c%22npipblockoverridevalue%22%3a0%2c%22toptrafficv2enabled%22%3atrue%2c%22listapie5v2enabled%22%3atrue%2c%22isnppioverrideblockenabled%22%3atrue%2c%22toptrafficv2mobileflightenabled%22%3afalse%2c%22bloomfilterdeltaflag%22%3a1%2c%22srceopenabled%22%3atrue%2c%22iscurfid0loggingenabled%22%3atrue%2c%22iscurfid0blockingenabled%22%3afalse%2c%22updateonmissingetagenabled%22%3atrue%2c%22enableproxyleniency%22%3atrue%2c%22isarsfmsintegrationenabled%22%3atrue%2c%22enablenshumormatch%22%3atrue%2c%22applynshumorverdict%22%3afalse%2c%22enablenpskipnonweb%22%3afalse%2c%22sendgeomapinsettingstonewanaheimclient%22%3atrue%2c%22umssrcphishbnrtenabled%22%3afalse%2c%22mtdthrottlefactor%22%3a0.0%2c%22unsilencemodelguid%22%3anull%7d%7d&os=10.0.22621.1555.ni_release"
            }
          ],
          "SSLCipher": "",
          "SSLVersion": ""
        }
      ],
      "IncludeInScript": true
    },
    {
      "DomainName": "bing.com",
      "Domains": [
        {
          "HTTPVersion": "HTTP/1.1",
          "IP": "88.221.25.120",
          "IncludeInScript": true,
          "Name": "www.bing.com",
          "Port": 443,
          "Requests": [
            {
              "CompressionType": "",
              "DataType": "application/json",
              "DownloadTime": 328,
              "EventId": 402,
              "HttpStatus": 200,
              "Size": 18,
              "URL": "https://www.bing.com/api/shopping/v1/telemetry"
            },
            {
              "CompressionType": "",
              "DataType": "application/json",
              "DownloadTime": 281,
              "EventId": 370,
              "HttpStatus": 200,
              "Size": 2944,
              "URL": "https://www.bing.com/api/shopping/v1/item/search?appid=67220BD2169C2EA709984467C21494086DF8CA85&features=persnlcashback&sf=cashback1"
            },
            {
              "CompressionType": "",
              "DataType": "application/json",
              "DownloadTime": 235,
              "EventId": 241,
              "HttpStatus": 200,
              "Size": 398511,
              "URL": "https://www.bing.com/bloomfilterfiles/DomainsFilterGlobal.json"
            }
          ],
          "SSLCipher": "TLS_AES_256_GCM_SHA384",
          "SSLVersion": "TLS1.3"
        }
      ],
      "IncludeInScript": true
    },
    {
      "DomainName": "akamaized.net",
      "Domains": [
        {
          "HTTPVersion": "HTTP/1.1",
          "IP": "95.101.21.41",
          "IncludeInScript": true,
          "Name": "img-s-msn-com.akamaized.net",
          "Port": 443,
          "Requests": [
            {
              "CompressionType": "",
              "DataType": "image/png",
              "DownloadTime": 187,
              "EventId": 501,
              "HttpStatus": 200,
              "Size": 512,
              "URL": "https://img-s-msn-com.akamaized.net/tenant/amp/entityid/AA14HnBT?w=16&h=16&q=100&m=6&f=png&u=t"
            },
            {
              "CompressionType": "",
              "DataType": "image/png",
              "DownloadTime": 250,
              "EventId": 497,
              "HttpStatus": 200,
              "Size": 1126,
              "URL": "https://img-s-msn-com.akamaized.net/tenant/amp/entityid/BBH3Kvo?w=16&h=16&q=100&m=6&f=png&u=t"
            }
          ],
          "SSLCipher": "",
          "SSLVersion": ""
        }
      ],
      "IncludeInScript": true
    },
    {
      "DomainName": "127.0.0.1",
      "Domains": [
        {
          "HTTPVersion": "HTTP/1.1",
          "IP": "127.0.0.1",
          "IncludeInScript": true,
          "Name": "127.0.0.1",
          "Port": 1080,
          "Requests": [
            {
              "CompressionType": "",
              "DataType": "text/html",
              "DownloadTime": 141,
              "EventId": 566,
              "HttpStatus": 200,
              "Size": 1030,
              "URL": "http://127.0.0.1:1080/cgi-bin/error.pl?error=badPassword"
            },
            {
              "CompressionType": "",
              "DataType": "text/html",
              "DownloadTime": 172,
              "EventId": 561,
              "HttpStatus": 200,
              "Size": 1495,
              "URL": "http://127.0.0.1:1080/cgi-bin/nav.pl?username=jojo1&password=j2ee"
            },
            {
              "CompressionType": "",
              "DataType": "text/html",
              "DownloadTime": 125,
              "EventId": 557,
              "HttpStatus": 200,
              "Size": 453,
              "URL": "http://127.0.0.1:1080/cgi-bin/login.pl"
            },
            {
              "CompressionType": "",
              "DataType": "text/html",
              "DownloadTime": 31,
              "EventId": 185,
              "HttpStatus": 404,
              "Size": 209,
              "URL": "http://127.0.0.1:1080/favicon.ico"
            },
            {
              "CompressionType": "",
              "DataType": "image/gif",
              "DownloadTime": 31,
              "EventId": 138,
              "HttpStatus": 200,
              "Size": 679,
              "URL": "http://127.0.0.1:1080/WebTours/images/mer_login.gif"
            },
            {
              "CompressionType": "",
              "DataType": "text/html",
              "DownloadTime": 15,
              "EventId": 134,
              "HttpStatus": 200,
              "Size": 1361,
              "URL": "http://127.0.0.1:1080/WebTours/home.html"
            },
            {
              "CompressionType": "",
              "DataType": "text/html",
              "DownloadTime": 297,
              "EventId": 127,
              "HttpStatus": 200,
              "Size": 1486,
              "URL": "http://127.0.0.1:1080/cgi-bin/nav.pl?in=home"
            },
            {
              "CompressionType": "",
              "DataType": "image/png",
              "DownloadTime": 15,
              "EventId": 117,
              "HttpStatus": 200,
              "Size": 4187,
              "URL": "http://127.0.0.1:1080/WebTours/images/webtours.png"
            },
            {
              "CompressionType": "",
              "DataType": "image/png",
              "DownloadTime": 62,
              "EventId": 115,
              "HttpStatus": 200,
              "Size": 601,
              "URL": "http://127.0.0.1:1080/WebTours/images/hp_logo.png"
            },
            {
              "CompressionType": "",
              "DataType": "text/html",
              "DownloadTime": 328,
              "EventId": 103,
              "HttpStatus": 200,
              "Size": 686,
              "URL": "http://127.0.0.1:1080/cgi-bin/welcome.pl?signOff=true"
            },
            {
              "CompressionType": "",
              "DataType": "text/html",
              "DownloadTime": 31,
              "EventId": 78,
              "HttpStatus": 200,
              "Size": 710,
              "URL": "http://127.0.0.1:1080/WebTours/header.html"
            },
            {
              "CompressionType": "",
              "DataType": "text/html",
              "DownloadTime": 16,
              "EventId": 54,
              "HttpStatus": 200,
              "Size": 366,
              "URL": "http://127.0.0.1:1080/WebTours/"
            },
            {
              "CompressionType": "",
              "DataType": "text/html",
              "DownloadTime": 16,
              "EventId": 28,
              "HttpStatus": 301,
              "Size": 239,
              "URL": "http://127.0.0.1:1080/WebTours"
            }
          ],
          "SSLCipher": "None",
          "SSLVersion": "None"
        }
      ],
      "IncludeInScript": true
    }
  ],
  "WebSocket": {
    "IncludeInScript": false,
    "IsScriptIncludeWebSocket": false
  },
  "NumberOfCorrelations": 1
}