[{"pendingBalance":0.0,"walletId":11442,"lastUpdated":"2022-08-08 T 23:03:01","emailAddress":"capslock@abc.com","walletHolderType":"MERCHANT","currentBalance":0.0,"name":"cntltab","msisdn":"2022080813548","availableBalance":0.0},{"pendingBalance":0.0,"walletId":11438,"lastUpdated":"2022-08-08 T 14:56:33","emailAddress":"capslock@abc.com","walletHolderType":"MERCHANT","currentBalance":0.0,"name":"capslock","msisdn":"2022080829871","availableBalance":0.0},{"pendingBalance":0.0,"walletId":11443,"lastUpdated":"2022-08-08 T 23:49:12","emailAddress":"capslock@abc.com","walletHolderType":"MERCHANT","currentBalance":0.0,"name":"cnlcaps","msisdn":"2022080832782","availableBalance":0.0},{"pendingBalance":0.0,"walletId":11437,"lastUpdated":"2022-08-08 T 14:53:01","emailAddress":"capslock@abc.com","walletHolderType":"MERCHANT","currentBalance":0.0,"name":"capslock","msisdn":"202208084411","availableBalance":0.0},{"pendingBalance":0.0,"walletId":11427,"lastUpdated":"2022-08-08 T 04:42:52","emailAddress":"capslock@abc.com","walletHolderType":"MERCHANT","currentBalance":0.0,"name":"capslock","msisdn":"2022080856430","availableBalance":0.0},{"pendingBalance":0.0,"walletId":11436,"lastUpdated":"2022-08-08 T 13:51:29","emailAddress":"capslock@abc.com","walletHolderType":"MERCHANT","currentBalance":0.0,"name":"capslock","msisdn":"2022080887521","availableBalance":0.0},{"pendingBalance":0.0,"walletId":11445,"lastUpdated":"2022-08-09 T 00:57:54","emailAddress":"capslock@abc.com","walletHolderType":"MERCHANT","currentBalance":0.0,"name":"cntcapss","msisdn":"2022080951507","availableBalance":0.0},{"pendingBalance":0.0,"walletId":11457,"lastUpdated":"2022-08-09 T 07:43:54","emailAddress":"capslock@abc.com","walletHolderType":"MERCHANT","currentBalance":0.0,"name":"capslock","msisdn":"202208095426","availableBalance":0.0},{"pendingBalance":0.0,"walletId":11446,"lastUpdated":"2022-08-09 T 02:05:31","emailAddress":"capslocks@abc.com","walletHolderType":"MERCHANT","currentBalance":0.0,"name":"ctrtabs","msisdn":"2022080956002","availableBalance":0.0},{"pendingBalance":0.0,"walletId":11444,"lastUpdated":"2022-08-09 T 00:24:55","emailAddress":"capslock@abc.com","walletHolderType":"MERCHANT","currentBalance":0.0,"name":"ctlcaps","msisdn":"2022080973481","availableBalance":0.0},{"pendingBalance":0.0,"walletId":11456,"lastUpdated":"2022-08-09 T 06:00:56","emailAddress":"capslock@abc.com","walletHolderType":"MERCHANT","currentBalance":0.0,"name":"capslock","msisdn":"2022080990277","availableBalance":0.0},{"pendingBalance":0.0,"walletId":11739,"lastUpdated":"2022-08-16 T 16:07:33","emailAddress":"capslock@abc.com","walletHolderType":"MERCHANT","currentBalance":0.0,"name":"JJGTZ","msisdn":"2022081615644","availableBalance":0.0},{"pendingBalance":0.0,"walletId":11732,"lastUpdated":"2022-08-16 T 04:42:50","emailAddress":"capslock@abc.com","walletHolderType":"MERCHANT","currentBalance":0.0,"name":"XMGBI","msisdn":"2022081619009","availableBalance":0.0},{"pendingBalance":0.0,"walletId":11737,"lastUpdated":"2022-08-16 T 16:06:17","emailAddress":"capslock@abc.com","walletHolderType":"MERCHANT","currentBalance":0.0,"name":"QYWMF","msisdn":"2022081629159","availableBalance":0.0},{"pendingBalance":0.0,"walletId":11733,"lastUpdated":"2022-08-16 T 04:46:33","emailAddress":"capslock@abc.com","walletHolderType":"MERCHANT","currentBalance":0.0,"name":"HCYID","msisdn":"2022081632631","availableBalance":0.0},{"pendingBalance":0.0,"walletId":11742,"lastUpdated":"2022-08-16 T 16:08:06","emailAddress":"capslock@abc.com","walletHolderType":"MERCHANT","currentBalance":0.0,"name":"EEAGL","msisdn":"2022081632779","availableBalance":0.0},{"pendingBalance":0.0,"walletId":11736,"lastUpdated":"2022-08-16 T 16:06:02","emailAddress":"capslock@abc.com","walletHolderType":"MERCHANT","currentBalance":0.0,"name":"XOZDT","msisdn":"2022081633603","availableBalance":0.0},{"pendingBalance":0.0,"walletId":11743,"lastUpdated":"2022-08-16 T 16:08:19","emailAddress":"capslock@abc.com","walletHolderType":"MERCHANT","currentBalance":0.0,"name":"QJLUM","msisdn":"2022081637425","availableBalance":0.0},{"pendingBalance":0.0,"walletId":11731,"lastUpdated":"2022-08-16 T 04:40:10","emailAddress":"capslock@abc.com","walletHolderType":"MERCHANT","currentBalance":0.0,"name":"FEVBP","msisdn":"2022081640193","availableBalance":0.0},{"pendingBalance":0.0,"walletId":11740,"lastUpdated":"2022-08-16 T 16:07:44","emailAddress":"capslock@abc.com","walletHolderType":"MERCHANT","currentBalance":0.0,"name":"JJPEW","msisdn":"2022081641961","availableBalance":0.0},{"pendingBalance":0.0,"walletId":11735,"lastUpdated":"2022-08-16 T 16:05:47","emailAddress":"capslock@abc.com","walletHolderType":"MERCHANT","currentBalance":0.0,"name":"DYYRK","msisdn":"2022081642864","availableBalance":0.0},{"pendingBalance":0.0,"walletId":11738,"lastUpdated":"2022-08-16 T 16:06:34","emailAddress":"capslock@abc.com","walletHolderType":"MERCHANT","currentBalance":0.0,"name":"REJMS","msisdn":"2022081646820","availableBalance":0.0},{"pendingBalance":0.0,"walletId":11729,"lastUpdated":"2022-08-16 T 04:31:15","emailAddress":"capslock@abc.com","walletHolderType":"MERCHANT","currentBalance":0.0,"name":"MJVSB","msisdn":"2022081651262","availableBalance":0.0},{"pendingBalance":0.0,"walletId":11730,"lastUpdated":"2022-08-16 T 04:36:35","emailAddress":"capslock@abc.com","walletHolderType":"MERCHANT","currentBalance":0.0,"name":"MHGPN","msisdn":"2022081663341","availableBalance":0.0},{"pendingBalance":0.0,"walletId":11741,"lastUpdated":"2022-08-16 T 16:07:50","emailAddress":"capslock@abc.com","walletHolderType":"MERCHANT","currentBalance":0.0,"name":"KFG","msisdn":"2022081668840","availableBalance":0.0},{"pendingBalance":0.0,"walletId":11734,"lastUpdated":"2022-08-16 T 16:05:39","emailAddress":"capslock@abc.com","walletHolderType":"MERCHANT","currentBalance":0.0,"name":"DMDP","msisdn":"2022081684344","availableBalance":0.0},{"pendingBalance":0.0,"walletId":11801,"lastUpdated":"2022-08-17 T 22:31:02","emailAddress":"capslock@abc.com","walletHolderType":"MERCHANT","currentBalance":0.0,"name":"KXXB","msisdn":"2022081710097","availableBalance":0.0},{"pendingBalance":0.0,"walletId":11800,"lastUpdated":"2022-08-17 T 22:31:02","emailAddress":"capslock@abc.com","walletHolderType":"MERCHANT","currentBalance":0.0,"name":"DAPWD","msisdn":"2022081710597","availableBalance":0.0},{"pendingBalance":0.0,"walletId":11773,"lastUpdated":"2022-08-17 T 20:59:48","emailAddress":"capslock@abc.com","walletHolderType":"MERCHANT","currentBalance":0.0,"name":"IEIBF","msisdn":"2022081710910","availableBalance":0.0},{"pendingBalance":0.0,"walletId":11818,"lastUpdated":"2022-08-17 T 22:36:48","emailAddress":"capslock@abc.com","walletHolderType":"MERCHANT","currentBalance":0.0,"name":"DIRCV","msisdn":"2022081712063","availableBalance":0.0},{"pendingBalance":0.0,"walletId":11786,"lastUpdated":"2022-08-17 T 21:18:44","emailAddress":"capslock@abc.com","walletHolderType":"MERCHANT","currentBalance":0.0,"name":"QKYX","msisdn":"2022081715529","availableBalance":0.0},{"pendingBalance":0.0,"walletId":11807,"lastUpdated":"2022-08-17 T 22:34:06","emailAddress":"capslock@abc.com","walletHolderType":"MERCHANT","currentBalance":0.0,"name":"CDAVZ","msisdn":"2022081715979","availableBalance":0.0},{"pendingBalance":0.0,"walletId":11769,"lastUpdated":"2022-08-17 T 20:58:49","emailAddress":"capslock@abc.com","walletHolderType":"MERCHANT","currentBalance":0.0,"name":"OHYMH","msisdn":"2022081716578","availableBalance":0.0},{"pendingBalance":0.0,"walletId":11793,"lastUpdated":"2022-08-17 T 21:21:22","emailAddress":"capslock@abc.com","walletHolderType":"MERCHANT","currentBalance":0.0,"name":"COQGP","msisdn":"2022081718232","availableBalance":0.0},{"pendingBalance":0.0,"walletId":11803,"lastUpdated":"2022-08-17 T 22:31:02","emailAddress":"capslock@abc.com","walletHolderType":"MERCHANT","currentBalance":0.0,"name":"LXOSL","msisdn":"2022081719794","availableBalance":0.0},{"pendingBalance":0.0,"walletId":11810,"lastUpdated":"2022-08-17 T 22:34:06","emailAddress":"capslock@abc.com","walletHolderType":"MERCHANT","currentBalance":0.0,"name":"DZFWD","msisdn":"2022081720299","availableBalance":0.0},{"pendingBalance":0.0,"walletId":11777,"lastUpdated":"2022-08-17 T 21:01:28","emailAddress":"capslock@abc.com","walletHolderType":"MERCHANT","currentBalance":0.0,"name":"VBOUO","msisdn":"2022081723063","availableBalance":0.0},{"pendingBalance":0.0,"walletId":11823,"lastUpdated":"2022-08-17 T 22:36:48","emailAddress":"capslock@abc.com","walletHolderType":"MERCHANT","currentBalance":0.0,"name":"PZNDH","msisdn":"2022081727242","availableBalance":0.0},{"pendingBalance":0.0,"walletId":11792,"lastUpdated":"2022-08-17 T 21:21:01","emailAddress":"capslock@abc.com","walletHolderType":"MERCHANT","currentBalance":0.0,"name":"RKVNK","msisdn":"2022081727887","availableBalance":0.0},{"pendingBalance":0.0,"walletId":11781,"lastUpdated":"2022-08-17 T 21:02:58","emailAddress":"capslock@abc.com","walletHolderType":"MERCHANT","currentBalance":0.0,"name":"OCDWW","msisdn":"2022081732445","availableBalance":0.0},{"pendingBalance":0.0,"walletId":11815,"lastUpdated":"2022-08-17 T 22:36:48","emailAddress":"capslock@abc.com","walletHolderType":"MERCHANT","currentBalance":0.0,"name":"USLFY","msisdn":"2022081733539","availableBalance":0.0},{"pendingBalance":0.0,"walletId":11778,"lastUpdated":"2022-08-17 T 21:01:37","emailAddress":"capslock@abc.com","walletHolderType":"MERCHANT","currentBalance":0.0,"name":"MYKJG","msisdn":"202208173401","availableBalance":0.0},{"pendingBalance":0.0,"walletId":11819,"lastUpdated":"2022-08-17 T 22:36:48","emailAddress":"capslock@abc.com","walletHolderType":"MERCHANT","currentBalance":0.0,"name":"NVRR","msisdn":"2022081734652","availableBalance":0.0},{"pendingBalance":0.0,"walletId":11809,"lastUpdated":"2022-08-17 T 22:34:06","emailAddress":"capslock@abc.com","walletHolderType":"MERCHANT","currentBalance":0.0,"name":"ZKYKQ","msisdn":"202208173911","availableBalance":0.0},{"pendingBalance":0.0,"walletId":11794,"lastUpdated":"2022-08-17 T 22:31:02","emailAddress":"capslock@abc.com","walletHolderType":"MERCHANT","currentBalance":0.0,"name":"MVRZE","msisdn":"2022081740148","availableBalance":0.0},{"pendingBalance":0.0,"walletId":11798,"lastUpdated":"2022-08-17 T 22:31:02","emailAddress":"capslock@abc.com","walletHolderType":"MERCHANT","currentBalance":0.0,"name":"UEKJL","msisdn":"2022081740964","availableBalance":0.0},{"pendingBalance":0.0,"walletId":11771,"lastUpdated":"2022-08-17 T 20:59:15","emailAddress":"capslock@abc.com","walletHolderType":"MERCHANT","currentBalance":0.0,"name":"JWQDH","msisdn":"2022081741323","availableBalance":0.0},{"pendingBalance":0.0,"walletId":11775,"lastUpdated":"2022-08-17 T 21:01:13","emailAddress":"capslock@abc.com","walletHolderType":"MERCHANT","currentBalance":0.0,"name":"ESEKF","msisdn":"2022081741460","availableBalance":0.0},{"pendingBalance":0.0,"walletId":11768,"lastUpdated":"2022-08-17 T 14:06:59","emailAddress":"capslock@abc.com","walletHolderType":"MERCHANT","currentBalance":0.0,"name":"XINGE","msisdn":"2022081742551","availableBalance":0.0},{"pendingBalance":0.0,"walletId":11822,"lastUpdated":"2022-08-17 T 22:36:48","emailAddress":"capslock@abc.com","walletHolderType":"MERCHANT","currentBalance":0.0,"name":"JTAG","msisdn":"2022081744776","availableBalance":0.0},{"pendingBalance":0.0,"walletId":11789,"lastUpdated":"2022-08-17 T 21:20:17","emailAddress":"capslock@abc.com","walletHolderType":"MERCHANT","currentBalance":0.0,"name":"ZHYBS","msisdn":"2022081747917","availableBalance":0.0},{"pendingBalance":0.0,"walletId":11774,"lastUpdated":"2022-08-17 T 21:01:10","emailAddress":"capslock@abc.com","walletHolderType":"MERCHANT","currentBalance":0.0,"name":"LBRQN","msisdn":"2022081751864","availableBalance":0.0},{"pendingBalance":0.0,"walletId":11806,"lastUpdated":"2022-08-17 T 22:34:06","emailAddress":"capslock@abc.com","walletHolderType":"MERCHANT","currentBalance":0.0,"name":"GBGGM","msisdn":"2022081753631","availableBalance":0.0},{"pendingBalance":0.0,"walletId":11782,"lastUpdated":"2022-08-17 T 21:03:02","emailAddress":"capslock@abc.com","walletHolderType":"MERCHANT","currentBalance":0.0,"name":"MCURC","msisdn":"2022081753932","availableBalance":0.0},{"pendingBalance":0.0,"walletId":11770,"lastUpdated":"2022-08-17 T 20:58:58","emailAddress":"capslock@abc.com","walletHolderType":"MERCHANT","currentBalance":0.0,"name":"OMLEY","msisdn":"2022081760925","availableBalance":0.0},{"pendingBalance":0.0,"walletId":11766,"lastUpdated":"2022-08-17 T 14:06:05","emailAddress":"capslock@abc.com","walletHolderType":"MERCHANT","currentBalance":0.0,"name":"BEIW","msisdn":"2022081761832","availableBalance":0.0},{"pendingBalance":0.0,"walletId":11817,"lastUpdated":"2022-08-17 T 22:36:48","emailAddress":"capslock@abc.com","walletHolderType":"MERCHANT","currentBalance":0.0,"name":"EKVKC","msisdn":"2022081763964","availableBalance":0.0},{"pendingBalance":0.0,"walletId":11795,"lastUpdated":"2022-08-17 T 22:31:02","emailAddress":"capslock@abc.com","walletHolderType":"MERCHANT","currentBalance":0.0,"name":"ENBNF","msisdn":"202208176505","availableBalance":0.0},{"pendingBalance":0.0,"walletId":11816,"lastUpdated":"2022-08-17 T 22:36:48","emailAddress":"capslock@abc.com","walletHolderType":"MERCHANT","currentBalance":0.0,"name":"DGWOF","msisdn":"2022081767280","availableBalance":0.0},{"pendingBalance":0.0,"walletId":11784,"lastUpdated":"2022-08-17 T 21:18:30","emailAddress":"capslock@abc.com","walletHolderType":"MERCHANT","currentBalance":0.0,"name":"JAFV","msisdn":"202208176872","availableBalance":0.0},{"pendingBalance":0.0,"walletId":11767,"lastUpdated":"2022-08-17 T 14:06:26","emailAddress":"capslock@abc.com","walletHolderType":"MERCHANT","currentBalance":0.0,"name":"VEGAN","msisdn":"2022081770404","availableBalance":0.0},{"pendingBalance":0.0,"walletId":11797,"lastUpdated":"2022-08-17 T 22:31:02","emailAddress":"capslock@abc.com","walletHolderType":"MERCHANT","currentBalance":0.0,"name":"GWSWD","msisdn":"202208177082","availableBalance":0.0},{"pendingBalance":0.0,"walletId":11799,"lastUpdated":"2022-08-17 T 22:31:02","emailAddress":"capslock@abc.com","walletHolderType":"MERCHANT","currentBalance":0.0,"name":"AIQA","msisdn":"2022081772039","availableBalance":0.0},{"pendingBalance":0.0,"walletId":11812,"lastUpdated":"2022-08-17 T 22:34:06","emailAddress":"capslock@abc.com","walletHolderType":"MERCHANT","currentBalance":0.0,"name":"KWWRM","msisdn":"2022081776146","availableBalance":0.0},{"pendingBalance":0.0,"walletId":11772,"lastUpdated":"2022-08-17 T 20:59:34","emailAddress":"capslock@abc.com","walletHolderType":"MERCHANT","currentBalance":0.0,"name":"LSSEI","msisdn":"2022081776849","availableBalance":0.0},{"pendingBalance":0.0,"walletId":11779,"lastUpdated":"2022-08-17 T 21:02:44","emailAddress":"capslock@abc.com","walletHolderType":"MERCHANT","currentBalance":0.0,"name":"VESNX","msisdn":"2022081777175","availableBalance":0.0},{"pendingBalance":0.0,"walletId":11808,"lastUpdated":"2022-08-17 T 22:34:06","emailAddress":"capslock@abc.com","walletHolderType":"MERCHANT","currentBalance":0.0,"name":"LGYFJ","msisdn":"2022081779023","availableBalance":0.0},{"pendingBalance":0.0,"walletId":11790,"lastUpdated":"2022-08-17 T 21:20:32","emailAddress":"capslock@abc.com","walletHolderType":"MERCHANT","currentBalance":0.0,"name":"YVHSK","msisdn":"2022081780242","availableBalance":0.0},{"pendingBalance":0.0,"walletId":11814,"lastUpdated":"2022-08-17 T 22:36:48","emailAddress":"capslock@abc.com","walletHolderType":"MERCHANT","currentBalance":0.0,"name":"HOQTO","msisdn":"2022081780483","availableBalance":0.0},{"pendingBalance":0.0,"walletId":11821,"lastUpdated":"2022-08-17 T 22:36:48","emailAddress":"capslock@abc.com","walletHolderType":"MERCHANT","currentBalance":0.0,"name":"ABTKP","msisdn":"2022081782467","availableBalance":0.0},{"pendingBalance":0.0,"walletId":11776,"lastUpdated":"2022-08-17 T 21:01:14","emailAddress":"capslock@abc.com","walletHolderType":"MERCHANT","currentBalance":0.0,"name":"DZNPJ","msisdn":"202208178406","availableBalance":0.0},{"pendingBalance":0.0,"walletId":11813,"lastUpdated":"2022-08-17 T 22:34:06","emailAddress":"capslock@abc.com","walletHolderType":"MERCHANT","currentBalance":0.0,"name":"JLXVK","msisdn":"2022081785093","availableBalance":0.0},{"pendingBalance":0.0,"walletId":11805,"lastUpdated":"2022-08-17 T 22:34:06","emailAddress":"capslock@abc.com","walletHolderType":"MERCHANT","currentBalance":0.0,"name":"GIAAD","msisdn":"2022081785123","availableBalance":0.0},{"pendingBalance":0.0,"walletId":11791,"lastUpdated":"2022-08-17 T 21:20:58","emailAddress":"capslock@abc.com","walletHolderType":"MERCHANT","currentBalance":0.0,"name":"IQYWJ","msisdn":"2022081786039","availableBalance":0.0},{"pendingBalance":0.0,"walletId":11783,"lastUpdated":"2022-08-17 T 21:03:04","emailAddress":"capslock@abc.com","walletHolderType":"MERCHANT","currentBalance":0.0,"name":"PWWHI","msisdn":"2022081786849","availableBalance":0.0},{"pendingBalance":0.0,"walletId":11811,"lastUpdated":"2022-08-17 T 22:34:06","emailAddress":"capslock@abc.com","walletHolderType":"MERCHANT","currentBalance":0.0,"name":"VAHFF","msisdn":"2022081787488","availableBalance":0.0},{"pendingBalance":0.0,"walletId":11780,"lastUpdated":"2022-08-17 T 21:02:49","emailAddress":"capslock@abc.com","walletHolderType":"MERCHANT","currentBalance":0.0,"name":"MKGIS","msisdn":"202208178763","availableBalance":0.0},{"pendingBalance":0.0,"walletId":11796,"lastUpdated":"2022-08-17 T 22:31:02","emailAddress":"capslock@abc.com","walletHolderType":"MERCHANT","currentBalance":0.0,"name":"OWDSM","msisdn":"2022081792555","availableBalance":0.0},{"pendingBalance":0.0,"walletId":11802,"lastUpdated":"2022-08-17 T 22:31:02","emailAddress":"capslock@abc.com","walletHolderType":"MERCHANT","currentBalance":0.0,"name":"ELRC","msisdn":"2022081792748","availableBalance":0.0},{"pendingBalance":0.0,"walletId":11820,"lastUpdated":"2022-08-17 T 22:36:48","emailAddress":"capslock@abc.com","walletHolderType":"MERCHANT","currentBalance":0.0,"name":"LIOCD","msisdn":"2022081793214","availableBalance":0.0},{"pendingBalance":0.0,"walletId":11787,"lastUpdated":"2022-08-17 T 21:18:54","emailAddress":"capslock@abc.com","walletHolderType":"MERCHANT","currentBalance":0.0,"name":"AURPH","msisdn":"2022081796981","availableBalance":0.0},{"pendingBalance":0.0,"walletId":11804,"lastUpdated":"2022-08-17 T 22:34:06","emailAddress":"capslock@abc.com","walletHolderType":"MERCHANT","currentBalance":0.0,"name":"LIMTC","msisdn":"2022081797091","availableBalance":0.0},{"pendingBalance":0.0,"walletId":11788,"lastUpdated":"2022-08-17 T 21:18:59","emailAddress":"capslock@abc.com","walletHolderType":"MERCHANT","currentBalance":0.0,"name":"EMMVA","msisdn":"2022081798205","availableBalance":0.0},{"pendingBalance":0.0,"walletId":11785,"lastUpdated":"2022-08-17 T 21:18:33","emailAddress":"capslock@abc.com","walletHolderType":"MERCHANT","currentBalance":0.0,"name":"ORNMT","msisdn":"2022081799339","availableBalance":0.0},{"pendingBalance":0.0,"walletId":11830,"lastUpdated":"2022-08-18 T 02:22:37","emailAddress":"capslock@abc.com","walletHolderType":"MERCHANT","currentBalance":0.0,"name":"OHMOH","msisdn":"2022081827503","availableBalance":0.0},{"pendingBalance":0.0,"walletId":11824,"lastUpdated":"2022-08-18 T 02:22:37","emailAddress":"capslock@abc.com","walletHolderType":"MERCHANT","currentBalance":0.0,"name":"FKRHD","msisdn":"2022081830884","availableBalance":0.0},{"pendingBalance":0.0,"walletId":11829,"lastUpdated":"2022-08-18 T 02:22:37","emailAddress":"capslock@abc.com","walletHolderType":"MERCHANT","currentBalance":0.0,"name":"EWOHT","msisdn":"2022081831464","availableBalance":0.0},{"pendingBalance":0.0,"walletId":11828,"lastUpdated":"2022-08-18 T 02:22:37","emailAddress":"capslock@abc.com","walletHolderType":"MERCHANT","currentBalance":0.0,"name":"XWISS","msisdn":"2022081856706","availableBalance":0.0},{"pendingBalance":0.0,"walletId":11832,"lastUpdated":"2022-08-18 T 02:22:37","emailAddress":"capslock@abc.com","walletHolderType":"MERCHANT","currentBalance":0.0,"name":"KJJG","msisdn":"2022081880634","availableBalance":0.0},{"pendingBalance":0.0,"walletId":11827,"lastUpdated":"2022-08-18 T 02:22:37","emailAddress":"capslock@abc.com","walletHolderType":"MERCHANT","currentBalance":0.0,"name":"NQBSZ","msisdn":"2022081882097","availableBalance":0.0},{"pendingBalance":0.0,"walletId":11826,"lastUpdated":"2022-08-18 T 02:22:37","emailAddress":"capslock@abc.com","walletHolderType":"MERCHANT","currentBalance":0.0,"name":"YCIQW","msisdn":"202208189195","availableBalance":0.0},{"pendingBalance":0.0,"walletId":11825,"lastUpdated":"2022-08-18 T 02:22:37","emailAddress":"capslock@abc.com","walletHolderType":"MERCHANT","currentBalance":0.0,"name":"XOTCG","msisdn":"2022081894443","availableBalance":0.0},{"pendingBalance":0.0,"walletId":11831,"lastUpdated":"2022-08-18 T 02:22:37","emailAddress":"capslock@abc.com","walletHolderType":"MERCHANT","currentBalance":0.0,"name":"CSJRZ","msisdn":"2022081895194","availableBalance":0.0},{"pendingBalance":0.0,"walletId":11833,"lastUpdated":"2022-08-18 T 02:22:37","emailAddress":"capslock@abc.com","walletHolderType":"MERCHANT","currentBalance":0.0,"name":"USUTE","msisdn":"2022081899624","availableBalance":0.0},{"pendingBalance":0.0,"walletId":12022,"lastUpdated":"2022-08-20 T 17:36:37","emailAddress":"capslock@abc.com","walletHolderType":"MERCHANT","currentBalance":0.0,"name":"EYWL","msisdn":"2022082010156","availableBalance":0.0},{"pendingBalance":0.0,"walletId":12030,"lastUpdated":"2022-08-20 T 17:38:27","emailAddress":"capslock@abc.com","walletHolderType":"MERCHANT","currentBalance":0.0,"name":"LMXQ","msisdn":"2022082010983","availableBalance":0.0},{"pendingBalance":0.0,"walletId":11919,"lastUpdated":"2022-08-20 T 16:11:23","emailAddress":"capslock@abc.com","walletHolderType":"MERCHANT","currentBalance":0.0,"name":"VVWRJ","msisdn":"2022082011801","availableBalance":0.0},{"pendingBalance":0.0,"walletId":11967,"lastUpdated":"2022-08-20 T 17:09:16","emailAddress":"capslock@abc.com","walletHolderType":"MERCHANT","currentBalance":0.0,"name":"ZWAI","msisdn":"2022082011909","availableBalance":0.0},{"pendingBalance":0.0,"walletId":11991,"lastUpdated":"2022-08-20 T 17:30:30","emailAddress":"capslock@abc.com","walletHolderType":"MERCHANT","currentBalance":0.0,"name":"GGSLM","msisdn":"2022082012214","availableBalance":0.0},{"pendingBalance":0.0,"walletId":11966,"lastUpdated":"2022-08-20 T 17:09:14","emailAddress":"capslock@abc.com","walletHolderType":"MERCHANT","currentBalance":0.0,"name":"EVDFF","msisdn":"2022082012493","availableBalance":0.0},{"pendingBalance":0.0,"walletId":11900,"lastUpdated":"2022-08-20 T 14:26:59","emailAddress":"capslock@abc.com","walletHolderType":"MERCHANT","currentBalance":0.0,"name":"NOCG","msisdn":"2022082012833","availableBalance":0.0},{"pendingBalance":0.0,"walletId":11837,"lastUpdated":"2022-08-20 T 13:32:05","emailAddress":"capslock@abc.com","walletHolderType":"MERCHANT","currentBalance":0.0,"name":"YTHAW","msisdn":"2022082013045","availableBalance":0.0},{"pendingBalance":0.0,"walletId":11860,"lastUpdated":"2022-08-20 T 14:19:19","emailAddress":"capslock@abc.com","walletHolderType":"MERCHANT","currentBalance":0.0,"name":"XAVPY","msisdn":"2022082013101","availableBalance":0.0},{"pendingBalance":0.0,"walletId":11845,"lastUpdated":"2022-08-20 T 14:12:53","emailAddress":"capslock@abc.com","walletHolderType":"MERCHANT","currentBalance":0.0,"name":"WIMWP","msisdn":"2022082013546","availableBalance":0.0},{"pendingBalance":0.0,"walletId":12040,"lastUpdated":"2022-08-20 T 17:40:23","emailAddress":"capslock@abc.com","walletHolderType":"MERCHANT","currentBalance":0.0,"name":"HHIPJ","msisdn":"2022082013560","availableBalance":0.0},{"pendingBalance":0.0,"walletId":11955,"lastUpdated":"2022-08-20 T 16:18:59","emailAddress":"capslock@abc.com","walletHolderType":"MERCHANT","currentBalance":0.0,"name":"USYNF","msisdn":"2022082013798","availableBalance":0.0},{"pendingBalance":0.0,"walletId":11895,"lastUpdated":"2022-08-20 T 14:25:18","emailAddress":"capslock@abc.com","walletHolderType":"MERCHANT","currentBalance":0.0,"name":"SLLYU","msisdn":"2022082014308","availableBalance":0.0},{"pendingBalance":0.0,"walletId":12009,"lastUpdated":"2022-08-20 T 17:34:19","emailAddress":"capslock@abc.com","walletHolderType":"MERCHANT","currentBalance":0.0,"name":"RYXAG","msisdn":"2022082014603","availableBalance":0.0},{"pendingBalance":0.0,"walletId":12047,"lastUpdated":"2022-08-20 T 17:41:13","emailAddress":"capslock@abc.com","walletHolderType":"MERCHANT","currentBalance":0.0,"name":"OKMC","msisdn":"2022082014613","availableBalance":0.0},{"pendingBalance":0.0,"walletId":11849,"lastUpdated":"2022-08-20 T 14:16:46","emailAddress":"capslock@abc.com","walletHolderType":"MERCHANT","currentBalance":0.0,"name":"TYISY","msisdn":"2022082014925","availableBalance":0.0},{"pendingBalance":0.0,"walletId":11876,"lastUpdated":"2022-08-20 T 14:21:54","emailAddress":"capslock@abc.com","walletHolderType":"MERCHANT","currentBalance":0.0,"name":"TDGXL","msisdn":"2022082015471","availableBalance":0.0},{"pendingBalance":0.0,"walletId":11857,"lastUpdated":"2022-08-20 T 14:17:19","emailAddress":"capslock@abc.com","walletHolderType":"MERCHANT","currentBalance":0.0,"name":"WFDIV","msisdn":"2022082015835","availableBalance":0.0},{"pendingBalance":0.0,"walletId":11929,"lastUpdated":"2022-08-20 T 16:13:19","emailAddress":"capslock@abc.com","walletHolderType":"MERCHANT","currentBalance":0.0,"name":"BSDJF","msisdn":"202208201592","availableBalance":0.0},{"pendingBalance":0.0,"walletId":11930,"lastUpdated":"2022-08-20 T 16:13:23","emailAddress":"capslock@abc.com","walletHolderType":"MERCHANT","currentBalance":0.0,"name":"SCDPF","msisdn":"2022082016467","availableBalance":0.0},{"pendingBalance":0.0,"walletId":11958,"lastUpdated":"2022-08-20 T 16:19:21","emailAddress":"capslock@abc.com","walletHolderType":"MERCHANT","currentBalance":0.0,"name":"SJOPM","msisdn":"2022082016738","availableBalance":0.0},{"pendingBalance":0.0,"walletId":11893,"lastUpdated":"2022-08-20 T 14:25:14","emailAddress":"capslock@abc.com","walletHolderType":"MERCHANT","currentBalance":0.0,"name":"TOFSB","msisdn":"2022082017417","availableBalance":0.0},{"pendingBalance":0.0,"walletId":11945,"lastUpdated":"2022-08-20 T 16:17:00","emailAddress":"capslock@abc.com","walletHolderType":"MERCHANT","currentBalance":0.0,"name":"SFCCP","msisdn":"2022082017855","availableBalance":0.0},{"pendingBalance":0.0,"walletId":12003,"lastUpdated":"2022-08-20 T 17:32:48","emailAddress":"capslock@abc.com","walletHolderType":"MERCHANT","currentBalance":0.0,"name":"NLCBT","msisdn":"20220820183","availableBalance":0.0},{"pendingBalance":0.0,"walletId":11994,"lastUpdated":"2022-08-20 T 17:30:51","emailAddress":"capslock@abc.com","walletHolderType":"MERCHANT","currentBalance":0.0,"name":"OVHFY","msisdn":"2022082018529","availableBalance":0.0},{"pendingBalance":0.0,"walletId":11940,"lastUpdated":"2022-08-20 T 16:15:28","emailAddress":"capslock@abc.com","walletHolderType":"MERCHANT","currentBalance":0.0,"name":"XRSPR","msisdn":"2022082018744","availableBalance":0.0},{"pendingBalance":0.0,"walletId":11894,"lastUpdated":"2022-08-20 T 14:25:18","emailAddress":"capslock@abc.com","walletHolderType":"MERCHANT","currentBalance":0.0,"name":"JIEJV","msisdn":"2022082018749","availableBalance":0.0},{"pendingBalance":0.0,"walletId":11984,"lastUpdated":"2022-08-20 T 17:28:53","emailAddress":"capslock@abc.com","walletHolderType":"MERCHANT","currentBalance":0.0,"name":"OIFHL","msisdn":"2022082019139","availableBalance":0.0},{"pendingBalance":0.0,"walletId":11872,"lastUpdated":"2022-08-20 T 14:21:19","emailAddress":"capslock@abc.com","walletHolderType":"MERCHANT","currentBalance":0.0,"name":"IQGFD","msisdn":"2022082019670","availableBalance":0.0},{"pendingBalance":0.0,"walletId":12026,"lastUpdated":"2022-08-20 T 17:37:02","emailAddress":"capslock@abc.com","walletHolderType":"MERCHANT","currentBalance":0.0,"name":"HQCC","msisdn":"2022082020702","availableBalance":0.0},{"pendingBalance":0.0,"walletId":11979,"lastUpdated":"2022-08-20 T 17:28:19","emailAddress":"capslock@abc.com","walletHolderType":"MERCHANT","currentBalance":0.0,"name":"VBMTJ","msisdn":"2022082021101","availableBalance":0.0},{"pendingBalance":0.0,"walletId":11924,"lastUpdated":"2022-08-20 T 16:12:54","emailAddress":"capslock@abc.com","walletHolderType":"MERCHANT","currentBalance":0.0,"name":"BTZYK","msisdn":"2022082021798","availableBalance":0.0},{"pendingBalance":0.0,"walletId":11905,"lastUpdated":"2022-08-20 T 14:27:45","emailAddress":"capslock@abc.com","walletHolderType":"MERCHANT","currentBalance":0.0,"name":"FUEYF","msisdn":"2022082022064","availableBalance":0.0},{"pendingBalance":0.0,"walletId":12035,"lastUpdated":"2022-08-20 T 17:39:01","emailAddress":"capslock@abc.com","walletHolderType":"MERCHANT","currentBalance":0.0,"name":"UKMIO","msisdn":"2022082022835","availableBalance":0.0},{"pendingBalance":0.0,"walletId":11952,"lastUpdated":"2022-08-20 T 16:17:43","emailAddress":"capslock@abc.com","walletHolderType":"MERCHANT","currentBalance":0.0,"name":"UPAUX","msisdn":"2022082023008","availableBalance":0.0},{"pendingBalance":0.0,"walletId":12048,"lastUpdated":"2022-08-20 T 17:41:18","emailAddress":"capslock@abc.com","walletHolderType":"MERCHANT","currentBalance":0.0,"name":"TIDCX","msisdn":"2022082023262","availableBalance":0.0},{"pendingBalance":0.0,"walletId":12007,"lastUpdated":"2022-08-20 T 17:33:11","emailAddress":"capslock@abc.com","walletHolderType":"MERCHANT","currentBalance":0.0,"name":"CNYI","msisdn":"2022082023703","availableBalance":0.0},{"pendingBalance":0.0,"walletId":12011,"lastUpdated":"2022-08-20 T 17:34:30","emailAddress":"capslock@abc.com","walletHolderType":"MERCHANT","currentBalance":0.0,"name":"BWUUG","msisdn":"2022082023710","availableBalance":0.0},{"pendingBalance":0.0,"walletId":11921,"lastUpdated":"2022-08-20 T 16:11:39","emailAddress":"capslock@abc.com","walletHolderType":"MERCHANT","currentBalance":0.0,"name":"PEYJW","msisdn":"2022082024310","availableBalance":0.0},{"pendingBalance":0.0,"walletId":11883,"lastUpdated":"2022-08-20 T 14:23:21","emailAddress":"capslock@abc.com","walletHolderType":"MERCHANT","currentBalance":0.0,"name":"SGKIO","msisdn":"2022082024334","availableBalance":0.0},{"pendingBalance":0.0,"walletId":11882,"lastUpdated":"2022-08-20 T 14:23:21","emailAddress":"capslock@abc.com","walletHolderType":"MERCHANT","currentBalance":0.0,"name":"EHGPX","msisdn":"2022082024388","availableBalance":0.0},{"pendingBalance":0.0,"walletId":11944,"lastUpdated":"2022-08-20 T 16:17:00","emailAddress":"capslock@abc.com","walletHolderType":"MERCHANT","currentBalance":0.0,"name":"JGSKY","msisdn":"2022082024407","availableBalance":0.0},{"pendingBalance":0.0,"walletId":11885,"lastUpdated":"2022-08-20 T 14:23:27","emailAddress":"capslock@abc.com","walletHolderType":"MERCHANT","currentBalance":0.0,"name":"FRIHX","msisdn":"2022082024446","availableBalance":0.0},{"pendingBalance":0.0,"walletId":11989,"lastUpdated":"2022-08-20 T 17:30:17","emailAddress":"capslock@abc.com","walletHolderType":"MERCHANT","currentBalance":0.0,"name":"UQVD","msisdn":"2022082025326","availableBalance":0.0},{"pendingBalance":0.0,"walletId":11901,"lastUpdated":"2022-08-20 T 14:26:59","emailAddress":"capslock@abc.com","walletHolderType":"MERCHANT","currentBalance":0.0,"name":"WYZVG","msisdn":"2022082026163","availableBalance":0.0},{"pendingBalance":0.0,"walletId":11841,"lastUpdated":"2022-08-20 T 14:12:53","emailAddress":"capslock@abc.com","walletHolderType":"MERCHANT","currentBalance":0.0,"name":"CYGJ","msisdn":"2022082026265","availableBalance":0.0},{"pendingBalance":0.0,"walletId":12010,"lastUpdated":"2022-08-20 T 17:34:23","emailAddress":"capslock@abc.com","walletHolderType":"MERCHANT","currentBalance":0.0,"name":"DPXBD","msisdn":"2022082026735","availableBalance":0.0},{"pendingBalance":0.0,"walletId":11993,"lastUpdated":"2022-08-20 T 17:30:44","emailAddress":"capslock@abc.com","walletHolderType":"MERCHANT","currentBalance":0.0,"name":"MGBRL","msisdn":"202208202678","availableBalance":0.0},{"pendingBalance":0.0,"walletId":11969,"lastUpdated":"2022-08-20 T 17:26:20","emailAddress":"capslock@abc.com","walletHolderType":"MERCHANT","currentBalance":0.0,"name":"RNJPE","msisdn":"2022082026863","availableBalance":0.0},{"pendingBalance":0.0,"walletId":11871,"lastUpdated":"2022-08-20 T 14:21:08","emailAddress":"capslock@abc.com","walletHolderType":"MERCHANT","currentBalance":0.0,"name":"WEBR","msisdn":"2022082026886","availableBalance":0.0},{"pendingBalance":0.0,"walletId":11957,"lastUpdated":"2022-08-20 T 16:19:10","emailAddress":"capslock@abc.com","walletHolderType":"MERCHANT","currentBalance":0.0,"name":"WIACG","msisdn":"2022082026958","availableBalance":0.0},{"pendingBalance":0.0,"walletId":11881,"lastUpdated":"2022-08-20 T 14:23:02","emailAddress":"capslock@abc.com","walletHolderType":"MERCHANT","currentBalance":0.0,"name":"NQIJC","msisdn":"2022082027064","availableBalance":0.0},{"pendingBalance":0.0,"walletId":11933,"lastUpdated":"2022-08-20 T 16:13:43","emailAddress":"capslock@abc.com","walletHolderType":"MERCHANT","currentBalance":0.0,"name":"KJHGD","msisdn":"2022082028024","availableBalance":0.0},{"pendingBalance":0.0,"walletId":12019,"lastUpdated":"2022-08-20 T 17:36:19","emailAddress":"capslock@abc.com","walletHolderType":"MERCHANT","currentBalance":0.0,"name":"KBPFJ","msisdn":"2022082028132","availableBalance":0.0},{"pendingBalance":0.0,"walletId":11982,"lastUpdated":"2022-08-20 T 17:28:37","emailAddress":"capslock@abc.com","walletHolderType":"MERCHANT","currentBalance":0.0,"name":"RRIGA","msisdn":"202208202853","availableBalance":0.0},{"pendingBalance":0.0,"walletId":11903,"lastUpdated":"2022-08-20 T 14:27:20","emailAddress":"capslock@abc.com","walletHolderType":"MERCHANT","currentBalance":0.0,"name":"PEPLJ","msisdn":"2022082028593","availableBalance":0.0},{"pendingBalance":0.0,"walletId":11904,"lastUpdated":"2022-08-20 T 14:27:20","emailAddress":"capslock@abc.com","walletHolderType":"MERCHANT","currentBalance":0.0,"name":"JHIAB","msisdn":"2022082029103","availableBalance":0.0},{"pendingBalance":0.0,"walletId":12002,"lastUpdated":"2022-08-20 T 17:32:36","emailAddress":"capslock@abc.com","walletHolderType":"MERCHANT","currentBalance":0.0,"name":"QJLPU","msisdn":"202208202932","availableBalance":0.0},{"pendingBalance":0.0,"walletId":11865,"lastUpdated":"2022-08-20 T 14:19:55","emailAddress":"capslock@abc.com","walletHolderType":"MERCHANT","currentBalance":0.0,"name":"MHHT","msisdn":"2022082029387","availableBalance":0.0},{"pendingBalance":0.0,"walletId":11873,"lastUpdated":"2022-08-20 T 14:21:19","emailAddress":"capslock@abc.com","walletHolderType":"MERCHANT","currentBalance":0.0,"name":"TIICL","msisdn":"2022082030266","availableBalance":0.0},{"pendingBalance":0.0,"walletId":12044,"lastUpdated":"2022-08-20 T 17:40:47","emailAddress":"capslock@abc.com","walletHolderType":"MERCHANT","currentBalance":0.0,"name":"UZZOA","msisdn":"2022082030268","availableBalance":0.0},{"pendingBalance":0.0,"walletId":11850,"lastUpdated":"2022-08-20 T 14:16:46","emailAddress":"capslock@abc.com","walletHolderType":"MERCHANT","currentBalance":0.0,"name":"SCUOK","msisdn":"2022082030521","availableBalance":0.0},{"pendingBalance":0.0,"walletId":11941,"lastUpdated":"2022-08-20 T 16:15:31","emailAddress":"capslock@abc.com","walletHolderType":"MERCHANT","currentBalance":0.0,"name":"PYSEW","msisdn":"2022082031056","availableBalance":0.0},{"pendingBalance":0.0,"walletId":12034,"lastUpdated":"2022-08-20 T 17:38:48","emailAddress":"capslock@abc.com","walletHolderType":"MERCHANT","currentBalance":0.0,"name":"MVTIK","msisdn":"2022082031085","availableBalance":0.0},{"pendingBalance":0.0,"walletId":11864,"lastUpdated":"2022-08-20 T 14:19:19","emailAddress":"capslock@abc.com","walletHolderType":"MERCHANT","currentBalance":0.0,"name":"NYIC","msisdn":"2022082032344","availableBalance":0.0},{"pendingBalance":0.0,"walletId":11858,"lastUpdated":"2022-08-20 T 14:19:19","emailAddress":"capslock@abc.com","walletHolderType":"MERCHANT","currentBalance":0.0,"name":"TOIR","msisdn":"2022082033317","availableBalance":0.0},{"pendingBalance":0.0,"walletId":11936,"lastUpdated":"2022-08-20 T 16:15:08","emailAddress":"capslock@abc.com","walletHolderType":"MERCHANT","currentBalance":0.0,"name":"FOPAB","msisdn":"2022082033493","availableBalance":0.0},{"pendingBalance":0.0,"walletId":11937,"lastUpdated":"2022-08-20 T 16:15:10","emailAddress":"capslock@abc.com","walletHolderType":"MERCHANT","currentBalance":0.0,"name":"XELBA","msisdn":"2022082033889","availableBalance":0.0},{"pendingBalance":0.0,"walletId":11851,"lastUpdated":"2022-08-20 T 14:17:19","emailAddress":"capslock@abc.com","walletHolderType":"MERCHANT","currentBalance":0.0,"name":"AUOMI","msisdn":"2022082035463","availableBalance":0.0},{"pendingBalance":0.0,"walletId":11995,"lastUpdated":"2022-08-20 T 17:30:54","emailAddress":"capslock@abc.com","walletHolderType":"MERCHANT","currentBalance":0.0,"name":"NEXPK","msisdn":"202208203597","availableBalance":0.0},{"pendingBalance":0.0,"walletId":11842,"lastUpdated":"2022-08-20 T 14:12:52","emailAddress":"capslock@abc.com","walletHolderType":"MERCHANT","currentBalance":0.0,"name":"GKWTG","msisdn":"2022082035982","availableBalance":0.0},{"pendingBalance":0.0,"walletId":11935,"lastUpdated":"2022-08-20 T 16:14:59","emailAddress":"capslock@abc.com","walletHolderType":"MERCHANT","currentBalance":0.0,"name":"ZKQXW","msisdn":"2022082036220","availableBalance":0.0},{"pendingBalance":0.0,"walletId":11855,"lastUpdated":"2022-08-20 T 14:17:19","emailAddress":"capslock@abc.com","walletHolderType":"MERCHANT","currentBalance":0.0,"name":"NNOGL","msisdn":"2022082036690","availableBalance":0.0},{"pendingBalance":0.0,"walletId":12028,"lastUpdated":"2022-08-20 T 17:37:12","emailAddress":"capslock@abc.com","walletHolderType":"MERCHANT","currentBalance":0.0,"name":"TRXP","msisdn":"2022082037848","availableBalance":0.0},{"pendingBalance":0.0,"walletId":12043,"lastUpdated":"2022-08-20 T 17:40:42","emailAddress":"capslock@abc.com","walletHolderType":"MERCHANT","currentBalance":0.0,"name":"GNHF","msisdn":"2022082039143","availableBalance":0.0},{"pendingBalance":0.0,"walletId":11888,"lastUpdated":"2022-08-20 T 14:24:52","emailAddress":"capslock@abc.com","walletHolderType":"MERCHANT","currentBalance":0.0,"name":"ZBCIF","msisdn":"2022082039231","availableBalance":0.0},{"pendingBalance":0.0,"walletId":11853,"lastUpdated":"2022-08-20 T 14:17:19","emailAddress":"capslock@abc.com","walletHolderType":"MERCHANT","currentBalance":0.0,"name":"QLGPF","msisdn":"2022082039550","availableBalance":0.0},{"pendingBalance":0.0,"walletId":11877,"lastUpdated":"2022-08-20 T 14:21:54","emailAddress":"capslock@abc.com","walletHolderType":"MERCHANT","currentBalance":0.0,"name":"RZHCZ","msisdn":"2022082039872","availableBalance":0.0},{"pendingBalance":0.0,"walletId":11971,"lastUpdated":"2022-08-20 T 17:26:28","emailAddress":"capslock@abc.com","walletHolderType":"MERCHANT","currentBalance":0.0,"name":"GIPYS","msisdn":"2022082040023","availableBalance":0.0},{"pendingBalance":0.0,"walletId":11844,"lastUpdated":"2022-08-20 T 14:12:52","emailAddress":"capslock@abc.com","walletHolderType":"MERCHANT","currentBalance":0.0,"name":"GCYMS","msisdn":"2022082040516","availableBalance":0.0},{"pendingBalance":0.0,"walletId":11889,"lastUpdated":"2022-08-20 T 14:24:52","emailAddress":"capslock@abc.com","walletHolderType":"MERCHANT","currentBalance":0.0,"name":"GLM","msisdn":"2022082040765","availableBalance":0.0},{"pendingBalance":0.0,"walletId":11985,"lastUpdated":"2022-08-20 T 17:28:58","emailAddress":"capslock@abc.com","walletHolderType":"MERCHANT","currentBalance":0.0,"name":"VIYIJ","msisdn":"2022082041033","availableBalance":0.0},{"pendingBalance":0.0,"walletId":11998,"lastUpdated":"2022-08-20 T 17:31:08","emailAddress":"capslock@abc.com","walletHolderType":"MERCHANT","currentBalance":0.0,"name":"FMKQ","msisdn":"2022082041061","availableBalance":0.0},{"pendingBalance":0.0,"walletId":11981,"lastUpdated":"2022-08-20 T 17:28:29","emailAddress":"capslock@abc.com","walletHolderType":"MERCHANT","currentBalance":0.0,"name":"DOEBJ","msisdn":"2022082041714","availableBalance":0.0},{"pendingBalance":0.0,"walletId":11942,"lastUpdated":"2022-08-20 T 16:15:37","emailAddress":"capslock@abc.com","walletHolderType":"MERCHANT","currentBalance":0.0,"name":"BUOH","msisdn":"2022082042293","availableBalance":0.0},{"pendingBalance":0.0,"walletId":11949,"lastUpdated":"2022-08-20 T 16:17:27","emailAddress":"capslock@abc.com","walletHolderType":"MERCHANT","currentBalance":0.0,"name":"LGILN","msisdn":"2022082043128","availableBalance":0.0},{"pendingBalance":0.0,"walletId":12032,"lastUpdated":"2022-08-20 T 17:38:37","emailAddress":"capslock@abc.com","walletHolderType":"MERCHANT","currentBalance":0.0,"name":"UWXIJ","msisdn":"2022082043417","availableBalance":0.0},{"pendingBalance":0.0,"walletId":11978,"lastUpdated":"2022-08-20 T 17:27:08","emailAddress":"capslock@abc.com","walletHolderType":"MERCHANT","currentBalance":0.0,"name":"VBTGS","msisdn":"2022082043433","availableBalance":0.0},{"pendingBalance":0.0,"walletId":11927,"lastUpdated":"2022-08-20 T 16:13:11","emailAddress":"capslock@abc.com","walletHolderType":"MERCHANT","currentBalance":0.0,"name":"JMLSQ","msisdn":"2022082044023","availableBalance":0.0},{"pendingBalance":0.0,"walletId":12027,"lastUpdated":"2022-08-20 T 17:37:04","emailAddress":"capslock@abc.com","walletHolderType":"MERCHANT","currentBalance":0.0,"name":"AGLKE","msisdn":"2022082044279","availableBalance":0.0},{"pendingBalance":0.0,"walletId":12014,"lastUpdated":"2022-08-20 T 17:34:56","emailAddress":"capslock@abc.com","walletHolderType":"MERCHANT","currentBalance":0.0,"name":"HPVC","msisdn":"2022082045566","availableBalance":0.0},{"pendingBalance":0.0,"walletId":11848,"lastUpdated":"2022-08-20 T 14:15:51","emailAddress":"capslock@abc.com","walletHolderType":"MERCHANT","currentBalance":0.0,"name":"CGKAV","msisdn":"2022082045636","availableBalance":0.0},{"pendingBalance":0.0,"walletId":11996,"lastUpdated":"2022-08-20 T 17:31:00","emailAddress":"capslock@abc.com","walletHolderType":"MERCHANT","currentBalance":0.0,"name":"NEDE","msisdn":"2022082045832","availableBalance":0.0},{"pendingBalance":0.0,"walletId":11915,"lastUpdated":"2022-08-20 T 16:10:58","emailAddress":"capslock@abc.com","walletHolderType":"MERCHANT","currentBalance":0.0,"name":"BVEVH","msisdn":"2022082045837","availableBalance":0.0},{"pendingBalance":0.0,"walletId":11946,"lastUpdated":"2022-08-20 T 16:17:06","emailAddress":"capslock@abc.com","walletHolderType":"MERCHANT","currentBalance":0.0,"name":"XDTXI","msisdn":"2022082046449","availableBalance":0.0},{"pendingBalance":0.0,"walletId":12041,"lastUpdated":"2022-08-20 T 17:40:30","emailAddress":"capslock@abc.com","walletHolderType":"MERCHANT","currentBalance":0.0,"name":"IGPDC","msisdn":"2022082046954","availableBalance":0.0},{"pendingBalance":0.0,"walletId":11867,"lastUpdated":"2022-08-20 T 14:19:55","emailAddress":"capslock@abc.com","walletHolderType":"MERCHANT","currentBalance":0.0,"name":"RZWEP","msisdn":"2022082047018","availableBalance":0.0},{"pendingBalance":0.0,"walletId":11928,"lastUpdated":"2022-08-20 T 16:13:18","emailAddress":"capslock@abc.com","walletHolderType":"MERCHANT","currentBalance":0.0,"name":"HJJTE","msisdn":"2022082048180","availableBalance":0.0},{"pendingBalance":0.0,"walletId":12004,"lastUpdated":"2022-08-20 T 17:32:50","emailAddress":"capslock@abc.com","walletHolderType":"MERCHANT","currentBalance":0.0,"name":"FZBNY","msisdn":"2022082049105","availableBalance":0.0},{"pendingBalance":0.0,"walletId":11965,"lastUpdated":"2022-08-20 T 17:09:12","emailAddress":"capslock@abc.com","walletHolderType":"MERCHANT","currentBalance":0.0,"name":"BBSKG","msisdn":"2022082049316","availableBalance":0.0},{"pendingBalance":0.0,"walletId":11986,"lastUpdated":"2022-08-20 T 17:28:58","emailAddress":"capslock@abc.com","walletHolderType":"MERCHANT","currentBalance":0.0,"name":"YGGDV","msisdn":"2022082049889","availableBalance":0.0},{"pendingBalance":0.0,"walletId":11922,"lastUpdated":"2022-08-20 T 16:11:39","emailAddress":"capslock@abc.com","walletHolderType":"MERCHANT","currentBalance":0.0,"name":"ALDQD","msisdn":"2022082050569","availableBalance":0.0},{"pendingBalance":0.0,"walletId":12020,"lastUpdated":"2022-08-20 T 17:36:29","emailAddress":"capslock@abc.com","walletHolderType":"MERCHANT","currentBalance":0.0,"name":"JRBAF","msisdn":"2022082050750","availableBalance":0.0},{"pendingBalance":0.0,"walletId":12006,"lastUpdated":"2022-08-20 T 17:32:56","emailAddress":"capslock@abc.com","walletHolderType":"MERCHANT","currentBalance":0.0,"name":"GXXFV","msisdn":"202208205093","availableBalance":0.0},{"pendingBalance":0.0,"walletId":11856,"lastUpdated":"2022-08-20 T 14:17:19","emailAddress":"capslock@abc.com","walletHolderType":"MERCHANT","currentBalance":0.0,"name":"AIDXJ","msisdn":"2022082051225","availableBalance":0.0},{"pendingBalance":0.0,"walletId":11964,"lastUpdated":"2022-08-20 T 17:09:12","emailAddress":"capslock@abc.com","walletHolderType":"MERCHANT","currentBalance":0.0,"name":"HNSRV","msisdn":"2022082051767","availableBalance":0.0},{"pendingBalance":0.0,"walletId":11980,"lastUpdated":"2022-08-20 T 17:28:26","emailAddress":"capslock@abc.com","walletHolderType":"MERCHANT","currentBalance":0.0,"name":"RYTAJ","msisdn":"2022082051782","availableBalance":0.0},{"pendingBalance":0.0,"walletId":11992,"lastUpdated":"2022-08-20 T 17:30:39","emailAddress":"capslock@abc.com","walletHolderType":"MERCHANT","currentBalance":0.0,"name":"UUQZW","msisdn":"2022082052507","availableBalance":0.0},{"pendingBalance":0.0,"walletId":11947,"lastUpdated":"2022-08-20 T 16:17:12","emailAddress":"capslock@abc.com","walletHolderType":"MERCHANT","currentBalance":0.0,"name":"VIKED","msisdn":"2022082052539","availableBalance":0.0},{"pendingBalance":0.0,"walletId":11917,"lastUpdated":"2022-08-20 T 16:11:08","emailAddress":"capslock@abc.com","walletHolderType":"MERCHANT","currentBalance":0.0,"name":"LGDRJ","msisdn":"2022082053427","availableBalance":0.0},{"pendingBalance":0.0,"walletId":12018,"lastUpdated":"2022-08-20 T 17:35:12","emailAddress":"capslock@abc.com","walletHolderType":"MERCHANT","currentBalance":0.0,"name":"VWDRC","msisdn":"2022082053499","availableBalance":0.0},{"pendingBalance":0.0,"walletId":11914,"lastUpdated":"2022-08-20 T 16:10:57","emailAddress":"capslock@abc.com","walletHolderType":"MERCHANT","currentBalance":0.0,"name":"MVDOB","msisdn":"2022082054155","availableBalance":0.0},{"pendingBalance":0.0,"walletId":12039,"lastUpdated":"2022-08-20 T 17:40:20","emailAddress":"capslock@abc.com","walletHolderType":"MERCHANT","currentBalance":0.0,"name":"PIC","msisdn":"2022082054245","availableBalance":0.0},{"pendingBalance":0.0,"walletId":11997,"lastUpdated":"2022-08-20 T 17:31:00","emailAddress":"capslock@abc.com","walletHolderType":"MERCHANT","currentBalance":0.0,"name":"UFFZC","msisdn":"2022082057114","availableBalance":0.0},{"pendingBalance":0.0,"walletId":12029,"lastUpdated":"2022-08-20 T 17:38:21","emailAddress":"capslock@abc.com","walletHolderType":"MERCHANT","currentBalance":0.0,"name":"EGONY","msisdn":"2022082057366","availableBalance":0.0},{"pendingBalance":0.0,"walletId":11887,"lastUpdated":"2022-08-20 T 14:23:49","emailAddress":"capslock@abc.com","walletHolderType":"MERCHANT","currentBalance":0.0,"name":"LQUKX","msisdn":"2022082058294","availableBalance":0.0},{"pendingBalance":0.0,"walletId":11948,"lastUpdated":"2022-08-20 T 16:17:18","emailAddress":"capslock@abc.com","walletHolderType":"MERCHANT","currentBalance":0.0,"name":"IFRMT","msisdn":"2022082058487","availableBalance":0.0},{"pendingBalance":0.0,"walletId":11886,"lastUpdated":"2022-08-20 T 14:23:49","emailAddress":"capslock@abc.com","walletHolderType":"MERCHANT","currentBalance":0.0,"name":"HMKZY","msisdn":"2022082058851","availableBalance":0.0},{"pendingBalance":0.0,"walletId":11918,"lastUpdated":"2022-08-20 T 16:11:23","emailAddress":"capslock@abc.com","walletHolderType":"MERCHANT","currentBalance":0.0,"name":"LIZGS","msisdn":"2022082058972","availableBalance":0.0},{"pendingBalance":0.0,"walletId":11861,"lastUpdated":"2022-08-20 T 14:19:19","emailAddress":"capslock@abc.com","walletHolderType":"MERCHANT","currentBalance":0.0,"name":"TOMVJ","msisdn":"2022082059152","availableBalance":0.0},{"pendingBalance":0.0,"walletId":11951,"lastUpdated":"2022-08-20 T 16:17:35","emailAddress":"capslock@abc.com","walletHolderType":"MERCHANT","currentBalance":0.0,"name":"YCZX","msisdn":"2022082059600","availableBalance":0.0},{"pendingBalance":0.0,"walletId":11977,"lastUpdated":"2022-08-20 T 17:27:03","emailAddress":"capslock@abc.com","walletHolderType":"MERCHANT","currentBalance":0.0,"name":"IKGGW","msisdn":"2022082060397","availableBalance":0.0},{"pendingBalance":0.0,"walletId":11839,"lastUpdated":"2022-08-20 T 14:12:52","emailAddress":"capslock@abc.com","walletHolderType":"MERCHANT","currentBalance":0.0,"name":"ZAOHU","msisdn":"2022082061206","availableBalance":0.0},{"pendingBalance":0.0,"walletId":11875,"lastUpdated":"2022-08-20 T 14:21:19","emailAddress":"capslock@abc.com","walletHolderType":"MERCHANT","currentBalance":0.0,"name":"KTZQN","msisdn":"202208206135","availableBalance":0.0},{"pendingBalance":0.0,"walletId":11999,"lastUpdated":"2022-08-20 T 17:32:18","emailAddress":"capslock@abc.com","walletHolderType":"MERCHANT","currentBalance":0.0,"name":"QDZCI","msisdn":"2022082061776","availableBalance":0.0},{"pendingBalance":0.0,"walletId":11892,"lastUpdated":"2022-08-20 T 14:25:14","emailAddress":"capslock@abc.com","walletHolderType":"MERCHANT","currentBalance":0.0,"name":"LNZT","msisdn":"2022082061883","availableBalance":0.0},{"pendingBalance":0.0,"walletId":11846,"lastUpdated":"2022-08-20 T 14:12:53","emailAddress":"capslock@abc.com","walletHolderType":"MERCHANT","currentBalance":0.0,"name":"UCDUJ","msisdn":"2022082062322","availableBalance":0.0},{"pendingBalance":0.0,"walletId":11843,"lastUpdated":"2022-08-20 T 14:12:53","emailAddress":"capslock@abc.com","walletHolderType":"MERCHANT","currentBalance":0.0,"name":"ZVLJK","msisdn":"2022082063635","availableBalance":0.0},{"pendingBalance":0.0,"walletId":11874,"lastUpdated":"2022-08-20 T 14:21:19","emailAddress":"capslock@abc.com","walletHolderType":"MERCHANT","currentBalance":0.0,"name":"YHJZF","msisdn":"2022082063992","availableBalance":0.0},{"pendingBalance":0.0,"walletId":11859,"lastUpdated":"2022-08-20 T 14:19:19","emailAddress":"capslock@abc.com","walletHolderType":"MERCHANT","currentBalance":0.0,"name":"MWS","msisdn":"2022082064093","availableBalance":0.0},{"pendingBalance":0.0,"walletId":11868,"lastUpdated":"2022-08-20 T 14:21:08","emailAddress":"capslock@abc.com","walletHolderType":"MERCHANT","currentBalance":0.0,"name":"MLSCX","msisdn":"2022082064456","availableBalance":0.0},{"pendingBalance":0.0,"walletId":11960,"lastUpdated":"2022-08-20 T 17:09:11","emailAddress":"capslock@abc.com","walletHolderType":"MERCHANT","currentBalance":0.0,"name":"FLKXQ","msisdn":"2022082064661","availableBalance":0.0},{"pendingBalance":0.0,"walletId":12000,"lastUpdated":"2022-08-20 T 17:32:22","emailAddress":"capslock@abc.com","walletHolderType":"MERCHANT","currentBalance":0.0,"name":"KCYG","msisdn":"2022082064759","availableBalance":0.0},{"pendingBalance":0.0,"walletId":11975,"lastUpdated":"2022-08-20 T 17:26:53","emailAddress":"capslock@abc.com","walletHolderType":"MERCHANT","currentBalance":0.0,"name":"ODLAT","msisdn":"2022082064993","availableBalance":0.0},{"pendingBalance":0.0,"walletId":11956,"lastUpdated":"2022-08-20 T 16:19:09","emailAddress":"capslock@abc.com","walletHolderType":"MERCHANT","currentBalance":0.0,"name":"GAOGN","msisdn":"2022082065277","availableBalance":0.0},{"pendingBalance":0.0,"walletId":11870,"lastUpdated":"2022-08-20 T 14:21:08","emailAddress":"capslock@abc.com","walletHolderType":"MERCHANT","currentBalance":0.0,"name":"SSDDD","msisdn":"2022082065605","availableBalance":0.0},{"pendingBalance":0.0,"walletId":11891,"lastUpdated":"2022-08-20 T 14:24:59","emailAddress":"capslock@abc.com","walletHolderType":"MERCHANT","currentBalance":0.0,"name":"IUHNN","msisdn":"2022082065713","availableBalance":0.0},{"pendingBalance":0.0,"walletId":11911,"lastUpdated":"2022-08-20 T 15:45:14","emailAddress":"capslock@abc.com","walletHolderType":"MERCHANT","currentBalance":0.0,"name":"ZTSNF","msisdn":"2022082067098","availableBalance":0.0},{"pendingBalance":0.0,"walletId":11961,"lastUpdated":"2022-08-20 T 17:09:12","emailAddress":"capslock@abc.com","walletHolderType":"MERCHANT","currentBalance":0.0,"name":"AGAG","msisdn":"2022082067304","availableBalance":0.0},{"pendingBalance":0.0,"walletId":11880,"lastUpdated":"2022-08-20 T 14:23:02","emailAddress":"capslock@abc.com","walletHolderType":"MERCHANT","currentBalance":0.0,"name":"TBWDV","msisdn":"2022082067448","availableBalance":0.0},{"pendingBalance":0.0,"walletId":11906,"lastUpdated":"2022-08-20 T 14:27:49","emailAddress":"capslock@abc.com","walletHolderType":"MERCHANT","currentBalance":0.0,"name":"RMYYF","msisdn":"2022082067766","availableBalance":0.0},{"pendingBalance":0.0,"walletId":12017,"lastUpdated":"2022-08-20 T 17:35:07","emailAddress":"capslock@abc.com","walletHolderType":"MERCHANT","currentBalance":0.0,"name":"OITUN","msisdn":"202208206796","availableBalance":0.0},{"pendingBalance":0.0,"walletId":12016,"lastUpdated":"2022-08-20 T 17:34:58","emailAddress":"capslock@abc.com","walletHolderType":"MERCHANT","currentBalance":0.0,"name":"OTHNU","msisdn":"202208206827","availableBalance":0.0},{"pendingBalance":0.0,"walletId":11920,"lastUpdated":"2022-08-20 T 16:11:26","emailAddress":"capslock@abc.com","walletHolderType":"MERCHANT","currentBalance":0.0,"name":"MVSMO","msisdn":"202208206908","availableBalance":0.0},{"pendingBalance":0.0,"walletId":11973,"lastUpdated":"2022-08-20 T 17:26:40","emailAddress":"capslock@abc.com","walletHolderType":"MERCHANT","currentBalance":0.0,"name":"ZPNFG","msisdn":"2022082069190","availableBalance":0.0},{"pendingBalance":0.0,"walletId":11897,"lastUpdated":"2022-08-20 T 14:25:43","emailAddress":"capslock@abc.com","walletHolderType":"MERCHANT","currentBalance":0.0,"name":"NPBFK","msisdn":"2022082069423","availableBalance":0.0},{"pendingBalance":0.0,"walletId":11943,"lastUpdated":"2022-08-20 T 16:15:51","emailAddress":"capslock@abc.com","walletHolderType":"MERCHANT","currentBalance":0.0,"name":"PCXXB","msisdn":"2022082069651","availableBalance":0.0},{"pendingBalance":0.0,"walletId":12042,"lastUpdated":"2022-08-20 T 17:40:39","emailAddress":"capslock@abc.com","walletHolderType":"MERCHANT","currentBalance":0.0,"name":"JANJI","msisdn":"2022082069975","availableBalance":0.0},{"pendingBalance":0.0,"walletId":12046,"lastUpdated":"2022-08-20 T 17:41:01","emailAddress":"capslock@abc.com","walletHolderType":"MERCHANT","currentBalance":0.0,"name":"NVOQ","msisdn":"2022082070174","availableBalance":0.0},{"pendingBalance":0.0,"walletId":11925,"lastUpdated":"2022-08-20 T 16:12:57","emailAddress":"capslock@abc.com","walletHolderType":"MERCHANT","currentBalance":0.0,"name":"VYN","msisdn":"202208207032","availableBalance":0.0},{"pendingBalance":0.0,"walletId":12037,"lastUpdated":"2022-08-20 T 17:39:06","emailAddress":"capslock@abc.com","walletHolderType":"MERCHANT","currentBalance":0.0,"name":"IXLEX","msisdn":"2022082070372","availableBalance":0.0},{"pendingBalance":0.0,"walletId":11968,"lastUpdated":"2022-08-20 T 17:09:22","emailAddress":"capslock@abc.com","walletHolderType":"MERCHANT","currentBalance":0.0,"name":"CLBOC","msisdn":"202208207082","availableBalance":0.0},{"pendingBalance":0.0,"walletId":12031,"lastUpdated":"2022-08-20 T 17:38:31","emailAddress":"capslock@abc.com","walletHolderType":"MERCHANT","currentBalance":0.0,"name":"TLDAJ","msisdn":"2022082073618","availableBalance":0.0},{"pendingBalance":0.0,"walletId":11862,"lastUpdated":"2022-08-20 T 14:19:19","emailAddress":"capslock@abc.com","walletHolderType":"MERCHANT","currentBalance":0.0,"name":"LBUIX","msisdn":"2022082074191","availableBalance":0.0},{"pendingBalance":0.0,"walletId":11974,"lastUpdated":"2022-08-20 T 17:26:49","emailAddress":"capslock@abc.com","walletHolderType":"MERCHANT","currentBalance":0.0,"name":"NSZUP","msisdn":"2022082074665","availableBalance":0.0},{"pendingBalance":0.0,"walletId":11972,"lastUpdated":"2022-08-20 T 17:26:35","emailAddress":"capslock@abc.com","walletHolderType":"MERCHANT","currentBalance":0.0,"name":"PFQM","msisdn":"2022082075006","availableBalance":0.0},{"pendingBalance":0.0,"walletId":12005,"lastUpdated":"2022-08-20 T 17:32:56","emailAddress":"capslock@abc.com","walletHolderType":"MERCHANT","currentBalance":0.0,"name":"KZHC","msisdn":"2022082075754","availableBalance":0.0},{"pendingBalance":0.0,"walletId":11898,"lastUpdated":"2022-08-20 T 14:26:47","emailAddress":"capslock@abc.com","walletHolderType":"MERCHANT","currentBalance":0.0,"name":"SGTZ","msisdn":"2022082075811","availableBalance":0.0},{"pendingBalance":0.0,"walletId":11852,"lastUpdated":"2022-08-20 T 14:17:19","emailAddress":"capslock@abc.com","walletHolderType":"MERCHANT","currentBalance":0.0,"name":"DIJFH","msisdn":"2022082076058","availableBalance":0.0},{"pendingBalance":0.0,"walletId":12012,"lastUpdated":"2022-08-20 T 17:34:39","emailAddress":"capslock@abc.com","walletHolderType":"MERCHANT","currentBalance":0.0,"name":"KRQQX","msisdn":"2022082076640","availableBalance":0.0},{"pendingBalance":0.0,"walletId":12001,"lastUpdated":"2022-08-20 T 17:32:29","emailAddress":"capslock@abc.com","walletHolderType":"MERCHANT","currentBalance":0.0,"name":"UMBKU","msisdn":"2022082076913","availableBalance":0.0},{"pendingBalance":0.0,"walletId":11878,"lastUpdated":"2022-08-20 T 14:22:56","emailAddress":"capslock@abc.com","walletHolderType":"MERCHANT","currentBalance":0.0,"name":"KWHI","msisdn":"2022082078003","availableBalance":0.0},{"pendingBalance":0.0,"walletId":11899,"lastUpdated":"2022-08-20 T 14:26:47","emailAddress":"capslock@abc.com","walletHolderType":"MERCHANT","currentBalance":0.0,"name":"VGOW","msisdn":"2022082078038","availableBalance":0.0},{"pendingBalance":0.0,"walletId":11970,"lastUpdated":"2022-08-20 T 17:26:25","emailAddress":"capslock@abc.com","walletHolderType":"MERCHANT","currentBalance":0.0,"name":"WZD","msisdn":"2022082078085","availableBalance":0.0},{"pendingBalance":0.0,"walletId":12013,"lastUpdated":"2022-08-20 T 17:34:47","emailAddress":"capslock@abc.com","walletHolderType":"MERCHANT","currentBalance":0.0,"name":"WRXUZ","msisdn":"2022082078461","availableBalance":0.0},{"pendingBalance":0.0,"walletId":11912,"lastUpdated":"2022-08-20 T 15:48:36","emailAddress":"capslock@abc.com","walletHolderType":"MERCHANT","currentBalance":0.0,"name":"YRSQL","msisdn":"2022082078836","availableBalance":0.0},{"pendingBalance":0.0,"walletId":11913,"lastUpdated":"2022-08-20 T 15:57:43","emailAddress":"capslock@abc.com","walletHolderType":"MERCHANT","currentBalance":0.0,"name":"DVSGE","msisdn":"2022082079477","availableBalance":0.0},{"pendingBalance":0.0,"walletId":11840,"lastUpdated":"2022-08-20 T 14:12:52","emailAddress":"capslock@abc.com","walletHolderType":"MERCHANT","currentBalance":0.0,"name":"ZVGB","msisdn":"2022082079820","availableBalance":0.0},{"pendingBalance":0.0,"walletId":11884,"lastUpdated":"2022-08-20 T 14:23:27","emailAddress":"capslock@abc.com","walletHolderType":"MERCHANT","currentBalance":0.0,"name":"XKULV","msisdn":"2022082079979","availableBalance":0.0},{"pendingBalance":0.0,"walletId":11910,"lastUpdated":"2022-08-20 T 15:44:39","emailAddress":"capslock@abc.com","walletHolderType":"MERCHANT","currentBalance":0.0,"name":"WSSSF","msisdn":"2022082080140","availableBalance":0.0},{"pendingBalance":0.0,"walletId":12036,"lastUpdated":"2022-08-20 T 17:39:05","emailAddress":"capslock@abc.com","walletHolderType":"MERCHANT","currentBalance":0.0,"name":"OKKS","msisdn":"2022082080329","availableBalance":0.0},{"pendingBalance":0.0,"walletId":11869,"lastUpdated":"2022-08-20 T 14:21:08","emailAddress":"capslock@abc.com","walletHolderType":"MERCHANT","currentBalance":0.0,"name":"PLNLS","msisdn":"2022082080512","availableBalance":0.0},{"pendingBalance":0.0,"walletId":11983,"lastUpdated":"2022-08-20 T 17:28:51","emailAddress":"capslock@abc.com","walletHolderType":"MERCHANT","currentBalance":0.0,"name":"XSTUZ","msisdn":"2022082080628","availableBalance":0.0},{"pendingBalance":0.0,"walletId":11932,"lastUpdated":"2022-08-20 T 16:13:34","emailAddress":"capslock@abc.com","walletHolderType":"MERCHANT","currentBalance":0.0,"name":"ZJDW","msisdn":"2022082081532","availableBalance":0.0},{"pendingBalance":0.0,"walletId":11939,"lastUpdated":"2022-08-20 T 16:15:26","emailAddress":"capslock@abc.com","walletHolderType":"MERCHANT","currentBalance":0.0,"name":"UOFRZ","msisdn":"2022082081905","availableBalance":0.0},{"pendingBalance":0.0,"walletId":11938,"lastUpdated":"2022-08-20 T 16:15:18","emailAddress":"capslock@abc.com","walletHolderType":"MERCHANT","currentBalance":0.0,"name":"PAURV","msisdn":"2022082083757","availableBalance":0.0},{"pendingBalance":0.0,"walletId":12025,"lastUpdated":"2022-08-20 T 17:36:57","emailAddress":"capslock@abc.com","walletHolderType":"MERCHANT","currentBalance":0.0,"name":"LZEV","msisdn":"202208208485","availableBalance":0.0},{"pendingBalance":0.0,"walletId":11896,"lastUpdated":"2022-08-20 T 14:25:43","emailAddress":"capslock@abc.com","walletHolderType":"MERCHANT","currentBalance":0.0,"name":"XTSRB","msisdn":"2022082084967","availableBalance":0.0},{"pendingBalance":0.0,"walletId":11959,"lastUpdated":"2022-08-20 T 17:09:09","emailAddress":"capslock@abc.com","walletHolderType":"MERCHANT","currentBalance":0.0,"name":"FUPCF","msisdn":"2022082086274","availableBalance":0.0},{"pendingBalance":0.0,"walletId":11909,"lastUpdated":"2022-08-20 T 15:44:22","emailAddress":"capslock@abc.com","walletHolderType":"MERCHANT","currentBalance":0.0,"name":"KYRFB","msisdn":"2022082086788","availableBalance":0.0},{"pendingBalance":0.0,"walletId":11962,"lastUpdated":"2022-08-20 T 17:09:12","emailAddress":"capslock@abc.com","walletHolderType":"MERCHANT","currentBalance":0.0,"name":"CXVAS","msisdn":"2022082087171","availableBalance":0.0},{"pendingBalance":0.0,"walletId":12038,"lastUpdated":"2022-08-20 T 17:39:08","emailAddress":"capslock@abc.com","walletHolderType":"MERCHANT","currentBalance":0.0,"name":"ETGYP","msisdn":"2022082088233","availableBalance":0.0},{"pendingBalance":0.0,"walletId":11934,"lastUpdated":"2022-08-20 T 16:14:58","emailAddress":"capslock@abc.com","walletHolderType":"MERCHANT","currentBalance":0.0,"name":"IAW","msisdn":"2022082088430","availableBalance":0.0},{"pendingBalance":0.0,"walletId":11963,"lastUpdated":"2022-08-20 T 17:09:12","emailAddress":"capslock@abc.com","walletHolderType":"MERCHANT","currentBalance":0.0,"name":"ZMCPF","msisdn":"2022082088806","availableBalance":0.0},{"pendingBalance":0.0,"walletId":11866,"lastUpdated":"2022-08-20 T 14:19:55","emailAddress":"capslock@abc.com","walletHolderType":"MERCHANT","currentBalance":0.0,"name":"JGZSX","msisdn":"2022082088855","availableBalance":0.0},{"pendingBalance":0.0,"walletId":11916,"lastUpdated":"2022-08-20 T 16:11:03","emailAddress":"capslock@abc.com","walletHolderType":"MERCHANT","currentBalance":0.0,"name":"AHO","msisdn":"2022082088926","availableBalance":0.0},{"pendingBalance":0.0,"walletId":12045,"lastUpdated":"2022-08-20 T 17:40:49","emailAddress":"capslock@abc.com","walletHolderType":"MERCHANT","currentBalance":0.0,"name":"MDOX","msisdn":"2022082090373","availableBalance":0.0},{"pendingBalance":0.0,"walletId":12015,"lastUpdated":"2022-08-20 T 17:34:58","emailAddress":"capslock@abc.com","walletHolderType":"MERCHANT","currentBalance":0.0,"name":"PDYEZ","msisdn":"2022082090944","availableBalance":0.0},{"pendingBalance":0.0,"walletId":11907,"lastUpdated":"2022-08-20 T 15:40:32","emailAddress":"capslock@abc.com","walletHolderType":"MERCHANT","currentBalance":0.0,"name":"UZCXG","msisdn":"2022082091148","availableBalance":0.0},{"pendingBalance":0.0,"walletId":11976,"lastUpdated":"2022-08-20 T 17:26:58","emailAddress":"capslock@abc.com","walletHolderType":"MERCHANT","currentBalance":0.0,"name":"KQWZK","msisdn":"2022082091532","availableBalance":0.0},{"pendingBalance":0.0,"walletId":11950,"lastUpdated":"2022-08-20 T 16:17:32","emailAddress":"capslock@abc.com","walletHolderType":"MERCHANT","currentBalance":0.0,"name":"PCVQJ","msisdn":"2022082091616","availableBalance":0.0},{"pendingBalance":0.0,"walletId":12033,"lastUpdated":"2022-08-20 T 17:38:40","emailAddress":"capslock@abc.com","walletHolderType":"MERCHANT","currentBalance":0.0,"name":"BPQO","msisdn":"2022082091638","availableBalance":0.0},{"pendingBalance":0.0,"walletId":11987,"lastUpdated":"2022-08-20 T 17:29:00","emailAddress":"capslock@abc.com","walletHolderType":"MERCHANT","currentBalance":0.0,"name":"QBSQO","msisdn":"2022082091748","availableBalance":0.0},{"pendingBalance":0.0,"walletId":11902,"lastUpdated":"2022-08-20 T 14:27:17","emailAddress":"capslock@abc.com","walletHolderType":"MERCHANT","currentBalance":0.0,"name":"TVHSQ","msisdn":"2022082091799","availableBalance":0.0},{"pendingBalance":0.0,"walletId":12023,"lastUpdated":"2022-08-20 T 17:36:42","emailAddress":"capslock@abc.com","walletHolderType":"MERCHANT","currentBalance":0.0,"name":"RNEHD","msisdn":"2022082091957","availableBalance":0.0},{"pendingBalance":0.0,"walletId":11847,"lastUpdated":"2022-08-20 T 14:12:53","emailAddress":"capslock@abc.com","walletHolderType":"MERCHANT","currentBalance":0.0,"name":"OSTWW","msisdn":"2022082093644","availableBalance":0.0},{"pendingBalance":0.0,"walletId":11838,"lastUpdated":"2022-08-20 T 14:12:52","emailAddress":"capslock@abc.com","walletHolderType":"MERCHANT","currentBalance":0.0,"name":"WMWUE","msisdn":"2022082093986","availableBalance":0.0},{"pendingBalance":0.0,"walletId":11879,"lastUpdated":"2022-08-20 T 14:22:56","emailAddress":"capslock@abc.com","walletHolderType":"MERCHANT","currentBalance":0.0,"name":"QVZMA","msisdn":"2022082094298","availableBalance":0.0},{"pendingBalance":0.0,"walletId":11988,"lastUpdated":"2022-08-20 T 17:29:04","emailAddress":"capslock@abc.com","walletHolderType":"MERCHANT","currentBalance":0.0,"name":"BGKHG","msisdn":"20220820944","availableBalance":0.0},{"pendingBalance":0.0,"walletId":11890,"lastUpdated":"2022-08-20 T 14:24:59","emailAddress":"capslock@abc.com","walletHolderType":"MERCHANT","currentBalance":0.0,"name":"LIJUE","msisdn":"2022082094547","availableBalance":0.0},{"pendingBalance":0.0,"walletId":11931,"lastUpdated":"2022-08-20 T 16:13:29","emailAddress":"capslock@abc.com","walletHolderType":"MERCHANT","currentBalance":0.0,"name":"FNRUT","msisdn":"2022082094621","availableBalance":0.0},{"pendingBalance":0.0,"walletId":11854,"lastUpdated":"2022-08-20 T 14:17:19","emailAddress":"capslock@abc.com","walletHolderType":"MERCHANT","currentBalance":0.0,"name":"NGNHN","msisdn":"2022082094718","availableBalance":0.0},{"pendingBalance":0.0,"walletId":11954,"lastUpdated":"2022-08-20 T 16:18:55","emailAddress":"capslock@abc.com","walletHolderType":"MERCHANT","currentBalance":0.0,"name":"VGASC","msisdn":"2022082094973","availableBalance":0.0},{"pendingBalance":0.0,"walletId":11926,"lastUpdated":"2022-08-20 T 16:13:02","emailAddress":"capslock@abc.com","walletHolderType":"MERCHANT","currentBalance":0.0,"name":"JZZQN","msisdn":"2022082095333","availableBalance":0.0},{"pendingBalance":0.0,"walletId":12024,"lastUpdated":"2022-08-20 T 17:36:52","emailAddress":"capslock@abc.com","walletHolderType":"MERCHANT","currentBalance":0.0,"name":"NEFGZ","msisdn":"2022082095627","availableBalance":0.0},{"pendingBalance":0.0,"walletId":12008,"lastUpdated":"2022-08-20 T 17:33:12","emailAddress":"capslock@abc.com","walletHolderType":"MERCHANT","currentBalance":0.0,"name":"SOW","msisdn":"2022082098141","availableBalance":0.0},{"pendingBalance":0.0,"walletId":11908,"lastUpdated":"2022-08-20 T 15:41:02","emailAddress":"capslock@abc.com","walletHolderType":"MERCHANT","currentBalance":0.0,"name":"MQMNW","msisdn":"2022082099021","availableBalance":0.0},{"pendingBalance":0.0,"walletId":11923,"lastUpdated":"2022-08-20 T 16:12:13","emailAddress":"capslock@abc.com","walletHolderType":"MERCHANT","currentBalance":0.0,"name":"IZOAT","msisdn":"2022082099094","availableBalance":0.0},{"pendingBalance":0.0,"walletId":11953,"lastUpdated":"2022-08-20 T 16:17:44","emailAddress":"capslock@abc.com","walletHolderType":"MERCHANT","currentBalance":0.0,"name":"WYW","msisdn":"202208209918","availableBalance":0.0},{"pendingBalance":0.0,"walletId":12021,"lastUpdated":"2022-08-20 T 17:36:32","emailAddress":"capslock@abc.com","walletHolderType":"MERCHANT","currentBalance":0.0,"name":"OGNGF","msisdn":"2022082099294","availableBalance":0.0},{"pendingBalance":0.0,"walletId":11863,"lastUpdated":"2022-08-20 T 14:19:19","emailAddress":"capslock@abc.com","walletHolderType":"MERCHANT","currentBalance":0.0,"name":"YTPKG","msisdn":"2022082099403","availableBalance":0.0},{"pendingBalance":0.0,"walletId":11990,"lastUpdated":"2022-08-20 T 17:30:25","emailAddress":"capslock@abc.com","walletHolderType":"MERCHANT","currentBalance":0.0,"name":"VIJGR","msisdn":"2022082099543","availableBalance":0.0},{"pendingBalance":0.0,"walletId":12052,"lastUpdated":"2022-08-21 T 17:08:22","emailAddress":"capslock@abc.com","walletHolderType":"MERCHANT","currentBalance":0.0,"name":"MEHVB","msisdn":"2022082116667","availableBalance":0.0},{"pendingBalance":0.0,"walletId":12077,"lastUpdated":"2022-08-21 T 17:22:53","emailAddress":"capslock@abc.com","walletHolderType":"MERCHANT","currentBalance":0.0,"name":"BIEPB","msisdn":"2022082125797","availableBalance":0.0},{"pendingBalance":0.0,"walletId":12065,"lastUpdated":"2022-08-21 T 17:19:33","emailAddress":"capslock@abc.com","walletHolderType":"MERCHANT","currentBalance":0.0,"name":"JVMQM","msisdn":"2022082131326","availableBalance":0.0},{"pendingBalance":0.0,"walletId":12070,"lastUpdated":"2022-08-21 T 17:19:33","emailAddress":"capslock@abc.com","walletHolderType":"MERCHANT","currentBalance":0.0,"name":"JHQC","msisdn":"2022082131584","availableBalance":0.0},{"pendingBalance":0.0,"walletId":12071,"lastUpdated":"2022-08-21 T 17:19:35","emailAddress":"capslock@abc.com","walletHolderType":"MERCHANT","currentBalance":0.0,"name":"FYOKS","msisdn":"2022082133918","availableBalance":0.0},{"pendingBalance":0.0,"walletId":12079,"lastUpdated":"2022-08-21 T 17:23:30","emailAddress":"capslock@abc.com","walletHolderType":"MERCHANT","currentBalance":0.0,"name":"UTTO","msisdn":"2022082135500","availableBalance":0.0},{"pendingBalance":0.0,"walletId":12058,"lastUpdated":"2022-08-21 T 17:08:22","emailAddress":"capslock@abc.com","walletHolderType":"MERCHANT","currentBalance":0.0,"name":"CNUSO","msisdn":"2022082139431","availableBalance":0.0},{"pendingBalance":0.0,"walletId":12059,"lastUpdated":"2022-08-21 T 17:08:22","emailAddress":"capslock@abc.com","walletHolderType":"MERCHANT","currentBalance":0.0,"name":"CCHES","msisdn":"2022082142261","availableBalance":0.0},{"pendingBalance":0.0,"walletId":12069,"lastUpdated":"2022-08-21 T 17:19:33","emailAddress":"capslock@abc.com","walletHolderType":"MERCHANT","currentBalance":0.0,"name":"BPXNW","msisdn":"2022082143529","availableBalance":0.0},{"pendingBalance":0.0,"walletId":12056,"lastUpdated":"2022-08-21 T 17:08:22","emailAddress":"capslock@abc.com","walletHolderType":"MERCHANT","currentBalance":0.0,"name":"RTBCG","msisdn":"202208214392","availableBalance":0.0},{"pendingBalance":0.0,"walletId":12049,"lastUpdated":"2022-08-21 T 16:37:29","emailAddress":"capslock@abc.com","walletHolderType":"MERCHANT","currentBalance":0.0,"name":"SWUWW","msisdn":"2022082146295","availableBalance":0.0},{"pendingBalance":0.0,"walletId":12063,"lastUpdated":"2022-08-21 T 17:19:33","emailAddress":"capslock@abc.com","walletHolderType":"MERCHANT","currentBalance":0.0,"name":"WEOTA","msisdn":"2022082148263","availableBalance":0.0},{"pendingBalance":0.0,"walletId":12068,"lastUpdated":"2022-08-21 T 17:19:33","emailAddress":"capslock@abc.com","walletHolderType":"MERCHANT","currentBalance":0.0,"name":"EVTUP","msisdn":"2022082155619","availableBalance":0.0},{"pendingBalance":0.0,"walletId":12053,"lastUpdated":"2022-08-21 T 17:08:22","emailAddress":"capslock@abc.com","walletHolderType":"MERCHANT","currentBalance":0.0,"name":"CTFXN","msisdn":"2022082156600","availableBalance":0.0},{"pendingBalance":0.0,"walletId":12055,"lastUpdated":"2022-08-21 T 17:08:22","emailAddress":"capslock@abc.com","walletHolderType":"MERCHANT","currentBalance":0.0,"name":"ISYFG","msisdn":"202208215892","availableBalance":0.0},{"pendingBalance":0.0,"walletId":12050,"lastUpdated":"2022-08-21 T 16:53:12","emailAddress":"capslock@abc.com","walletHolderType":"MERCHANT","currentBalance":0.0,"name":"BNWLF","msisdn":"2022082162545","availableBalance":0.0},{"pendingBalance":0.0,"walletId":12061,"lastUpdated":"2022-08-21 T 17:08:22","emailAddress":"capslock@abc.com","walletHolderType":"MERCHANT","currentBalance":0.0,"name":"RVHJB","msisdn":"2022082163715","availableBalance":0.0},{"pendingBalance":0.0,"walletId":12078,"lastUpdated":"2022-08-21 T 17:22:53","emailAddress":"capslock@abc.com","walletHolderType":"MERCHANT","currentBalance":0.0,"name":"SMEM","msisdn":"2022082164812","availableBalance":0.0},{"pendingBalance":0.0,"walletId":12054,"lastUpdated":"2022-08-21 T 17:08:22","emailAddress":"capslock@abc.com","walletHolderType":"MERCHANT","currentBalance":0.0,"name":"LYOML","msisdn":"2022082170374","availableBalance":0.0},{"pendingBalance":0.0,"walletId":12072,"lastUpdated":"2022-08-21 T 17:20:03","emailAddress":"capslock@abc.com","walletHolderType":"MERCHANT","currentBalance":0.0,"name":"MELGQ","msisdn":"2022082171680","availableBalance":0.0},{"pendingBalance":0.0,"walletId":12064,"lastUpdated":"2022-08-21 T 17:19:33","emailAddress":"capslock@abc.com","walletHolderType":"MERCHANT","currentBalance":0.0,"name":"WLGCC","msisdn":"2022082178808","availableBalance":0.0},{"pendingBalance":0.0,"walletId":12076,"lastUpdated":"2022-08-21 T 17:22:53","emailAddress":"capslock@abc.com","walletHolderType":"MERCHANT","currentBalance":0.0,"name":"LHDPG","msisdn":"202208218072","availableBalance":0.0},{"pendingBalance":0.0,"walletId":12060,"lastUpdated":"2022-08-21 T 17:08:22","emailAddress":"capslock@abc.com","walletHolderType":"MERCHANT","currentBalance":0.0,"name":"KHKYC","msisdn":"202208218134","availableBalance":0.0},{"pendingBalance":0.0,"walletId":12067,"lastUpdated":"2022-08-21 T 17:19:33","emailAddress":"capslock@abc.com","walletHolderType":"MERCHANT","currentBalance":0.0,"name":"PKYPC","msisdn":"202208218383","availableBalance":0.0},{"pendingBalance":0.0,"walletId":12062,"lastUpdated":"2022-08-21 T 17:10:53","emailAddress":"capslock@abc.com","walletHolderType":"MERCHANT","currentBalance":0.0,"name":"GDWFJ","msisdn":"2022082186186","availableBalance":0.0},{"pendingBalance":0.0,"walletId":12075,"lastUpdated":"2022-08-21 T 17:22:53","emailAddress":"capslock@abc.com","walletHolderType":"MERCHANT","currentBalance":0.0,"name":"EBEWZ","msisdn":"2022082187233","availableBalance":0.0},{"pendingBalance":0.0,"walletId":12074,"lastUpdated":"2022-08-21 T 17:22:53","emailAddress":"capslock@abc.com","walletHolderType":"MERCHANT","currentBalance":0.0,"name":"JJULG","msisdn":"2022082187571","availableBalance":0.0},{"pendingBalance":0.0,"walletId":12073,"lastUpdated":"2022-08-21 T 17:22:05","emailAddress":"capslock@abc.com","walletHolderType":"MERCHANT","currentBalance":0.0,"name":"IYORT","msisdn":"2022082191332","availableBalance":0.0},{"pendingBalance":0.0,"walletId":12057,"lastUpdated":"2022-08-21 T 17:08:22","emailAddress":"capslock@abc.com","walletHolderType":"MERCHANT","currentBalance":0.0,"name":"YNKWN","msisdn":"2022082192973","availableBalance":0.0},{"pendingBalance":0.0,"walletId":12051,"lastUpdated":"2022-08-21 T 16:58:44","emailAddress":"capslock@abc.com","walletHolderType":"MERCHANT","currentBalance":0.0,"name":"SCNMS","msisdn":"2022082197404","availableBalance":0.0},{"pendingBalance":0.0,"walletId":12066,"lastUpdated":"2022-08-21 T 17:19:33","emailAddress":"capslock@abc.com","walletHolderType":"MERCHANT","currentBalance":0.0,"name":"ESBEY","msisdn":"2022082198374","availableBalance":0.0},{"pendingBalance":0.0,"walletId":12117,"lastUpdated":"2022-08-23 T 04:22:47","emailAddress":"capslock@abc.com","walletHolderType":"MERCHANT","currentBalance":0.0,"name":"JNURY","msisdn":"2022082310108","availableBalance":0.0},{"pendingBalance":0.0,"walletId":12120,"lastUpdated":"2022-08-23 T 04:22:47","emailAddress":"capslock@abc.com","walletHolderType":"MERCHANT","currentBalance":0.0,"name":"DNSZH","msisdn":"202208231755","availableBalance":0.0},{"pendingBalance":0.0,"walletId":12126,"lastUpdated":"2022-08-23 T 04:24:26","emailAddress":"capslock@abc.com","walletHolderType":"MERCHANT","currentBalance":0.0,"name":"ISTXO","msisdn":"2022082317829","availableBalance":0.0},{"pendingBalance":0.0,"walletId":12096,"lastUpdated":"2022-08-23 T 04:13:02","emailAddress":"capslock@abc.com","walletHolderType":"MERCHANT","currentBalance":0.0,"name":"KGJZI","msisdn":"20220823228","availableBalance":0.0},{"pendingBalance":0.0,"walletId":12093,"lastUpdated":"2022-08-23 T 04:11:07","emailAddress":"capslock@abc.com","walletHolderType":"MERCHANT","currentBalance":0.0,"name":"YDJMO","msisdn":"2022082322806","availableBalance":0.0},{"pendingBalance":0.0,"walletId":12086,"lastUpdated":"2022-08-23 T 04:11:07","emailAddress":"capslock@abc.com","walletHolderType":"MERCHANT","currentBalance":0.0,"name":"JZPSW","msisdn":"2022082322902","availableBalance":0.0},{"pendingBalance":0.0,"walletId":12101,"lastUpdated":"2022-08-23 T 04:13:03","emailAddress":"capslock@abc.com","walletHolderType":"MERCHANT","currentBalance":0.0,"name":"QGLIS","msisdn":"2022082323471","availableBalance":0.0},{"pendingBalance":0.0,"walletId":12122,"lastUpdated":"2022-08-23 T 04:22:47","emailAddress":"capslock@abc.com","walletHolderType":"MERCHANT","currentBalance":0.0,"name":"AOQDR","msisdn":"2022082325563","availableBalance":0.0},{"pendingBalance":0.0,"walletId":12133,"lastUpdated":"2022-08-23 T 04:24:26","emailAddress":"capslock@abc.com","walletHolderType":"MERCHANT","currentBalance":0.0,"name":"GJMOR","msisdn":"202208232641","availableBalance":0.0},{"pendingBalance":0.0,"walletId":12091,"lastUpdated":"2022-08-23 T 04:11:07","emailAddress":"capslock@abc.com","walletHolderType":"MERCHANT","currentBalance":0.0,"name":"PWXBW","msisdn":"2022082326723","availableBalance":0.0},{"pendingBalance":0.0,"walletId":12110,"lastUpdated":"2022-08-23 T 04:21:05","emailAddress":"capslock@abc.com","walletHolderType":"MERCHANT","currentBalance":0.0,"name":"STQQO","msisdn":"2022082327917","availableBalance":0.0},{"pendingBalance":0.0,"walletId":12100,"lastUpdated":"2022-08-23 T 04:13:03","emailAddress":"capslock@abc.com","walletHolderType":"MERCHANT","currentBalance":0.0,"name":"XEZFX","msisdn":"2022082328914","availableBalance":0.0},{"pendingBalance":0.0,"walletId":12092,"lastUpdated":"2022-08-23 T 04:11:07","emailAddress":"capslock@abc.com","walletHolderType":"MERCHANT","currentBalance":0.0,"name":"LORB","msisdn":"2022082329079","availableBalance":0.0},{"pendingBalance":0.0,"walletId":12139,"lastUpdated":"2022-08-23 T 04:26:26","emailAddress":"capslock@abc.com","walletHolderType":"MERCHANT","currentBalance":0.0,"name":"YOUQ","msisdn":"202208232929","availableBalance":0.0},{"pendingBalance":0.0,"walletId":12107,"lastUpdated":"2022-08-23 T 04:21:04","emailAddress":"capslock@abc.com","walletHolderType":"MERCHANT","currentBalance":0.0,"name":"QFRIL","msisdn":"2022082330695","availableBalance":0.0},{"pendingBalance":0.0,"walletId":12097,"lastUpdated":"2022-08-23 T 04:13:03","emailAddress":"capslock@abc.com","walletHolderType":"MERCHANT","currentBalance":0.0,"name":"ENKWW","msisdn":"2022082332916","availableBalance":0.0},{"pendingBalance":0.0,"walletId":12089,"lastUpdated":"2022-08-23 T 04:11:07","emailAddress":"capslock@abc.com","walletHolderType":"MERCHANT","currentBalance":0.0,"name":"KWYVU","msisdn":"2022082335928","availableBalance":0.0},{"pendingBalance":0.0,"walletId":12106,"lastUpdated":"2022-08-23 T 04:21:04","emailAddress":"capslock@abc.com","walletHolderType":"MERCHANT","currentBalance":0.0,"name":"GWXYD","msisdn":"2022082336502","availableBalance":0.0},{"pendingBalance":0.0,"walletId":12129,"lastUpdated":"2022-08-23 T 04:24:26","emailAddress":"capslock@abc.com","walletHolderType":"MERCHANT","currentBalance":0.0,"name":"BLLIT","msisdn":"2022082338996","availableBalance":0.0},{"pendingBalance":0.0,"walletId":12099,"lastUpdated":"2022-08-23 T 04:13:03","emailAddress":"capslock@abc.com","walletHolderType":"MERCHANT","currentBalance":0.0,"name":"FWK","msisdn":"2022082340796","availableBalance":0.0},{"pendingBalance":0.0,"walletId":12103,"lastUpdated":"2022-08-23 T 04:13:03","emailAddress":"capslock@abc.com","walletHolderType":"MERCHANT","currentBalance":0.0,"name":"LCLUX","msisdn":"2022082341689","availableBalance":0.0},{"pendingBalance":0.0,"walletId":12112,"lastUpdated":"2022-08-23 T 04:21:04","emailAddress":"capslock@abc.com","walletHolderType":"MERCHANT","currentBalance":0.0,"name":"WWEPE","msisdn":"2022082342191","availableBalance":0.0},{"pendingBalance":0.0,"walletId":12123,"lastUpdated":"2022-08-23 T 04:22:47","emailAddress":"capslock@abc.com","walletHolderType":"MERCHANT","currentBalance":0.0,"name":"ZEOWD","msisdn":"2022082342369","availableBalance":0.0},{"pendingBalance":0.0,"walletId":12128,"lastUpdated":"2022-08-23 T 04:24:26","emailAddress":"capslock@abc.com","walletHolderType":"MERCHANT","currentBalance":0.0,"name":"SODW","msisdn":"2022082342962","availableBalance":0.0},{"pendingBalance":0.0,"walletId":12119,"lastUpdated":"2022-08-23 T 04:22:47","emailAddress":"capslock@abc.com","walletHolderType":"MERCHANT","currentBalance":0.0,"name":"NDRTP","msisdn":"2022082343783","availableBalance":0.0},{"pendingBalance":0.0,"walletId":12124,"lastUpdated":"2022-08-23 T 04:22:47","emailAddress":"capslock@abc.com","walletHolderType":"MERCHANT","currentBalance":0.0,"name":"DNXBM","msisdn":"2022082343956","availableBalance":0.0},{"pendingBalance":0.0,"walletId":12085,"lastUpdated":"2022-08-23 T 04:11:07","emailAddress":"capslock@abc.com","walletHolderType":"MERCHANT","currentBalance":0.0,"name":"ADEA","msisdn":"2022082345063","availableBalance":0.0},{"pendingBalance":0.0,"walletId":12137,"lastUpdated":"2022-08-23 T 04:26:15","emailAddress":"capslock@abc.com","walletHolderType":"MERCHANT","currentBalance":0.0,"name":"WTJF","msisdn":"2022082349015","availableBalance":0.0},{"pendingBalance":0.0,"walletId":12132,"lastUpdated":"2022-08-23 T 04:24:26","emailAddress":"capslock@abc.com","walletHolderType":"MERCHANT","currentBalance":0.0,"name":"MNIGC","msisdn":"2022082350544","availableBalance":0.0},{"pendingBalance":0.0,"walletId":12116,"lastUpdated":"2022-08-23 T 04:22:47","emailAddress":"capslock@abc.com","walletHolderType":"MERCHANT","currentBalance":0.0,"name":"QRTTT","msisdn":"2022082350880","availableBalance":0.0},{"pendingBalance":0.0,"walletId":12127,"lastUpdated":"2022-08-23 T 04:24:26","emailAddress":"capslock@abc.com","walletHolderType":"MERCHANT","currentBalance":0.0,"name":"SZLRA","msisdn":"2022082351973","availableBalance":0.0},{"pendingBalance":0.0,"walletId":12094,"lastUpdated":"2022-08-23 T 04:11:07","emailAddress":"capslock@abc.com","walletHolderType":"MERCHANT","currentBalance":0.0,"name":"AIFZR","msisdn":"202208235240","availableBalance":0.0},{"pendingBalance":0.0,"walletId":12104,"lastUpdated":"2022-08-23 T 04:13:03","emailAddress":"capslock@abc.com","walletHolderType":"MERCHANT","currentBalance":0.0,"name":"GIZUT","msisdn":"2022082357454","availableBalance":0.0},{"pendingBalance":0.0,"walletId":12136,"lastUpdated":"2022-08-23 T 04:26:12","emailAddress":"capslock@abc.com","walletHolderType":"MERCHANT","currentBalance":0.0,"name":"ZUZH","msisdn":"2022082357832","availableBalance":0.0},{"pendingBalance":0.0,"walletId":12138,"lastUpdated":"2022-08-23 T 04:26:20","emailAddress":"capslock@abc.com","walletHolderType":"MERCHANT","currentBalance":0.0,"name":"WGPA","msisdn":"2022082358428","availableBalance":0.0},{"pendingBalance":0.0,"walletId":12095,"lastUpdated":"2022-08-23 T 04:13:02","emailAddress":"capslock@abc.com","walletHolderType":"MERCHANT","currentBalance":0.0,"name":"UVKSF","msisdn":"2022082369626","availableBalance":0.0},{"pendingBalance":0.0,"walletId":12102,"lastUpdated":"2022-08-23 T 04:13:03","emailAddress":"capslock@abc.com","walletHolderType":"MERCHANT","currentBalance":0.0,"name":"TONQ","msisdn":"2022082371239","availableBalance":0.0},{"pendingBalance":0.0,"walletId":12108,"lastUpdated":"2022-08-23 T 04:21:04","emailAddress":"capslock@abc.com","walletHolderType":"MERCHANT","currentBalance":0.0,"name":"NIL","msisdn":"2022082372757","availableBalance":0.0},{"pendingBalance":0.0,"walletId":12121,"lastUpdated":"2022-08-23 T 04:22:47","emailAddress":"capslock@abc.com","walletHolderType":"MERCHANT","currentBalance":0.0,"name":"NHLSV","msisdn":"2022082372884","availableBalance":0.0},{"pendingBalance":0.0,"walletId":12115,"lastUpdated":"2022-08-23 T 04:22:47","emailAddress":"capslock@abc.com","walletHolderType":"MERCHANT","currentBalance":0.0,"name":"XOEK","msisdn":"2022082374569","availableBalance":0.0},{"pendingBalance":0.0,"walletId":12113,"lastUpdated":"2022-08-23 T 04:21:04","emailAddress":"capslock@abc.com","walletHolderType":"MERCHANT","currentBalance":0.0,"name":"TQF","msisdn":"2022082377870","availableBalance":0.0},{"pendingBalance":0.0,"walletId":12088,"lastUpdated":"2022-08-23 T 04:11:07","emailAddress":"capslock@abc.com","walletHolderType":"MERCHANT","currentBalance":0.0,"name":"PJFMZ","msisdn":"2022082378136","availableBalance":0.0},{"pendingBalance":0.0,"walletId":12114,"lastUpdated":"2022-08-23 T 04:21:06","emailAddress":"capslock@abc.com","walletHolderType":"MERCHANT","currentBalance":0.0,"name":"PCVSA","msisdn":"202208237859","availableBalance":0.0},{"pendingBalance":0.0,"walletId":12118,"lastUpdated":"2022-08-23 T 04:22:47","emailAddress":"capslock@abc.com","walletHolderType":"MERCHANT","currentBalance":0.0,"name":"NPIPU","msisdn":"2022082379162","availableBalance":0.0},{"pendingBalance":0.0,"walletId":12135,"lastUpdated":"2022-08-23 T 04:26:05","emailAddress":"capslock@abc.com","walletHolderType":"MERCHANT","currentBalance":0.0,"name":"DMMLN","msisdn":"2022082379504","availableBalance":0.0},{"pendingBalance":0.0,"walletId":12125,"lastUpdated":"2022-08-23 T 04:24:26","emailAddress":"capslock@abc.com","walletHolderType":"MERCHANT","currentBalance":0.0,"name":"AXRVT","msisdn":"2022082383238","availableBalance":0.0},{"pendingBalance":0.0,"walletId":12140,"lastUpdated":"2022-08-23 T 04:26:27","emailAddress":"capslock@abc.com","walletHolderType":"MERCHANT","currentBalance":0.0,"name":"NSBO","msisdn":"2022082383551","availableBalance":0.0},{"pendingBalance":0.0,"walletId":12090,"lastUpdated":"2022-08-23 T 04:11:07","emailAddress":"capslock@abc.com","walletHolderType":"MERCHANT","currentBalance":0.0,"name":"ECLHK","msisdn":"2022082385032","availableBalance":0.0},{"pendingBalance":0.0,"walletId":12134,"lastUpdated":"2022-08-23 T 04:24:26","emailAddress":"capslock@abc.com","walletHolderType":"MERCHANT","currentBalance":0.0,"name":"HMODE","msisdn":"2022082386899","availableBalance":0.0},{"pendingBalance":0.0,"walletId":12087,"lastUpdated":"2022-08-23 T 04:11:07","emailAddress":"capslock@abc.com","walletHolderType":"MERCHANT","currentBalance":0.0,"name":"JYXLQ","msisdn":"202208239165","availableBalance":0.0},{"pendingBalance":0.0,"walletId":12098,"lastUpdated":"2022-08-23 T 04:13:03","emailAddress":"capslock@abc.com","walletHolderType":"MERCHANT","currentBalance":0.0,"name":"SNBPN","msisdn":"2022082392490","availableBalance":0.0},{"pendingBalance":0.0,"walletId":12130,"lastUpdated":"2022-08-23 T 04:24:26","emailAddress":"capslock@abc.com","walletHolderType":"MERCHANT","currentBalance":0.0,"name":"RKFHW","msisdn":"2022082394126","availableBalance":0.0},{"pendingBalance":0.0,"walletId":12111,"lastUpdated":"2022-08-23 T 04:21:04","emailAddress":"capslock@abc.com","walletHolderType":"MERCHANT","currentBalance":0.0,"name":"VAGCE","msisdn":"2022082394373","availableBalance":0.0},{"pendingBalance":0.0,"walletId":12109,"lastUpdated":"2022-08-23 T 04:21:04","emailAddress":"capslock@abc.com","walletHolderType":"MERCHANT","currentBalance":0.0,"name":"ACTZ","msisdn":"2022082395696","availableBalance":0.0},{"pendingBalance":0.0,"walletId":12105,"lastUpdated":"2022-08-23 T 04:21:04","emailAddress":"capslock@abc.com","walletHolderType":"MERCHANT","currentBalance":0.0,"name":"VWTLA","msisdn":"2022082396456","availableBalance":0.0},{"pendingBalance":0.0,"walletId":12131,"lastUpdated":"2022-08-23 T 04:24:26","emailAddress":"capslock@abc.com","walletHolderType":"MERCHANT","currentBalance":0.0,"name":"TPPHA","msisdn":"2022082398863","availableBalance":0.0},{"pendingBalance":0.0,"walletId":13038,"lastUpdated":"2022-10-06 T 12:43:10","emailAddress":null,"walletHolderType":"MERCHANT","currentBalance":0.0,"name":"Capslock","msisdn":"2022100691672","availableBalance":0.0},{"pendingBalance":0.0,"walletId":22873,"lastUpdated":"2022-10-23 T 13:53:33","emailAddress":"capslock@abc.com","walletHolderType":"MERCHANT","currentBalance":0.0,"name":"WZYAJ","msisdn":"2022102376368","availableBalance":0.0},{"pendingBalance":0.0,"walletId":32887,"lastUpdated":"2023-01-19 T 12:41:42","emailAddress":"capslock@abc.com","walletHolderType":"MERCHANT","currentBalance":0.0,"name":"capslock","msisdn":"2023011997522","availableBalance":0.0},{"pendingBalance":0.0,"walletId":32896,"lastUpdated":"2023-01-21 T 10:12:21","emailAddress":"capslock@abc.com","walletHolderType":"MERCHANT","currentBalance":0.0,"name":"capslock","msisdn":"2023012131133","availableBalance":0.0},{"pendingBalance":0.0,"walletId":32897,"lastUpdated":"2023-01-21 T 10:50:35","emailAddress":"capslock@abc.com","walletHolderType":"MERCHANT","currentBalance":0.0,"name":"Capslock","msisdn":"2023012155301","availableBalance":0.0}]