{
  "FilterHeaders": [
    {
      "Header": "user-agent",
      "IncludeInScript": false
    },
    {
      "Header": "upgrade-insecure-requests",
      "IncludeInScript": true
    },
    {
      "Header": "sec-fetch-user",
      "IncludeInScript": true
    },
    {
      "Header": "sec-fetch-site",
      "IncludeInScript": true
    },
    {
      "Header": "sec-fetch-mode",
      "IncludeInScript": true
    },
    {
      "Header": "sec-fetch-dest",
      "IncludeInScript": true
    },
    {
      "Header": "origin",
      "IncludeInScript": true
    },
    {
      "Header": "dnt",
      "IncludeInScript": true
    },
    {
      "Header": "authorization",
      "IncludeInScript": true
    },
    {
      "Header": "accept-language",
      "IncludeInScript": false
    },
    {
      "Header": "accept-encoding",
      "IncludeInScript": false
    },
    {
      "Header": "accept",
      "IncludeInScript": false
    }
  ],
  "FilterResources": [
    {
      "IsNonResource": true,
      "type": "text/html"
    },
    {
      "IsNonResource": false,
      "type": "text/css"
    },
    {
      "IsNonResource": false,
      "type": "image/png"
    },
    {
      "IsNonResource": false,
      "type": "font/woff2"
    },
    {
      "IsNonResource": true,
      "type": "application/json"
    },
    {
      "IsNonResource": false,
      "type": "application/javascript"
    }
  ],
  "GeneralInfo": {
    "BrowserVersion": "",
    "IsWinInetMode": false,
    "MaxUsedConnections": 12,
    "RecordedBrowser": "Firefox",
    "RecordingDate": "Jan-21-2023",
    "RecordingDuration": 623235,
    "RecordingMode": "N/A",
    "RecordingTimeStamp": 1674291836,
    "RecordingType": "Browser",
    "TotalBytesReceived": 1928600,
    "TotalBytesSent": 21036,
    "TotalRequests": 22,
    "UserAgent": "Mozilla/5.0 (Windows NT 10.0; Win64; x64; rv:109.0) Gecko/20100101 Firefox/109.0"
  },
  "HostInfo": [
    {
      "DomainName": "ocsp.pki.goog",
      "Domains": [
        {
          "HTTPVersion": "HTTP/1.1",
          "IP": "142.250.201.131",
          "IncludeInScript": false,
          "Name": "ocsp.pki.goog",
          "Port": 80,
          "Requests": [
            {
              "CompressionType": "",
              "DataType": "application/ocsp-response",
              "DownloadTime": 422,
              "EventId": 2492,
              "HttpStatus": 200,
              "Size": 471,
              "URL": "http://ocsp.pki.goog/gts1c3"
            },
            {
              "CompressionType": "",
              "DataType": "application/ocsp-response",
              "DownloadTime": 406,
              "EventId": 2470,
              "HttpStatus": 200,
              "Size": 5,
              "URL": "http://ocsp.pki.goog/gts1c3"
            },
            {
              "CompressionType": "",
              "DataType": "application/ocsp-response",
              "DownloadTime": 390,
              "EventId": 2468,
              "HttpStatus": 200,
              "Size": 472,
              "URL": "http://ocsp.pki.goog/gts1c3"
            },
            {
              "CompressionType": "",
              "DataType": "application/ocsp-response",
              "DownloadTime": 468,
              "EventId": 2358,
              "HttpStatus": 200,
              "Size": 5,
              "URL": "http://ocsp.pki.goog/gts1c3"
            }
          ],
          "SSLCipher": "None",
          "SSLVersion": "None"
        }
      ],
      "IncludeInScript": true
    },
    {
      "DomainName": "mozilla.org",
      "Domains": [
        {
          "HTTPVersion": "HTTP/1.1",
          "IP": "34.120.208.123",
          "IncludeInScript": false,
          "Name": "incoming.telemetry.mozilla.org",
          "Port": 443,
          "Requests": [
            {
              "CompressionType": "",
              "DataType": "text/plain",
              "DownloadTime": 515,
              "EventId": 2266,
              "HttpStatus": 200,
              "Size": 0,
              "URL": "https://incoming.telemetry.mozilla.org/submit/firefox-desktop/baseline/1/ce4ad7e0-c9d2-420b-a04c-f96c9bb50dc2"
            },
            {
              "CompressionType": "",
              "DataType": "text/plain",
              "DownloadTime": 562,
              "EventId": 2198,
              "HttpStatus": 200,
              "Size": 0,
              "URL": "https://incoming.telemetry.mozilla.org/submit/messaging-system/undesired-events/1/ead8d119-d74f-4805-921a-180b4aca49ce"
            },
            {
              "CompressionType": "",
              "DataType": "text/plain",
              "DownloadTime": 546,
              "EventId": 2196,
              "HttpStatus": 200,
              "Size": 0,
              "URL": "https://incoming.telemetry.mozilla.org/submit/firefox-desktop/newtab/1/601c06fe-c841-47a6-babf-4d9d4b6b32db"
            }
          ],
          "SSLCipher": "TLS_AES_256_GCM_SHA384",
          "SSLVersion": "TLS1.3"
        },
        {
          "HTTPVersion": "HTTP/1.1",
          "IP": "35.244.181.201",
          "IncludeInScript": false,
          "Name": "aus5.mozilla.org",
          "Port": 443,
          "Requests": [
            {
              "CompressionType": "",
              "DataType": "text/xml",
              "DownloadTime": 266,
              "EventId": 2182,
              "HttpStatus": 200,
              "Size": 42,
              "URL": "https://aus5.mozilla.org/update/6/Firefox/109.0/20230112150232/WINNT_x86_64-msvc-x64/en-US/release/Windows_NT%2010.0.0.0.22000.1455%20(x64)/ISET:SSE4_2,MEM:6064/default/default/update.xml?force=1"
            }
          ],
          "SSLCipher": "TLS_AES_256_GCM_SHA384",
          "SSLVersion": "TLS1.3"
        }
      ],
      "IncludeInScript": true
    },
    {
      "DomainName": "mozilla.com",
      "Domains": [
        {
          "HTTPVersion": "HTTP/1.1",
          "IP": "34.215.55.199",
          "IncludeInScript": false,
          "Name": "push.services.mozilla.com",
          "Port": 443,
          "Requests": [
            {
              "CompressionType": "",
              "DataType": "",
              "DownloadTime": 375,
              "EventId": 2446,
              "HttpStatus": 101,
              "Size": 0,
              "URL": "https://push.services.mozilla.com/"
            }
          ],
          "SSLCipher": "ECDHE-RSA-AES128-GCM-SHA256",
          "SSLVersion": "TLS1.2"
        },
        {
          "HTTPVersion": "HTTP/1.1",
          "IP": "34.117.237.239",
          "IncludeInScript": false,
          "Name": "contile.services.mozilla.com",
          "Port": 443,
          "Requests": [
            {
              "CompressionType": "",
              "DataType": "application/json",
              "DownloadTime": 1235,
              "EventId": 2559,
              "HttpStatus": 200,
              "Size": 12,
              "URL": "https://contile.services.mozilla.com/v1/tiles"
            },
            {
              "CompressionType": "",
              "DataType": "application/json",
              "DownloadTime": 562,
              "EventId": 2193,
              "HttpStatus": 200,
              "Size": 12,
              "URL": "https://contile.services.mozilla.com/v1/tiles"
            }
          ],
          "SSLCipher": "TLS_AES_256_GCM_SHA384",
          "SSLVersion": "TLS1.3"
        }
      ],
      "IncludeInScript": true
    },
    {
      "DomainName": "lencr.org",
      "Domains": [
        {
          "HTTPVersion": "HTTP/1.1",
          "IP": "2.16.149.10",
          "IncludeInScript": false,
          "Name": "r3.o.lencr.org",
          "Port": 80,
          "Requests": [
            {
              "CompressionType": "",
              "DataType": "application/ocsp-response",
              "DownloadTime": 438,
              "EventId": 2143,
              "HttpStatus": 200,
              "Size": 5,
              "URL": "http://r3.o.lencr.org/"
            }
          ],
          "SSLCipher": "None",
          "SSLVersion": "None"
        }
      ],
      "IncludeInScript": true
    },
    {
      "DomainName": "ishatrainingsolutions.com",
      "Domains": [
        {
          "HTTPVersion": "HTTP/1.1",
          "IP": "95.111.246.220",
          "IncludeInScript": true,
          "Name": "www.ishatrainingsolutions.com",
          "Port": 443,
          "Requests": [
            {
              "CompressionType": "",
              "DataType": "application/json",
              "DownloadTime": 2078,
              "EventId": 2670,
              "HttpStatus": 200,
              "Size": 234,
              "URL": "https://www.ishatrainingsolutions.com/adminPortal/getWallet?value=2022081797091"
            },
            {
              "CompressionType": "",
              "DataType": "application/json",
              "DownloadTime": 766,
              "EventId": 2647,
              "HttpStatus": 200,
              "Size": 89851,
              "URL": "https://www.ishatrainingsolutions.com/adminPortal/showDetails?value=capslock"
            },
            {
              "CompressionType": "",
              "DataType": "application/json",
              "DownloadTime": 2422,
              "EventId": 2571,
              "HttpStatus": 200,
              "Size": 74,
              "URL": "https://www.ishatrainingsolutions.com/adminPortal/merchantVal/2023012155301"
            },
            {
              "CompressionType": "",
              "DataType": "application/json",
              "DownloadTime": 1906,
              "EventId": 2565,
              "HttpStatus": 200,
              "Size": 94,
              "URL": "https://www.ishatrainingsolutions.com/adminPortal/registerMerchant"
            },
            {
              "CompressionType": "",
              "DataType": "application/json",
              "DownloadTime": 1343,
              "EventId": 2553,
              "HttpStatus": 200,
              "Size": 69,
              "URL": "https://www.ishatrainingsolutions.com/adminPortal/genReference"
            },
            {
              "CompressionType": "",
              "DataType": "application/json",
              "DownloadTime": 265,
              "EventId": 2534,
              "HttpStatus": 200,
              "Size": 101,
              "URL": "https://www.ishatrainingsolutions.com/adminPortal/getAllPortalVersion"
            },
            {
              "CompressionType": "",
              "DataType": "application/json",
              "DownloadTime": 250,
              "EventId": 2530,
              "HttpStatus": 200,
              "Size": 383,
              "URL": "https://www.ishatrainingsolutions.com/adminPortal/getAllType"
            },
            {
              "CompressionType": "",
              "DataType": "application/json",
              "DownloadTime": 312,
              "EventId": 2526,
              "HttpStatus": 200,
              "Size": 194,
              "URL": "https://www.ishatrainingsolutions.com/adminPortal/getHolderType/4"
            },
            {
              "CompressionType": "",
              "DataType": "application/json",
              "DownloadTime": 344,
              "EventId": 2521,
              "HttpStatus": 200,
              "Size": 279,
              "URL": "https://www.ishatrainingsolutions.com/adminPortal/getAllStatus"
            },
            {
              "CompressionType": "",
              "DataType": "application/json",
              "DownloadTime": 812,
              "EventId": 2515,
              "HttpStatus": 200,
              "Size": 425,
              "URL": "https://www.ishatrainingsolutions.com/adminPortal/getAllLanguages"
            },
            {
              "CompressionType": "",
              "DataType": "application/json",
              "DownloadTime": 266,
              "EventId": 2506,
              "HttpStatus": 200,
              "Size": 55,
              "URL": "https://www.ishatrainingsolutions.com/adminPortal/secVal"
            },
            {
              "CompressionType": "",
              "DataType": "application/json",
              "DownloadTime": 219,
              "EventId": 2500,
              "HttpStatus": 200,
              "Size": 115,
              "URL": "https://www.ishatrainingsolutions.com/adminPortal/secQue"
            },
            {
              "CompressionType": "",
              "DataType": "application/json",
              "DownloadTime": 781,
              "EventId": 2498,
              "HttpStatus": 200,
              "Size": 1802,
              "URL": "https://www.ishatrainingsolutions.com/oauth/token?grant_type=password&username=ishatrainingsolution&password=ishatrainingsolution"
            },
            {
              "CompressionType": "",
              "DataType": "font/woff2",
              "DownloadTime": 344,
              "EventId": 2456,
              "HttpStatus": 200,
              "Size": 79444,
              "URL": "https://www.ishatrainingsolutions.com/fa-solid-900.b15db15f746f29ffa026.woff2"
            },
            {
              "CompressionType": "",
              "DataType": "image/png",
              "DownloadTime": 172,
              "EventId": 2454,
              "HttpStatus": 200,
              "Size": 4249,
              "URL": "https://www.ishatrainingsolutions.com/assets/logo.png"
            },
            {
              "CompressionType": "",
              "DataType": "image/png",
              "DownloadTime": 172,
              "EventId": 2443,
              "HttpStatus": 200,
              "Size": 1423,
              "URL": "https://www.ishatrainingsolutions.com/assets/favicon.png"
            },
            {
              "CompressionType": "",
              "DataType": "application/javascript",
              "DownloadTime": 360,
              "EventId": 2356,
              "HttpStatus": 200,
              "Size": 41994,
              "URL": "https://www.ishatrainingsolutions.com/polyfills.800d19885f81918311cb.js"
            },
            {
              "CompressionType": "",
              "DataType": "application/javascript",
              "DownloadTime": 375,
              "EventId": 2353,
              "HttpStatus": 200,
              "Size": 1160589,
              "URL": "https://www.ishatrainingsolutions.com/main.a042e4fffa233502593b.js"
            },
            {
              "CompressionType": "",
              "DataType": "application/javascript",
              "DownloadTime": 172,
              "EventId": 2351,
              "HttpStatus": 200,
              "Size": 1440,
              "URL": "https://www.ishatrainingsolutions.com/runtime.26209474bfa8dc87a77c.js"
            },
            {
              "CompressionType": "",
              "DataType": "application/javascript",
              "DownloadTime": 407,
              "EventId": 2308,
              "HttpStatus": 200,
              "Size": 249165,
              "URL": "https://www.ishatrainingsolutions.com/scripts.3fa900baa8ca3ef0fb6c.js"
            },
            {
              "CompressionType": "",
              "DataType": "text/css",
              "DownloadTime": 406,
              "EventId": 2305,
              "HttpStatus": 200,
              "Size": 295536,
              "URL": "https://www.ishatrainingsolutions.com/styles.beb8cb4c64504bdfb4d4.css"
            },
            {
              "CompressionType": "",
              "DataType": "text/html",
              "DownloadTime": 234,
              "EventId": 2252,
              "HttpStatus": 200,
              "Size": 1084,
              "URL": "https://www.ishatrainingsolutions.com/"
            }
          ],
          "SSLCipher": "ECDHE-RSA-AES128-GCM-SHA256",
          "SSLVersion": "TLS1.2"
        }
      ],
      "IncludeInScript": true
    },
    {
      "DomainName": "gstatic.com",
      "Domains": [
        {
          "HTTPVersion": "HTTP/1.1",
          "IP": "172.217.169.227",
          "IncludeInScript": false,
          "Name": "fonts.gstatic.com",
          "Port": 443,
          "Requests": [
            {
              "CompressionType": "",
              "DataType": "font/woff2",
              "DownloadTime": 204,
              "EventId": 2474,
              "HttpStatus": 200,
              "Size": 16740,
              "URL": "https://fonts.gstatic.com/s/opensans/v34/memSYaGs126MiZpBA-UvWbX2vVnXBbObj2OVZyOOSr4dVJWUgsjZ0B4gaVI.woff2"
            }
          ],
          "SSLCipher": "TLS_AES_256_GCM_SHA384",
          "SSLVersion": "TLS1.3"
        }
      ],
      "IncludeInScript": true
    },
    {
      "DomainName": "googleapis.com",
      "Domains": [
        {
          "HTTPVersion": "HTTP/1.1",
          "IP": "172.217.19.10",
          "IncludeInScript": false,
          "Name": "fonts.googleapis.com",
          "Port": 443,
          "Requests": [
            {
              "CompressionType": "gzip",
              "DataType": "text/css",
              "DownloadTime": 563,
              "EventId": 2362,
              "HttpStatus": 200,
              "Size": 602,
              "URL": "https://fonts.googleapis.com/css?family=Open+Sans"
            }
          ],
          "SSLCipher": "TLS_AES_256_GCM_SHA384",
          "SSLVersion": "TLS1.3"
        }
      ],
      "IncludeInScript": true
    },
    {
      "DomainName": "firefox.com",
      "Domains": [
        {
          "HTTPVersion": "HTTP/1.1",
          "IP": "34.107.221.82",
          "IncludeInScript": false,
          "Name": "detectportal.firefox.com",
          "Port": 80,
          "Requests": [
            {
              "CompressionType": "",
              "DataType": "text/plain",
              "DownloadTime": 297,
              "EventId": 2262,
              "HttpStatus": 200,
              "Size": 8,
              "URL": "http://detectportal.firefox.com/success.txt?ipv4"
            },
            {
              "CompressionType": "",
              "DataType": "text/html",
              "DownloadTime": 1531,
              "EventId": 2227,
              "HttpStatus": 200,
              "Size": 90,
              "URL": "http://detectportal.firefox.com/canonical.html"
            },
            {
              "CompressionType": "",
              "DataType": "text/html",
              "DownloadTime": 297,
              "EventId": 2141,
              "HttpStatus": 200,
              "Size": 90,
              "URL": "http://detectportal.firefox.com/canonical.html"
            },
            {
              "CompressionType": "",
              "DataType": "text/plain",
              "DownloadTime": 297,
              "EventId": 2128,
              "HttpStatus": 200,
              "Size": 8,
              "URL": "http://detectportal.firefox.com/success.txt?ipv4"
            },
            {
              "CompressionType": "",
              "DataType": "text/html",
              "DownloadTime": 219,
              "EventId": 2027,
              "HttpStatus": 200,
              "Size": 90,
              "URL": "http://detectportal.firefox.com/canonical.html"
            }
          ],
          "SSLCipher": "None",
          "SSLVersion": "None"
        }
      ],
      "IncludeInScript": true
    },
    {
      "DomainName": "digicert.com",
      "Domains": [
        {
          "HTTPVersion": "HTTP/1.1",
          "IP": "93.184.220.29",
          "IncludeInScript": false,
          "Name": "ocsp.digicert.com",
          "Port": 80,
          "Requests": [
            {
              "CompressionType": "",
              "DataType": "application/ocsp-response",
              "DownloadTime": 344,
              "EventId": 2201,
              "HttpStatus": 200,
              "Size": 5,
              "URL": "http://ocsp.digicert.com/"
            },
            {
              "CompressionType": "",
              "DataType": "application/ocsp-response",
              "DownloadTime": 328,
              "EventId": 2180,
              "HttpStatus": 200,
              "Size": 471,
              "URL": "http://ocsp.digicert.com/"
            },
            {
              "CompressionType": "",
              "DataType": "application/ocsp-response",
              "DownloadTime": 250,
              "EventId": 2177,
              "HttpStatus": 200,
              "Size": 5,
              "URL": "http://ocsp.digicert.com/"
            },
            {
              "CompressionType": "",
              "DataType": "application/ocsp-response",
              "DownloadTime": 312,
              "EventId": 2169,
              "HttpStatus": 200,
              "Size": 471,
              "URL": "http://ocsp.digicert.com/"
            }
          ],
          "SSLCipher": "None",
          "SSLVersion": "None"
        }
      ],
      "IncludeInScript": true
    }
  ],
  "WebSocket": {
    "IncludeInScript": false,
    "IsScriptIncludeWebSocket": true
  },
  "NumberOfCorrelations": 1
}