{"_type":"ItemSearchResponse","deals":{"retailerData":{"domainName":"127.0.0.1","checkoutPageUrl":"/checkout/cart","orderConfirmationPageUrl":"/checkout/onepage/success/","allCheckoutPages":[{"inputBoxSelector":"#coupon_code","applyButtonSelector":"#discount-coupon-form BUTTON.apply","removeCouponButtonSelector":"#discount-coupon-form BUTTON.cancel","orderTotalDataElementSelector":"#shopping-cart-totals-table tfoot .price","waitBeforeReApplyingNextCoupon":1000,"waitAfterApplyingCurrentCoupon":2000,"checkoutPageUrl":"/checkout/cart","refreshAfterApplying":true,"refreshAfterRemoving":true,"clickBeforeStartSelector":"[class*='showcoupon']","errorMessageSelector":".messages [role='alert']","manualCouponApplyTrackingEnabled":true}],"isHighTrafficDomain":false,"standdownDuration":"0","cancellationPageTelemetry":{"cancellationPageUrlRegex":"(/rma/account/view/request/|/rma/guest/view/request/)","transactionIdSelector":".amrma-customer-name>p:first-child .amrma-name","productTitleSelector":"div.amrma-product-information > strong"},"selectorExtractionEnabled":true},"errorCode":"OK","impressionId":"E85A5BD2057748C684921278AD7913DB","cashback":{"userRebateResponse":{},"isRebatesSupportedDomain":false,"isSignInSupportedDomain":true,"personalizedCashback":{}},"shouldRenderIcon":true,"shouldAutoOpenPage":0,"shouldRenderSustainability":false,"aFDMarket":"am-et","market":"am-et","userPersonalizationInfo":{},"userInfo":{"isMSASignedIn":false,"isBingSignedInUser":false,"isSSOEnabled":true,"isSignedUser":false,"ageGroup":0,"isPersonalizationDataConsentEnabled":true,"isPersonalizationDataConsentChanged":true,"isAADSignedIn":false},"productTracking":{"trackedProducts":[]},"isSSOEnabled":true,"clientInfo":{"isOffTheRecord":true,"buildVersion":"113.0.1774.50"},"autos":{"isAutosSupportedDomain":false},"contentDataType":"Deals","promotionalCampaignDealsResponse":{"isEnrolled":false,"isCashbackPlatformAcknowledged":false}},"impressionId":"E85A5BD2057748C684921278AD7913DB"}