{
  "FilterHeaders": [
    {
      "Header": "user-agent",
      "IncludeInScript": false
    },
    {
      "Header": "upgrade-insecure-requests",
      "IncludeInScript": true
    },
    {
      "Header": "token",
      "IncludeInScript": true
    },
    {
      "Header": "sec-ms-gec-version",
      "IncludeInScript": true
    },
    {
      "Header": "sec-ms-gec",
      "IncludeInScript": true
    },
    {
      "Header": "sec-fetch-user",
      "IncludeInScript": true
    },
    {
      "Header": "sec-fetch-site",
      "IncludeInScript": true
    },
    {
      "Header": "sec-fetch-mode",
      "IncludeInScript": true
    },
    {
      "Header": "sec-fetch-dest",
      "IncludeInScript": true
    },
    {
      "Header": "sec-ch-ua-platform",
      "IncludeInScript": true
    },
    {
      "Header": "sec-ch-ua-mobile",
      "IncludeInScript": true
    },
    {
      "Header": "sec-ch-ua",
      "IncludeInScript": true
    },
    {
      "Header": "origin",
      "IncludeInScript": true
    },
    {
      "Header": "msa_deviceticket",
      "IncludeInScript": true
    },
    {
      "Header": "if-none-match",
      "IncludeInScript": false
    },
    {
      "Header": "cache-control",
      "IncludeInScript": false
    },
    {
      "Header": "authorization",
      "IncludeInScript": true
    },
    {
      "Header": "appinfoclientname",
      "IncludeInScript": true
    },
    {
      "Header": "access-control-request-method",
      "IncludeInScript": true
    },
    {
      "Header": "access-control-request-headers",
      "IncludeInScript": true
    },
    {
      "Header": "accept-language",
      "IncludeInScript": false
    },
    {
      "Header": "accept-encoding",
      "IncludeInScript": false
    },
    {
      "Header": "accept",
      "IncludeInScript": false
    }
  ],
  "FilterResources": [
    {
      "IsNonResource": true,
      "type": "text/xml"
    },
    {
      "IsNonResource": false,
      "type": "text/plain"
    },
    {
      "IsNonResource": true,
      "type": "text/html"
    },
    {
      "IsNonResource": false,
      "type": "image/png"
    },
    {
      "IsNonResource": false,
      "type": "image/jpeg"
    },
    {
      "IsNonResource": false,
      "type": "image/gif"
    },
    {
      "IsNonResource": false,
      "type": "application/octet-stream"
    },
    {
      "IsNonResource": true,
      "type": "application/json"
    }
  ],
  "GeneralInfo": {
    "BrowserVersion": "",
    "IsWinInetMode": false,
    "MaxUsedConnections": 29,
    "RecordedBrowser": "c:\\program files (x86)\\microsoft\\edge\\application\\msedge.exe",
    "RecordingDate": "May-24-2023",
    "RecordingDuration": 221891,
    "RecordingMode": "N/A",
    "RecordingTimeStamp": 1684919271,
    "RecordingType": "Application",
    "TotalBytesReceived": 525921,
    "TotalBytesSent": 54429,
    "TotalRequests": 43,
    "UserAgent": "Crashpad/0.8.0 WinHTTP/10.0.22621.1635 Windows_NT/10.0.22621.1635 (x64)"
  },
  "HostInfo": [
    {
      "DomainName": "nelreports.net",
      "Domains": [
        {
          "HTTPVersion": "HTTP/1.1",
          "IP": "104.77.185.90",
          "IncludeInScript": true,
          "Name": "bzib.nelreports.net",
          "Port": 443,
          "Requests": [
            {
              "CompressionType": "",
              "DataType": "text/plain",
              "DownloadTime": 421,
              "EventId": 436,
              "HttpStatus": 200,
              "Size": 21,
              "URL": "https://bzib.nelreports.net/api/report?cat=bingbusiness"
            },
            {
              "CompressionType": "",
              "DataType": "",
              "DownloadTime": 438,
              "EventId": 434,
              "HttpStatus": 200,
              "Size": 0,
              "URL": "https://bzib.nelreports.net/api/report?cat=bingbusiness"
            }
          ],
          "SSLCipher": "TLS_AES_256_GCM_SHA384",
          "SSLVersion": "TLS1.3"
        }
      ],
      "IncludeInScript": true
    },
    {
      "DomainName": "msn.com",
      "Domains": [
        {
          "HTTPVersion": "HTTP/1.1",
          "IP": "204.79.197.203",
          "IncludeInScript": false,
          "Name": "srtb.msn.com",
          "Port": 443,
          "Requests": [
            {
              "CompressionType": "",
              "DataType": "",
              "DownloadTime": 704,
              "EventId": 292,
              "HttpStatus": 204,
              "Size": 0,
              "URL": "https://srtb.msn.com/auction"
            },
            {
              "CompressionType": "",
              "DataType": "",
              "DownloadTime": 531,
              "EventId": 278,
              "HttpStatus": 204,
              "Size": 0,
              "URL": "https://srtb.msn.com/auction"
            },
            {
              "CompressionType": "",
              "DataType": "",
              "DownloadTime": 156,
              "EventId": 255,
              "HttpStatus": 200,
              "Size": 0,
              "URL": "https://srtb.msn.com/auction"
            }
          ],
          "SSLCipher": "ECDHE-RSA-AES256-GCM-SHA384",
          "SSLVersion": "TLS1.2"
        },
        {
          "HTTPVersion": "HTTP/1.1",
          "IP": "204.79.197.203",
          "IncludeInScript": false,
          "Name": "ntp.msn.com",
          "Port": 443,
          "Requests": [
            {
              "CompressionType": "",
              "DataType": "application/javascript",
              "DownloadTime": 812,
              "EventId": 309,
              "HttpStatus": 304,
              "Size": 0,
              "URL": "https://ntp.msn.com/edge/ntp/service-worker.js?riverAgeMinutes=180&enableNetworkFirst=true&navAgeMinutes=2880&enableNavPreload=true"
            },
            {
              "CompressionType": "",
              "DataType": "text/html",
              "DownloadTime": 187,
              "EventId": 257,
              "HttpStatus": 200,
              "Size": 35246,
              "URL": "https://ntp.msn.com/edge/ntp?locale=en-US&title=New%20tab&dsp=1&sp=Bing&startpage=1&PC=U531&prerender=1"
            },
            {
              "CompressionType": "br",
              "DataType": "application/json",
              "DownloadTime": 297,
              "EventId": 213,
              "HttpStatus": 200,
              "Size": 89431,
              "URL": "https://ntp.msn.com/resolver/api/resolve/v3/config/?expType=AppConfig&expInstance=default&apptype=edgeChromium&v=20230523.609&targetScope={%22audienceMode%22:%22adult%22,%22browser%22:{%22browserType%22:%22edgeChromium%22,%22version%22:%22113%22,%22ismobile%22:%22false%22},%22deviceFormFactor%22:%22desktop%22,%22domain%22:%22ntp.msn.com%22,%22locale%22:{%22content%22:{%22language%22:%22en%22,%22market%22:%22ca%22},%22display%22:{%22language%22:%22en%22,%22market%22:%22ca%22}},%22os%22:%22windows%22,%22platform%22:%22web%22,%22pageType%22:%22dhp%22,%22pageExperiments%22:[%22prg-1s-cfnrt%22,%22prg-1s-cfnrtt%22,%22prg-1s-edgeid%22,%22prg-1s-wxxap%22,%22prg-1sw-aqpn%22,%22prg-1sw-aqwd%22,%22prg-1sw-bdgc%22,%22prg-1sw-bnrts2%22,%22prg-1sw-bnrts2fsh%22,%22prg-1sw-cfaggc%22,%22prg-1sw-dlicon%22,%22prg-1sw-dliconp2%22,%22prg-1sw-dliconp3%22,%22prg-1sw-dummy%22,%22prg-1sw-esprt-rm%22,%22prg-1sw-fdp2crs%22,%22prg-1sw-fiwi4%22,%22prg-1sw-fsah%22,%22prg-1sw-otel%22,%22prg-1sw-p1ici%22,%22prg-1sw-p1wtrclm%22,%22prg-1sw-p2-uuncmar%22,%22prg-1sw-p2-uuncmar1%22,%22prg-1sw-pde0%22,%22prg-1sw-refresh-c%22,%22prg-1sw-river-4r%22,%22prg-1sw-sdt5cf%22,%22prg-1sw-srdus%22,%22prg-1sw-tbrcounter%22,%22prg-1sw-trf-inctime%22,%22prg-1sw-untrd%22,%22prg-1sw-wxhpf20%22,%22prg-1sw-wxlfrc%22,%22prg-1sw-wxlocdm%22,%22prg-1sw-wxprate%22,%22prg-1sw-xapgrid%22,%22prg-1unify1s%22,%22prg-ad-cbuxhld%22,%22prg-adspeek%22,%22prg-cg-nprewards%22,%22prg-cg-renewplay%22,%22prg-cm-csopsp%22,%22prg-cm-sopfi%22,%22prg-cm-sopfi1%22,%22prg-ex-shopping%22,%22prg-fin-ncpf%22,%22prg-fin-newc%22,%22prg-hovp-msp%22,%22prg-ias%22,%22prg-intst-ad-pos-ct%22,%22prg-nrs-v51-3%22,%22prg-p2-aqv2c%22,%22prg-pr2-bgcc2%22,%22prg-pr2-bgrail-c%22,%22prg-pr2-bnrdsms%22,%22prg-pr2-cachemic%22,%22prg-pr2-ccso%22,%22prg-pr2-ccsoct%22,%22prg-pr2-cfnews-c%22,%22prg-pr2-cxfb-c%22,%22prg-pr2-fbb-c%22,%22prg-pr2-sdb05%22,%22prg-pr2-spotify-c%22,%22prg-rrad-sticky%22,%22prg-sh-3ds%22,%22prg-sh-atosgst-c%22,%22prg-sh-bdnews%22,%22prg-sh-cart%22,%22prg-sh-smsign-c%22,%22prg-sh-taxenabled%22,%22prg-sh-unifyadd%22,%22prg-sh-usecpm%22,%22prg-share-rf2c%22,%22prg-sp-liveapi%22,%22prg-ugc-cmsdocinfo%22,%22prg-ugc-cttsearch1%22,%22prg-ugc-nosurvey%22,%22prg-ugc-videofeed1%22,%22prg-unify1s%22,%22prg-upsaip-r-t%22,%22prg-upsaip-w1-t%22,%22prg-upsunium-t%22,%22prg-use-edgeid-st-t2%22,%22prg-wea-dlocwgt1%22,%22prg-wea-mdlocwgt%22,%22prg-winhp-refwinhp%22,%22prg-winhp-sdt5-c%22,%22prg-winhp-sdtoff%22,%22prg-winhp-tds-t%22,%22prg-wpo-swea%22,%22prg-wtch-blv3t11%22,%22prg-wtch-mref1c%22,%22prg-wtchrrmodwc%22,%22prg-wx-ani2hr%22,%22prg-wx-anmpr%22,%22prg-wx-collid%22,%22prg-wx-dhgrd%22,%22prg-wx-lfnln%22,%22prg-wx-mapcard%22,%22prg-wx-mpretry1s%22,%22prg-wx-sbn-vm%22,%22prg-wxswstat%22,%22prg-wxwwb1uc%22]}"
            },
            {
              "CompressionType": "",
              "DataType": "application/javascript",
              "DownloadTime": 282,
              "EventId": 191,
              "HttpStatus": 304,
              "Size": 0,
              "URL": "https://ntp.msn.com/edge/ntp/service-worker.js?riverAgeMinutes=180&enableNetworkFirst=true&navAgeMinutes=2880&enableNavPreload=true"
            },
            {
              "CompressionType": "",
              "DataType": "text/html",
              "DownloadTime": 312,
              "EventId": 69,
              "HttpStatus": 200,
              "Size": 35246,
              "URL": "https://ntp.msn.com/edge/ntp?locale=en-US&title=New%20tab&dsp=1&sp=Bing&startpage=1&PC=U531&prerender=1"
            }
          ],
          "SSLCipher": "",
          "SSLVersion": ""
        },
        {
          "HTTPVersion": "HTTP/1.1",
          "IP": "95.101.123.89",
          "IncludeInScript": false,
          "Name": "assets.msn.com",
          "Port": 443,
          "Requests": [
            {
              "CompressionType": "",
              "DataType": "application/json",
              "DownloadTime": 172,
              "EventId": 313,
              "HttpStatus": 304,
              "Size": 0,
              "URL": "https://assets.msn.com/breakingnews/v1/cms/api/amp/article/AA1ZJNN"
            },
            {
              "CompressionType": "gzip",
              "DataType": "application/json",
              "DownloadTime": 250,
              "EventId": 311,
              "HttpStatus": 200,
              "Size": 446,
              "URL": "https://assets.msn.com/service/News/Users/me/Rewards?apikey=1hYoJsIRvPEnSkk0hlnJF2092mHqiz7xFenIFKa9uc&activityId=9D887923-A2B7-428C-BB76-06060D83E0F0&ocid=rewards-peregrine&cm=en-ca&it=app&user=m-08E2288EABF7645029433A9CAADD6558&scn=APP_ANON&version=2"
            },
            {
              "CompressionType": "gzip",
              "DataType": "application/json",
              "DownloadTime": 703,
              "EventId": 294,
              "HttpStatus": 200,
              "Size": 75771,
              "URL": "https://assets.msn.com/service/news/feed/pages/ntp?User=m-08E2288EABF7645029433A9CAADD6558&activityId=9D887923-A2B7-428C-BB76-06060D83E0F0&apikey=0QfOX3Vn51YCzitbLaRkTTBadtWpgTN8NZLW0C1SEM&audienceMode=adult&caller=bgtask&cm=en-ca&contentType=article,video,slideshow,webcontent&dhp=1&duotone=true&infopaneCount=26&it=app&memory=8&newsSkip=0&newsTop=48&ocid=anaheim-ntp-feeds&prerender=1&scn=APP_ANON&timeOut=2000&wposchema=byregion"
            },
            {
              "CompressionType": "gzip",
              "DataType": "application/json",
              "DownloadTime": 844,
              "EventId": 230,
              "HttpStatus": 200,
              "Size": 78990,
              "URL": "https://assets.msn.com/service/news/feed/pages/ntp?User=m-08E2288EABF7645029433A9CAADD6558&activityId=AE141DD3-3B6E-44FE-8FBE-CBCAD7313050&apikey=0QfOX3Vn51YCzitbLaRkTTBadtWpgTN8NZLW0C1SEM&audienceMode=adult&caller=bgtask&cm=en-ca&contentType=article,video,slideshow,webcontent&dhp=1&duotone=true&infopaneCount=26&it=app&memory=8&newsSkip=0&newsTop=48&ocid=anaheim-ntp-feeds&prerender=1&scn=APP_ANON&timeOut=2000&wposchema=byregion"
            }
          ],
          "SSLCipher": "",
          "SSLVersion": ""
        },
        {
          "HTTPVersion": "HTTP/1.1",
          "IP": "204.79.197.203",
          "IncludeInScript": false,
          "Name": "api.msn.com",
          "Port": 443,
          "Requests": [
            {
              "CompressionType": "br",
              "DataType": "application/json",
              "DownloadTime": 219,
              "EventId": 304,
              "HttpStatus": 200,
              "Size": 6,
              "URL": "https://api.msn.com/auth/cookie/appanon?apikey=1hYoJsIRvPEnSkk0hlnJF2092mHqiz7xFenIFKa9uc&ocid=authconstants-peregrine&activityId=9D887923-A2B7-428C-BB76-06060D83E0F0&scn=app_anon"
            },
            {
              "CompressionType": "br",
              "DataType": "application/json",
              "DownloadTime": 375,
              "EventId": 284,
              "HttpStatus": 200,
              "Size": 6,
              "URL": "https://api.msn.com/auth/cookie/appanon?scn=app_anon&ocid=authconstants-peregrine&apikey=1hYoJsIRvPEnSkk0hlnJF2092mHqiz7xFenIFKa9uc&activityId=9D887923A2B7428CBB7606060D83E0F0"
            },
            {
              "CompressionType": "br",
              "DataType": "application/json",
              "DownloadTime": 203,
              "EventId": 250,
              "HttpStatus": 200,
              "Size": 6,
              "URL": "https://api.msn.com/auth/cookie/appanon?apikey=1hYoJsIRvPEnSkk0hlnJF2092mHqiz7xFenIFKa9uc&ocid=authconstants-peregrine&activityId=AE141DD3-3B6E-44FE-8FBE-CBCAD7313050&scn=app_anon"
            },
            {
              "CompressionType": "br",
              "DataType": "application/json",
              "DownloadTime": 344,
              "EventId": 193,
              "HttpStatus": 200,
              "Size": 6,
              "URL": "https://api.msn.com/auth/cookie/appanon?scn=app_anon&ocid=authconstants-peregrine&apikey=1hYoJsIRvPEnSkk0hlnJF2092mHqiz7xFenIFKa9uc&activityId=AE141DD33B6E44FE8FBECBCAD7313050"
            }
          ],
          "SSLCipher": "ECDHE-RSA-AES256-GCM-SHA384",
          "SSLVersion": "TLS1.2"
        }
      ],
      "IncludeInScript": true
    },
    {
      "DomainName": "microsoft.com",
      "Domains": [
        {
          "HTTPVersion": "HTTP/1.1",
          "IP": "20.42.65.92",
          "IncludeInScript": true,
          "Name": "nw-umwatson.events.data.microsoft.com",
          "Port": 443,
          "Requests": [
            {
              "CompressionType": "",
              "DataType": "text/xml",
              "DownloadTime": 2734,
              "EventId": 16,
              "HttpStatus": 200,
              "Size": 634,
              "URL": "https://nw-umwatson.events.data.microsoft.com/Telemetry.Request"
            }
          ],
          "SSLCipher": "ECDHE-RSA-AES256-GCM-SHA384",
          "SSLVersion": "TLS1.2"
        },
        {
          "HTTPVersion": "HTTP/1.1",
          "IP": "20.105.73.143",
          "IncludeInScript": true,
          "Name": "nav-edge.smartscreen.microsoft.com",
          "Port": 443,
          "Requests": [
            {
              "CompressionType": "",
              "DataType": "application/json",
              "DownloadTime": 969,
              "EventId": 200,
              "HttpStatus": 200,
              "Size": 2864,
              "URL": "https://nav-edge.smartscreen.microsoft.com/api/browser/edge/navigate/3"
            },
            {
              "CompressionType": "",
              "DataType": "application/json",
              "DownloadTime": 219,
              "EventId": 102,
              "HttpStatus": 200,
              "Size": 2860,
              "URL": "https://nav-edge.smartscreen.microsoft.com/api/browser/edge/navigate/3"
            },
            {
              "CompressionType": "",
              "DataType": "application/json",
              "DownloadTime": 250,
              "EventId": 67,
              "HttpStatus": 200,
              "Size": 2834,
              "URL": "https://nav-edge.smartscreen.microsoft.com/api/browser/edge/navigate/3"
            },
            {
              "CompressionType": "",
              "DataType": "application/json",
              "DownloadTime": 250,
              "EventId": 64,
              "HttpStatus": 200,
              "Size": 790,
              "URL": "https://nav-edge.smartscreen.microsoft.com/api/browser/edge/navigate/3"
            }
          ],
          "SSLCipher": "ECDHE-RSA-AES256-GCM-SHA384",
          "SSLVersion": "TLS1.2"
        },
        {
          "HTTPVersion": "HTTP/1.1",
          "IP": "20.105.73.143",
          "IncludeInScript": true,
          "Name": "data-edge.smartscreen.microsoft.com",
          "Port": 443,
          "Requests": [
            {
              "CompressionType": "",
              "DataType": "application/octet-stream",
              "DownloadTime": 187,
              "EventId": 225,
              "HttpStatus": 200,
              "Size": 105,
              "URL": "https://data-edge.smartscreen.microsoft.com/api/browser/edge/data/bloomfilter/x/3?pushcert=false&flight=%7b%22etag%22%3a%22%5c%22t4yfw3k4past8iqgb4owv%2fp4zgnithdatxby9gxp84k%3d%5c%22%22%2c%22ids%22%3a%5b%22p-r-1021007-4-5%2cp-r-99770-8-32%2cp-r-86682-4-41%2cp-r-73000-7-30%2cp-r-72999-7-29%2cp-r-70204-3-18%2cp-r-69385-1-5%2cp-r-68026-3-37%2cp-r-68490-1-3%2cp-r-68172-2-4%2cp-r-68175-1-6%2cp-r-68176-2-8%2cp-r-68179-1-3%2cp-r-68306-1-20%2cp-r-68307-1-3%2cp-d-68194-1-2%22%5d%2c%22settings%22%3a%7b%22names%22%3anull%2c%22ring%22%3a0%2c%22models%22%3anull%2c%22serviceclientmodeldetonate%22%3afalse%2c%22wdsifeedback%22%3afalse%2c%22npfeedbackurioverride%22%3anull%2c%22networkfilterdetonate%22%3afalse%2c%22servicephishdetonate%22%3afalse%2c%22servicephishdetonatelegacy%22%3afalse%2c%22serviceadhocdetonate%22%3afalse%2c%22npsettings2004%22%3atrue%2c%22updatesigningcert%22%3atrue%2c%22updatesigningcertforrs3rs4%22%3atrue%2c%22npsettings2004value%22%3a0%2c%22iscocoblockenabled%22%3afalse%2c%22npipblockoverridevalue%22%3a0%2c%22toptrafficv2enabled%22%3atrue%2c%22listapie5v2enabled%22%3atrue%2c%22isnppioverrideblockenabled%22%3atrue%2c%22toptrafficv2mobileflightenabled%22%3afalse%2c%22bloomfilterdeltaflag%22%3a1%2c%22srceopenabled%22%3atrue%2c%22iscurfid0loggingenabled%22%3atrue%2c%22iscurfid0blockingenabled%22%3afalse%2c%22updateonmissingetagenabled%22%3atrue%2c%22enableproxyleniency%22%3atrue%2c%22isarsfmsintegrationenabled%22%3atrue%2c%22enablenshumormatch%22%3atrue%2c%22applynshumorverdict%22%3afalse%2c%22enablenpskipnonweb%22%3afalse%2c%22sendgeomapinsettingstonewanaheimclient%22%3atrue%2c%22umssrcphishbnrtenabled%22%3afalse%2c%22mtdthrottlefactor%22%3a0.0%2c%22unsilencemodelguid%22%3anull%7d%7d&os=10.0.22621.1702.ni_release"
            },
            {
              "CompressionType": "",
              "DataType": "application/octet-stream",
              "DownloadTime": 203,
              "EventId": 132,
              "HttpStatus": 200,
              "Size": 105,
              "URL": "https://data-edge.smartscreen.microsoft.com/api/browser/edge/data/bloomfilter/x/3?pushcert=false&flight=%7b%22etag%22%3a%22%5c%22t4yfw3k4past8iqgb4owv%2fp4zgnithdatxby9gxp84k%3d%5c%22%22%2c%22ids%22%3a%5b%22p-r-1021007-4-5%2cp-r-99770-8-32%2cp-r-86682-4-41%2cp-r-73000-7-30%2cp-r-72999-7-29%2cp-r-70204-3-18%2cp-r-69385-1-5%2cp-r-68026-3-37%2cp-r-68490-1-3%2cp-r-68172-2-4%2cp-r-68175-1-6%2cp-r-68176-2-8%2cp-r-68179-1-3%2cp-r-68306-1-20%2cp-r-68307-1-3%2cp-d-68194-1-2%22%5d%2c%22settings%22%3a%7b%22names%22%3anull%2c%22ring%22%3a0%2c%22models%22%3anull%2c%22serviceclientmodeldetonate%22%3afalse%2c%22wdsifeedback%22%3afalse%2c%22npfeedbackurioverride%22%3anull%2c%22networkfilterdetonate%22%3afalse%2c%22servicephishdetonate%22%3afalse%2c%22servicephishdetonatelegacy%22%3afalse%2c%22serviceadhocdetonate%22%3afalse%2c%22npsettings2004%22%3atrue%2c%22updatesigningcert%22%3atrue%2c%22updatesigningcertforrs3rs4%22%3atrue%2c%22npsettings2004value%22%3a0%2c%22iscocoblockenabled%22%3afalse%2c%22npipblockoverridevalue%22%3a0%2c%22toptrafficv2enabled%22%3atrue%2c%22listapie5v2enabled%22%3atrue%2c%22isnppioverrideblockenabled%22%3atrue%2c%22toptrafficv2mobileflightenabled%22%3afalse%2c%22bloomfilterdeltaflag%22%3a1%2c%22srceopenabled%22%3atrue%2c%22iscurfid0loggingenabled%22%3atrue%2c%22iscurfid0blockingenabled%22%3afalse%2c%22updateonmissingetagenabled%22%3atrue%2c%22enableproxyleniency%22%3atrue%2c%22isarsfmsintegrationenabled%22%3atrue%2c%22enablenshumormatch%22%3atrue%2c%22applynshumorverdict%22%3afalse%2c%22enablenpskipnonweb%22%3afalse%2c%22sendgeomapinsettingstonewanaheimclient%22%3atrue%2c%22umssrcphishbnrtenabled%22%3afalse%2c%22mtdthrottlefactor%22%3a0.0%2c%22unsilencemodelguid%22%3anull%7d%7d&os=10.0.22621.1702.ni_release"
            }
          ],
          "SSLCipher": "ECDHE-RSA-AES256-GCM-SHA384",
          "SSLVersion": "TLS1.2"
        }
      ],
      "IncludeInScript": true
    },
    {
      "DomainName": "bing.com",
      "Domains": [
        {
          "HTTPVersion": "HTTP/1.1",
          "IP": "13.107.21.200",
          "IncludeInScript": true,
          "Name": "www.bing.com",
          "Port": 443,
          "Requests": [
            {
              "CompressionType": "br",
              "DataType": "application/json",
              "DownloadTime": 234,
              "EventId": 315,
              "HttpStatus": 200,
              "Size": 1,
              "URL": "https://www.bing.com/profile/history/data?do=2&userAccountType=0"
            },
            {
              "CompressionType": "",
              "DataType": "application/json",
              "DownloadTime": 172,
              "EventId": 228,
              "HttpStatus": 200,
              "Size": 18,
              "URL": "https://www.bing.com/api/shopping/v1/telemetry"
            },
            {
              "CompressionType": "",
              "DataType": "application/json",
              "DownloadTime": 813,
              "EventId": 218,
              "HttpStatus": 200,
              "Size": 1981,
              "URL": "https://www.bing.com/api/shopping/v1/item/search?appid=67220BD2169C2EA709984467C21494086DF8CA85&features=persnlcashback&sf=cashback1"
            },
            {
              "CompressionType": "",
              "DataType": "application/json",
              "DownloadTime": 219,
              "EventId": 135,
              "HttpStatus": 200,
              "Size": 380647,
              "URL": "https://www.bing.com/bloomfilterfiles/DomainsFilterGlobal.json"
            },
            {
              "CompressionType": "",
              "DataType": "application/json",
              "DownloadTime": 328,
              "EventId": 73,
              "HttpStatus": 200,
              "Size": 109,
              "URL": "https://www.bing.com/api/shopping/v1/savings/rewards/rewardsUserInfo"
            }
          ],
          "SSLCipher": "",
          "SSLVersion": ""
        },
        {
          "HTTPVersion": "HTTP/1.1",
          "IP": "23.218.225.18",
          "IncludeInScript": true,
          "Name": "th.bing.com",
          "Port": 443,
          "Requests": [
            {
              "CompressionType": "",
              "DataType": "image/jpeg",
              "DownloadTime": 282,
              "EventId": 330,
              "HttpStatus": 200,
              "Size": 35712,
              "URL": "https://th.bing.com/th?id=ORMS.61c906a57dfbf6a5b988a25226fa93ca&pid=Wdp&w=612&h=304&qlt=90&c=1&rs=1&dpr=1&p=0"
            },
            {
              "CompressionType": "",
              "DataType": "image/jpeg",
              "DownloadTime": 187,
              "EventId": 322,
              "HttpStatus": 200,
              "Size": 66816,
              "URL": "https://th.bing.com/th?id=ORMS.053d7eeb1c18f0da37f5f9e507edd251&pid=Wdp&w=612&h=304&qlt=90&c=1&rs=1&dpr=1&p=0"
            }
          ],
          "SSLCipher": "TLS_AES_256_GCM_SHA384",
          "SSLVersion": "TLS1.3"
        },
        {
          "HTTPVersion": "HTTP/1.1",
          "IP": "13.107.6.158",
          "IncludeInScript": true,
          "Name": "business.bing.com",
          "Port": 443,
          "Requests": [
            {
              "CompressionType": "br",
              "DataType": "application/json",
              "DownloadTime": 860,
              "EventId": 427,
              "HttpStatus": 401,
              "Size": 375,
              "URL": "https://business.bing.com/work/api/v2/tenant/my/settingswithflights?&clienttype=edge-omnibox"
            },
            {
              "CompressionType": "",
              "DataType": "",
              "DownloadTime": 812,
              "EventId": 425,
              "HttpStatus": 401,
              "Size": 0,
              "URL": "https://business.bing.com/api/v1/user/token/microsoftgraph?&clienttype=edge-omnibox"
            }
          ],
          "SSLCipher": "ECDHE-RSA-AES256-GCM-SHA384",
          "SSLVersion": "TLS1.2"
        }
      ],
      "IncludeInScript": true
    },
    {
      "DomainName": "127.0.0.1",
      "Domains": [
        {
          "HTTPVersion": "HTTP/1.1",
          "IP": "127.0.0.1",
          "IncludeInScript": true,
          "Name": "127.0.0.1",
          "Port": 1080,
          "Requests": [
            {
              "CompressionType": "",
              "DataType": "text/html",
              "DownloadTime": 172,
              "EventId": 441,
              "HttpStatus": 200,
              "Size": 2789,
              "URL": "http://127.0.0.1:1080/cgi-bin/reservations.pl"
            },
            {
              "CompressionType": "",
              "DataType": "text/html",
              "DownloadTime": 204,
              "EventId": 418,
              "HttpStatus": 200,
              "Size": 2436,
              "URL": "http://127.0.0.1:1080/cgi-bin/reservations.pl"
            },
            {
              "CompressionType": "",
              "DataType": "image/gif",
              "DownloadTime": 16,
              "EventId": 404,
              "HttpStatus": 200,
              "Size": 758,
              "URL": "http://127.0.0.1:1080/WebTours/images/button_next.gif"
            },
            {
              "CompressionType": "",
              "DataType": "text/html",
              "DownloadTime": 187,
              "EventId": 400,
              "HttpStatus": 200,
              "Size": 4246,
              "URL": "http://127.0.0.1:1080/cgi-bin/reservations.pl?page=welcome"
            },
            {
              "CompressionType": "",
              "DataType": "image/gif",
              "DownloadTime": 16,
              "EventId": 398,
              "HttpStatus": 200,
              "Size": 688,
              "URL": "http://127.0.0.1:1080/WebTours/images/home.gif"
            },
            {
              "CompressionType": "",
              "DataType": "image/gif",
              "DownloadTime": 31,
              "EventId": 396,
              "HttpStatus": 200,
              "Size": 726,
              "URL": "http://127.0.0.1:1080/WebTours/images/in_flights.gif"
            },
            {
              "CompressionType": "",
              "DataType": "text/html",
              "DownloadTime": 109,
              "EventId": 391,
              "HttpStatus": 200,
              "Size": 1482,
              "URL": "http://127.0.0.1:1080/cgi-bin/nav.pl?page=menu&in=flights"
            },
            {
              "CompressionType": "",
              "DataType": "text/html",
              "DownloadTime": 109,
              "EventId": 386,
              "HttpStatus": 200,
              "Size": 616,
              "URL": "http://127.0.0.1:1080/cgi-bin/welcome.pl?page=search"
            },
            {
              "CompressionType": "",
              "DataType": "image/gif",
              "DownloadTime": 15,
              "EventId": 371,
              "HttpStatus": 200,
              "Size": 751,
              "URL": "http://127.0.0.1:1080/WebTours/images/signoff.gif"
            },
            {
              "CompressionType": "",
              "DataType": "image/gif",
              "DownloadTime": 16,
              "EventId": 369,
              "HttpStatus": 200,
              "Size": 688,
              "URL": "http://127.0.0.1:1080/WebTours/images/in_home.gif"
            },
            {
              "CompressionType": "",
              "DataType": "image/gif",
              "DownloadTime": 15,
              "EventId": 363,
              "HttpStatus": 200,
              "Size": 733,
              "URL": "http://127.0.0.1:1080/WebTours/images/itinerary.gif"
            },
            {
              "CompressionType": "",
              "DataType": "text/html",
              "DownloadTime": 141,
              "EventId": 351,
              "HttpStatus": 200,
              "Size": 919,
              "URL": "http://127.0.0.1:1080/cgi-bin/login.pl?intro=true"
            },
            {
              "CompressionType": "",
              "DataType": "image/gif",
              "DownloadTime": 47,
              "EventId": 349,
              "HttpStatus": 200,
              "Size": 726,
              "URL": "http://127.0.0.1:1080/WebTours/images/flights.gif"
            },
            {
              "CompressionType": "",
              "DataType": "text/html",
              "DownloadTime": 141,
              "EventId": 345,
              "HttpStatus": 200,
              "Size": 1482,
              "URL": "http://127.0.0.1:1080/cgi-bin/nav.pl?page=menu&in=home"
            },
            {
              "CompressionType": "",
              "DataType": "text/html",
              "DownloadTime": 140,
              "EventId": 340,
              "HttpStatus": 200,
              "Size": 481,
              "URL": "http://127.0.0.1:1080/cgi-bin/login.pl"
            },
            {
              "CompressionType": "",
              "DataType": "text/html",
              "DownloadTime": 32,
              "EventId": 206,
              "HttpStatus": 404,
              "Size": 209,
              "URL": "http://127.0.0.1:1080/favicon.ico"
            },
            {
              "CompressionType": "",
              "DataType": "image/gif",
              "DownloadTime": 47,
              "EventId": 188,
              "HttpStatus": 200,
              "Size": 679,
              "URL": "http://127.0.0.1:1080/WebTours/images/mer_login.gif"
            },
            {
              "CompressionType": "",
              "DataType": "text/html",
              "DownloadTime": 15,
              "EventId": 163,
              "HttpStatus": 200,
              "Size": 1361,
              "URL": "http://127.0.0.1:1080/WebTours/home.html"
            },
            {
              "CompressionType": "",
              "DataType": "text/html",
              "DownloadTime": 156,
              "EventId": 129,
              "HttpStatus": 200,
              "Size": 1490,
              "URL": "http://127.0.0.1:1080/cgi-bin/nav.pl?in=home"
            },
            {
              "CompressionType": "",
              "DataType": "text/html",
              "DownloadTime": 2078,
              "EventId": 105,
              "HttpStatus": 200,
              "Size": 686,
              "URL": "http://127.0.0.1:1080/cgi-bin/welcome.pl?signOff=true"
            },
            {
              "CompressionType": "",
              "DataType": "image/png",
              "DownloadTime": 31,
              "EventId": 95,
              "HttpStatus": 200,
              "Size": 4187,
              "URL": "http://127.0.0.1:1080/WebTours/images/webtours.png"
            },
            {
              "CompressionType": "",
              "DataType": "image/png",
              "DownloadTime": 16,
              "EventId": 91,
              "HttpStatus": 200,
              "Size": 601,
              "URL": "http://127.0.0.1:1080/WebTours/images/hp_logo.png"
            },
            {
              "CompressionType": "",
              "DataType": "text/html",
              "DownloadTime": 0,
              "EventId": 58,
              "HttpStatus": 200,
              "Size": 710,
              "URL": "http://127.0.0.1:1080/WebTours/header.html"
            },
            {
              "CompressionType": "",
              "DataType": "text/html",
              "DownloadTime": 15,
              "EventId": 31,
              "HttpStatus": 200,
              "Size": 366,
              "URL": "http://127.0.0.1:1080/WebTours/"
            },
            {
              "CompressionType": "",
              "DataType": "text/html",
              "DownloadTime": 16,
              "EventId": 28,
              "HttpStatus": 301,
              "Size": 239,
              "URL": "http://127.0.0.1:1080/WebTours"
            }
          ],
          "SSLCipher": "None",
          "SSLVersion": "None"
        }
      ],
      "IncludeInScript": true
    }
  ],
  "WebSocket": {
    "IncludeInScript": false,
    "IsScriptIncludeWebSocket": false
  },
  "NumberOfCorrelations": 3
}