{"ECS":{"ConfigLogTarget":"edge_stable"},"EdgeFirstRun":{"UACompatibilityFix":{"enableFeatures":["msUACompatibilityFix"]},"ExpEnabled":{"enableFeatures":["msExpEnabled"]}},"EdgeFirstRunConfig":{"EmptyEdgeFirstRunConfig":{"enableFeatures":["eefrc"]}},"Segmentation":{"ContentServicesAll":"false","WebXTAll":"false","BingAll":"false","EdgeAll":"false","MicrosoftUser":"false"},"Headers":{"ETag":"\"w92ZwQzbibdqzAHHJ1f0NRqVl6mwj58jVC+QwcjBWso=\"","Expires":"Sat, 22 Apr 2023 18:52:05 GMT","CountryCode":"NL","StatusCode":"200"},"ConfigIDs":{"ECS":"P-D-42388-2-6","EdgeFirstRun":"P-R-1021718-2-18,P-R-1018947-2-3","EdgeFirstRunConfig":"P-R-1075865-1-5","Segmentation":"P-R-66078-1-2,P-R-66077-1-4,P-R-60882-1-2,P-R-43082-1-3,P-R-42744-1-2"}}