{
  "FilterHeaders": [
    {
      "Header": "x-search-rpstoken",
      "IncludeInScript": true
    },
    {
      "Header": "x-microsoft-update-updater",
      "IncludeInScript": true
    },
    {
      "Header": "x-microsoft-update-service-cohort",
      "IncludeInScript": true
    },
    {
      "Header": "x-microsoft-update-interactivity",
      "IncludeInScript": true
    },
    {
      "Header": "x-microsoft-update-appid",
      "IncludeInScript": true
    },
    {
      "Header": "user-agent",
      "IncludeInScript": false
    },
    {
      "Header": "upgrade-insecure-requests",
      "IncludeInScript": true
    },
    {
      "Header": "update-interactivity",
      "IncludeInScript": true
    },
    {
      "Header": "sec-mesh-client-webview",
      "IncludeInScript": true
    },
    {
      "Header": "sec-mesh-client-os-version",
      "IncludeInScript": true
    },
    {
      "Header": "sec-mesh-client-os",
      "IncludeInScript": true
    },
    {
      "Header": "sec-mesh-client-edge-version",
      "IncludeInScript": true
    },
    {
      "Header": "sec-mesh-client-edge-channel",
      "IncludeInScript": true
    },
    {
      "Header": "sec-mesh-client-arch",
      "IncludeInScript": true
    },
    {
      "Header": "sec-fetch-user",
      "IncludeInScript": true
    },
    {
      "Header": "sec-fetch-site",
      "IncludeInScript": true
    },
    {
      "Header": "sec-fetch-mode",
      "IncludeInScript": true
    },
    {
      "Header": "sec-fetch-dest",
      "IncludeInScript": true
    },
    {
      "Header": "sec-ch-ua-platform",
      "IncludeInScript": true
    },
    {
      "Header": "sec-ch-ua-mobile",
      "IncludeInScript": true
    },
    {
      "Header": "sec-ch-ua",
      "IncludeInScript": true
    },
    {
      "Header": "pragma",
      "IncludeInScript": false
    },
    {
      "Header": "origin",
      "IncludeInScript": true
    },
    {
      "Header": "ms-cv",
      "IncludeInScript": true
    },
    {
      "Header": "edgefeatureflags",
      "IncludeInScript": true
    },
    {
      "Header": "cache-control",
      "IncludeInScript": false
    },
    {
      "Header": "authorization",
      "IncludeInScript": true
    },
    {
      "Header": "accept-language",
      "IncludeInScript": false
    },
    {
      "Header": "accept-encoding",
      "IncludeInScript": false
    },
    {
      "Header": "accept",
      "IncludeInScript": false
    }
  ],
  "FilterResources": [
    {
      "IsNonResource": true,
      "type": "text/xml"
    },
    {
      "IsNonResource": false,
      "type": "text/plain"
    },
    {
      "IsNonResource": true,
      "type": "text/html"
    },
    {
      "IsNonResource": false,
      "type": "image/png"
    },
    {
      "IsNonResource": false,
      "type": "image/gif"
    },
    {
      "IsNonResource": false,
      "type": "application/x-protobuf"
    },
    {
      "IsNonResource": true,
      "type": "application/json"
    }
  ],
  "GeneralInfo": {
    "BrowserVersion": "",
    "IsWinInetMode": false,
    "MaxUsedConnections": 28,
    "RecordedBrowser": "c:\\program files (x86)\\microsoft\\edge\\application\\msedge.exe",
    "RecordingDate": "Apr-28-2023",
    "RecordingDuration": 162219,
    "RecordingMode": "N/A",
    "RecordingTimeStamp": 1682684086,
    "RecordingType": "Application",
    "TotalBytesReceived": 428675,
    "TotalBytesSent": 57927,
    "TotalRequests": 37,
    "UserAgent": "Mozilla/5.0 (Windows NT 10.0; Win64; x64) AppleWebKit/537.36 (KHTML, like Gecko) Chrome/112.0.0.0 Safari/537.36 Edg/112.0.1722.58"
  },
  "HostInfo": [
    {
      "DomainName": "microsoft.com",
      "Domains": [
        {
          "HTTPVersion": "HTTP/1.1",
          "IP": "20.67.143.122",
          "IncludeInScript": true,
          "Name": "nav-edge.smartscreen.microsoft.com",
          "Port": 443,
          "Requests": [
            {
              "CompressionType": "",
              "DataType": "application/json",
              "DownloadTime": 312,
              "EventId": 688,
              "HttpStatus": 200,
              "Size": 894,
              "URL": "https://nav-edge.smartscreen.microsoft.com/api/browser/edge/navigate/3"
            },
            {
              "CompressionType": "",
              "DataType": "application/json",
              "DownloadTime": 906,
              "EventId": 682,
              "HttpStatus": 200,
              "Size": 876,
              "URL": "https://nav-edge.smartscreen.microsoft.com/api/browser/edge/navigate/3"
            },
            {
              "CompressionType": "",
              "DataType": "application/json",
              "DownloadTime": 375,
              "EventId": 677,
              "HttpStatus": 200,
              "Size": 902,
              "URL": "https://nav-edge.smartscreen.microsoft.com/api/browser/edge/navigate/3"
            },
            {
              "CompressionType": "",
              "DataType": "application/json",
              "DownloadTime": 515,
              "EventId": 668,
              "HttpStatus": 200,
              "Size": 876,
              "URL": "https://nav-edge.smartscreen.microsoft.com/api/browser/edge/navigate/3"
            },
            {
              "CompressionType": "",
              "DataType": "application/json",
              "DownloadTime": 250,
              "EventId": 538,
              "HttpStatus": 200,
              "Size": 886,
              "URL": "https://nav-edge.smartscreen.microsoft.com/api/browser/edge/navigate/3"
            },
            {
              "CompressionType": "",
              "DataType": "application/json",
              "DownloadTime": 234,
              "EventId": 536,
              "HttpStatus": 200,
              "Size": 896,
              "URL": "https://nav-edge.smartscreen.microsoft.com/api/browser/edge/navigate/3"
            },
            {
              "CompressionType": "",
              "DataType": "application/json",
              "DownloadTime": 234,
              "EventId": 534,
              "HttpStatus": 200,
              "Size": 882,
              "URL": "https://nav-edge.smartscreen.microsoft.com/api/browser/edge/navigate/3"
            },
            {
              "CompressionType": "",
              "DataType": "application/json",
              "DownloadTime": 250,
              "EventId": 509,
              "HttpStatus": 200,
              "Size": 856,
              "URL": "https://nav-edge.smartscreen.microsoft.com/api/browser/edge/navigate/3"
            },
            {
              "CompressionType": "",
              "DataType": "application/json",
              "DownloadTime": 172,
              "EventId": 458,
              "HttpStatus": 200,
              "Size": 790,
              "URL": "https://nav-edge.smartscreen.microsoft.com/api/browser/edge/navigate/3"
            }
          ],
          "SSLCipher": "",
          "SSLVersion": ""
        },
        {
          "HTTPVersion": "HTTP/1.1",
          "IP": "13.107.21.239",
          "IncludeInScript": true,
          "Name": "edge.microsoft.com",
          "Port": 443,
          "Requests": [
            {
              "CompressionType": "gzip",
              "DataType": "application/json",
              "DownloadTime": 500,
              "EventId": 665,
              "HttpStatus": 200,
              "Size": 617,
              "URL": "https://edge.microsoft.com/componentupdater/api/v1/update?cup2key=6:Cihyt3xpKrJwjC7Yuw8rtTmXrjvlVag0_pUQPZZvpBs&cup2hreq=dd5e48e216cdbc686da32c05460ada90ea0de8f5919b4b7dd86cc236f257847c"
            },
            {
              "CompressionType": "",
              "DataType": "application/json",
              "DownloadTime": 344,
              "EventId": 662,
              "HttpStatus": 200,
              "Size": 1865,
              "URL": "https://edge.microsoft.com/identity/api/v3/msa"
            },
            {
              "CompressionType": "",
              "DataType": "text/plain",
              "DownloadTime": 531,
              "EventId": 546,
              "HttpStatus": 200,
              "Size": 32,
              "URL": "https://edge.microsoft.com/autofillservice/v1/pages/ChVDaHJvbWUvMTEyLjAuNTYxNS4xMzgSFwk32UHgj34xiRIFDeeNQA4SBQ3OQUx6?alt=proto"
            },
            {
              "CompressionType": "",
              "DataType": "text/xml",
              "DownloadTime": 250,
              "EventId": 463,
              "HttpStatus": 200,
              "Size": 413,
              "URL": "https://edge.microsoft.com/extensionwebstorebase/v1/crx?os=win&arch=x64&os_arch=x86_64&nacl_arch=x86-64&prod=edgecrx&prodchannel=&prodversion=112.0.1722.58&lang=en-US&acceptformat=crx3&x=id%3Djmjflgjpcpepeafmmgdpfkogkghcpiha%26v%3D1.1.3%26installedby%3Dother%26uc"
            },
            {
              "CompressionType": "",
              "DataType": "application/json",
              "DownloadTime": 234,
              "EventId": 461,
              "HttpStatus": 200,
              "Size": 131,
              "URL": "https://edge.microsoft.com/serviceexperimentation/v3/?osname=win&channel=stable&scpfull=0&scpguard=0&scpver=0&osver=10.0.22621&devicefamily=desktop&clientversion=112.0.1722.58&experimentationmode=2"
            }
          ],
          "SSLCipher": "",
          "SSLVersion": ""
        },
        {
          "HTTPVersion": "HTTP/1.1",
          "IP": "94.245.104.56",
          "IncludeInScript": true,
          "Name": "api.edgeoffer.microsoft.com",
          "Port": 443,
          "Requests": [
            {
              "CompressionType": "",
              "DataType": "application/x-protobuf",
              "DownloadTime": 438,
              "EventId": 471,
              "HttpStatus": 200,
              "Size": 0,
              "URL": "https://api.edgeoffer.microsoft.com/edgeoffer/pb/experiments?appId=edge-extensions&country=CA"
            }
          ],
          "SSLCipher": "",
          "SSLVersion": ""
        }
      ],
      "IncludeInScript": true
    },
    {
      "DomainName": "bing.com",
      "Domains": [
        {
          "HTTPVersion": "HTTP/1.1",
          "IP": "2.19.120.84",
          "IncludeInScript": true,
          "Name": "www.bing.com",
          "Port": 443,
          "Requests": [
            {
              "CompressionType": "br",
              "DataType": "text/html",
              "DownloadTime": 1188,
              "EventId": 685,
              "HttpStatus": 400,
              "Size": 1,
              "URL": "https://www.bing.com/fd/auth/signin?&action=header&provider=windows_live_id&save_token=0"
            },
            {
              "CompressionType": "",
              "DataType": "application/json",
              "DownloadTime": 391,
              "EventId": 580,
              "HttpStatus": 200,
              "Size": 2944,
              "URL": "https://www.bing.com/api/shopping/v1/item/search?appid=67220BD2169C2EA709984467C21494086DF8CA85&features=persnlcashback&sf=cashback1"
            },
            {
              "CompressionType": "",
              "DataType": "application/json",
              "DownloadTime": 219,
              "EventId": 532,
              "HttpStatus": 200,
              "Size": 398931,
              "URL": "https://www.bing.com/bloomfilterfiles/DomainsFilterGlobal.json"
            },
            {
              "CompressionType": "",
              "DataType": "application/json",
              "DownloadTime": 312,
              "EventId": 465,
              "HttpStatus": 200,
              "Size": 109,
              "URL": "https://www.bing.com/api/shopping/v1/savings/rewards/rewardsUserInfo"
            }
          ],
          "SSLCipher": "",
          "SSLVersion": ""
        }
      ],
      "IncludeInScript": true
    },
    {
      "DomainName": "127.0.0.1",
      "Domains": [
        {
          "HTTPVersion": "HTTP/1.1",
          "IP": "127.0.0.1",
          "IncludeInScript": true,
          "Name": "127.0.0.1",
          "Port": 1080,
          "Requests": [
            {
              "CompressionType": "",
              "DataType": "text/html",
              "DownloadTime": 344,
              "EventId": 670,
              "HttpStatus": 200,
              "Size": 1030,
              "URL": "http://127.0.0.1:1080/cgi-bin/error.pl?error=badPassword"
            },
            {
              "CompressionType": "",
              "DataType": "text/html",
              "DownloadTime": 125,
              "EventId": 660,
              "HttpStatus": 200,
              "Size": 1496,
              "URL": "http://127.0.0.1:1080/cgi-bin/nav.pl?username=JOJO1&password=J2EE1"
            },
            {
              "CompressionType": "",
              "DataType": "text/html",
              "DownloadTime": 172,
              "EventId": 655,
              "HttpStatus": 200,
              "Size": 454,
              "URL": "http://127.0.0.1:1080/cgi-bin/login.pl"
            },
            {
              "CompressionType": "",
              "DataType": "text/html",
              "DownloadTime": 375,
              "EventId": 618,
              "HttpStatus": 200,
              "Size": 454,
              "URL": "http://127.0.0.1:1080/cgi-bin/login.pl"
            },
            {
              "CompressionType": "",
              "DataType": "text/html",
              "DownloadTime": 313,
              "EventId": 614,
              "HttpStatus": 200,
              "Size": 454,
              "URL": "http://127.0.0.1:1080/cgi-bin/login.pl"
            },
            {
              "CompressionType": "",
              "DataType": "text/html",
              "DownloadTime": 312,
              "EventId": 612,
              "HttpStatus": 200,
              "Size": 454,
              "URL": "http://127.0.0.1:1080/cgi-bin/login.pl"
            },
            {
              "CompressionType": "",
              "DataType": "text/html",
              "DownloadTime": 328,
              "EventId": 608,
              "HttpStatus": 200,
              "Size": 454,
              "URL": "http://127.0.0.1:1080/cgi-bin/login.pl"
            },
            {
              "CompressionType": "",
              "DataType": "text/html",
              "DownloadTime": 297,
              "EventId": 606,
              "HttpStatus": 200,
              "Size": 454,
              "URL": "http://127.0.0.1:1080/cgi-bin/login.pl"
            },
            {
              "CompressionType": "",
              "DataType": "text/html",
              "DownloadTime": 16,
              "EventId": 503,
              "HttpStatus": 404,
              "Size": 209,
              "URL": "http://127.0.0.1:1080/favicon.ico"
            },
            {
              "CompressionType": "",
              "DataType": "image/gif",
              "DownloadTime": 31,
              "EventId": 496,
              "HttpStatus": 200,
              "Size": 679,
              "URL": "http://127.0.0.1:1080/WebTours/images/mer_login.gif"
            },
            {
              "CompressionType": "",
              "DataType": "text/html",
              "DownloadTime": 31,
              "EventId": 492,
              "HttpStatus": 200,
              "Size": 1361,
              "URL": "http://127.0.0.1:1080/WebTours/home.html"
            },
            {
              "CompressionType": "",
              "DataType": "text/html",
              "DownloadTime": 187,
              "EventId": 488,
              "HttpStatus": 200,
              "Size": 1486,
              "URL": "http://127.0.0.1:1080/cgi-bin/nav.pl?in=home"
            },
            {
              "CompressionType": "",
              "DataType": "image/png",
              "DownloadTime": 47,
              "EventId": 480,
              "HttpStatus": 200,
              "Size": 601,
              "URL": "http://127.0.0.1:1080/WebTours/images/hp_logo.png"
            },
            {
              "CompressionType": "",
              "DataType": "image/png",
              "DownloadTime": 31,
              "EventId": 478,
              "HttpStatus": 200,
              "Size": 4187,
              "URL": "http://127.0.0.1:1080/WebTours/images/webtours.png"
            },
            {
              "CompressionType": "",
              "DataType": "text/html",
              "DownloadTime": 250,
              "EventId": 473,
              "HttpStatus": 200,
              "Size": 686,
              "URL": "http://127.0.0.1:1080/cgi-bin/welcome.pl?signOff=true"
            },
            {
              "CompressionType": "",
              "DataType": "text/html",
              "DownloadTime": 15,
              "EventId": 454,
              "HttpStatus": 200,
              "Size": 710,
              "URL": "http://127.0.0.1:1080/WebTours/header.html"
            },
            {
              "CompressionType": "",
              "DataType": "text/html",
              "DownloadTime": 31,
              "EventId": 451,
              "HttpStatus": 200,
              "Size": 366,
              "URL": "http://127.0.0.1:1080/WebTours/"
            },
            {
              "CompressionType": "",
              "DataType": "text/html",
              "DownloadTime": 15,
              "EventId": 428,
              "HttpStatus": 301,
              "Size": 239,
              "URL": "http://127.0.0.1:1080/WebTours"
            }
          ],
          "SSLCipher": "None",
          "SSLVersion": "None"
        }
      ],
      "IncludeInScript": true
    }
  ],
  "WebSocket": {
    "IncludeInScript": false,
    "IsScriptIncludeWebSocket": false
  },
  "NumberOfCorrelations": 2
}