{"actions":[{"$type":"cache","key":{"uri":"127.0.0.1/cgi-bin","inheritance":"path"},"maxAge":100800000000,"serverContext":"1;c5faad59-a2e3-31f2-b86e-aaf958e12824;PHSH:005;7E-05","responseCategory":"Allowed","result":{"$type":"allow"}}],"serverContext":"1;c5faad59-a2e3-31f2-b86e-aaf958e12824;PHSH:005;7E-05","result":{"$type":"allow","responseCategory":"Allowed","serverContext":"1;c5faad59-a2e3-31f2-b86e-aaf958e12824;PHSH:005;7E-05","feedbackUrl":"https://feedback.smartscreen.microsoft.com/feedback.aspx?v=6&t=12553&result=none&type=frame&ur=PHSH%3A005&osVer=10.0.22621.1555.ni_release&prodGuid=381ddd1e-e600-42de-94ed-8c34bf73f16d&locale=en-US&fv=1.2.2303.9&dv=638004170464094982&url=aHR0cDovLzEyNy4wLjAuMToxMDgwL2NnaS1iaW4vbG9naW4ucGw%2FdXNlcm5hbWU9JnBhc3N3b3JkPSZnZXRJbmZvPXRydWU%3D&refUrl=aHR0cDovLzEyNy4wLjAuMToxMDgwL1dlYlRvdXJzL2hvbWUuaHRtbA%3D%3D&hostIp=127.0.0.1&corrId=450e0f0d-1914-490d-a6c7-985b98ad6868"}}