{"actions":[{"$type":"cache","key":{"uri":"127.0.0.1","inheritance":"none"},"maxAge":100800000000,"serverContext":"1;c5faad59-a2e3-31f2-b86e-aaf958e12824;PHSH:005;7E-05","responseCategory":"Allowed","result":{"$type":"allow"}}],"serverContext":"1;c5faad59-a2e3-31f2-b86e-aaf958e12824;PHSH:005;7E-05","result":{"$type":"allow","responseCategory":"Allowed","serverContext":"1;c5faad59-a2e3-31f2-b86e-aaf958e12824;PHSH:005;7E-05","feedbackUrl":"https://feedback.smartscreen.microsoft.com/feedback.aspx?v=6&t=12553&result=none&type=top&ur=PHSH%3A005&osVer=10.0.22621.1555.ni_release&prodGuid=381ddd1e-e600-42de-94ed-8c34bf73f16d&locale=en-US&fv=1.2.2304.1&dv=638004170464094982&url=aHR0cDovLzEyNy4wLjAuMToxMDgwL1dlYlRvdXJz&hostIp=127.0.0.1&corrId=625fe9c8-5078-46e3-ac93-829d9c5ae2c9"}}