<?xml version="1.0" encoding="UTF-8"?><resp ver="2"><tlm><resps><resp key="1"><namespace svc="watson" ptr="generic" gp="generic" app="msedge.exe"><arg nm="p1" val="msedge.exe" /><arg nm="p2" val="113.0.1774.42" /><arg nm="p3" val="msedge_elf.dll" /><arg nm="p4" val="113.0.1774.42" /><arg nm="p5" val="2374823" /><arg nm="p6" val="utility" /><arg nm="p7" val="0x517a7ed" /><arg nm="p8" val="0" /></namespace><cmd nm="receipt"><arg nm="tm" val="133290748312480878" /><arg nm="buckettbl" val="5" /><arg nm="bucket" val="b53a6661bd1bfdb761572113612e71db" /><arg nm="ibucket" val="1249503788737130971" /></cmd></resp></resps></tlm></resp>