{
  "FilterHeaders": [
    {
      "Header": "user-agent",
      "IncludeInScript": false
    },
    {
      "Header": "upgrade-insecure-requests",
      "IncludeInScript": true
    },
    {
      "Header": "sec-fetch-user",
      "IncludeInScript": true
    },
    {
      "Header": "sec-fetch-site",
      "IncludeInScript": true
    },
    {
      "Header": "sec-fetch-mode",
      "IncludeInScript": true
    },
    {
      "Header": "sec-fetch-dest",
      "IncludeInScript": true
    },
    {
      "Header": "origin",
      "IncludeInScript": true
    },
    {
      "Header": "dnt",
      "IncludeInScript": true
    },
    {
      "Header": "authorization",
      "IncludeInScript": true
    },
    {
      "Header": "accept-language",
      "IncludeInScript": false
    },
    {
      "Header": "accept-encoding",
      "IncludeInScript": false
    },
    {
      "Header": "accept",
      "IncludeInScript": false
    }
  ],
  "FilterResources": [
    {
      "IsNonResource": true,
      "type": "text/html"
    },
    {
      "IsNonResource": false,
      "type": "text/css"
    },
    {
      "IsNonResource": false,
      "type": "image/png"
    },
    {
      "IsNonResource": false,
      "type": "font/woff2"
    },
    {
      "IsNonResource": true,
      "type": "application/json"
    },
    {
      "IsNonResource": false,
      "type": "application/javascript"
    }
  ],
  "GeneralInfo": {
    "BrowserVersion": "",
    "IsWinInetMode": false,
    "MaxUsedConnections": 4,
    "RecordedBrowser": "Firefox",
    "RecordingDate": "Jan-19-2023",
    "RecordingDuration": 51875,
    "RecordingMode": "N/A",
    "RecordingTimeStamp": 1674129003,
    "RecordingType": "Browser",
    "TotalBytesReceived": 1837198,
    "TotalBytesSent": 9578,
    "TotalRequests": 14,
    "UserAgent": "Mozilla/5.0 (Windows NT 10.0; Win64; x64; rv:109.0) Gecko/20100101 Firefox/109.0"
  },
  "HostInfo": [
    {
      "DomainName": "ishatrainingsolutions.com",
      "Domains": [
        {
          "HTTPVersion": "HTTP/1.1",
          "IP": "95.111.246.220",
          "IncludeInScript": true,
          "Name": "www.ishatrainingsolutions.com",
          "Port": 443,
          "Requests": [
            {
              "CompressionType": "",
              "DataType": "application/json",
              "DownloadTime": 188,
              "EventId": 5474,
              "HttpStatus": 200,
              "Size": 118,
              "URL": "https://www.ishatrainingsolutions.com/adminPortal/secQue"
            },
            {
              "CompressionType": "",
              "DataType": "application/json",
              "DownloadTime": 453,
              "EventId": 5472,
              "HttpStatus": 200,
              "Size": 118,
              "URL": "https://www.ishatrainingsolutions.com/adminPortal/secQue"
            },
            {
              "CompressionType": "",
              "DataType": "application/json",
              "DownloadTime": 235,
              "EventId": 5470,
              "HttpStatus": 200,
              "Size": 118,
              "URL": "https://www.ishatrainingsolutions.com/adminPortal/secQue"
            },
            {
              "CompressionType": "",
              "DataType": "application/json",
              "DownloadTime": 188,
              "EventId": 5358,
              "HttpStatus": 200,
              "Size": 118,
              "URL": "https://www.ishatrainingsolutions.com/adminPortal/secQue"
            },
            {
              "CompressionType": "",
              "DataType": "application/json",
              "DownloadTime": 610,
              "EventId": 5308,
              "HttpStatus": 200,
              "Size": 1802,
              "URL": "https://www.ishatrainingsolutions.com/oauth/token?grant_type=password&username=ishatrainingsolution&password=ishatrainingsolution"
            },
            {
              "CompressionType": "",
              "DataType": "font/woff2",
              "DownloadTime": 329,
              "EventId": 5296,
              "HttpStatus": 200,
              "Size": 79444,
              "URL": "https://www.ishatrainingsolutions.com/fa-solid-900.b15db15f746f29ffa026.woff2"
            },
            {
              "CompressionType": "",
              "DataType": "image/png",
              "DownloadTime": 203,
              "EventId": 5294,
              "HttpStatus": 200,
              "Size": 4249,
              "URL": "https://www.ishatrainingsolutions.com/assets/logo.png"
            },
            {
              "CompressionType": "",
              "DataType": "image/png",
              "DownloadTime": 234,
              "EventId": 5292,
              "HttpStatus": 200,
              "Size": 1423,
              "URL": "https://www.ishatrainingsolutions.com/assets/favicon.png"
            },
            {
              "CompressionType": "",
              "DataType": "application/javascript",
              "DownloadTime": 328,
              "EventId": 5216,
              "HttpStatus": 200,
              "Size": 1160589,
              "URL": "https://www.ishatrainingsolutions.com/main.a042e4fffa233502593b.js"
            },
            {
              "CompressionType": "",
              "DataType": "application/javascript",
              "DownloadTime": 328,
              "EventId": 5179,
              "HttpStatus": 200,
              "Size": 249165,
              "URL": "https://www.ishatrainingsolutions.com/scripts.3fa900baa8ca3ef0fb6c.js"
            },
            {
              "CompressionType": "",
              "DataType": "application/javascript",
              "DownloadTime": 172,
              "EventId": 5177,
              "HttpStatus": 200,
              "Size": 1440,
              "URL": "https://www.ishatrainingsolutions.com/runtime.26209474bfa8dc87a77c.js"
            },
            {
              "CompressionType": "",
              "DataType": "application/javascript",
              "DownloadTime": 156,
              "EventId": 5162,
              "HttpStatus": 200,
              "Size": 41994,
              "URL": "https://www.ishatrainingsolutions.com/polyfills.800d19885f81918311cb.js"
            },
            {
              "CompressionType": "",
              "DataType": "text/css",
              "DownloadTime": 360,
              "EventId": 5140,
              "HttpStatus": 200,
              "Size": 295536,
              "URL": "https://www.ishatrainingsolutions.com/styles.beb8cb4c64504bdfb4d4.css"
            },
            {
              "CompressionType": "",
              "DataType": "text/html",
              "DownloadTime": 187,
              "EventId": 5133,
              "HttpStatus": 200,
              "Size": 1084,
              "URL": "https://www.ishatrainingsolutions.com/"
            }
          ],
          "SSLCipher": "ECDHE-RSA-AES128-GCM-SHA256",
          "SSLVersion": "TLS1.2"
        }
      ],
      "IncludeInScript": true
    },
    {
      "DomainName": "firefox.com",
      "Domains": [
        {
          "HTTPVersion": "HTTP/1.1",
          "IP": "34.107.221.82",
          "IncludeInScript": false,
          "Name": "detectportal.firefox.com",
          "Port": 80,
          "Requests": [
            {
              "CompressionType": "",
              "DataType": "text/plain",
              "DownloadTime": 219,
              "EventId": 5467,
              "HttpStatus": 200,
              "Size": 8,
              "URL": "http://detectportal.firefox.com/success.txt?ipv4"
            },
            {
              "CompressionType": "",
              "DataType": "text/html",
              "DownloadTime": 219,
              "EventId": 5453,
              "HttpStatus": 200,
              "Size": 90,
              "URL": "http://detectportal.firefox.com/canonical.html"
            },
            {
              "CompressionType": "",
              "DataType": "text/plain",
              "DownloadTime": 187,
              "EventId": 5380,
              "HttpStatus": 200,
              "Size": 8,
              "URL": "http://detectportal.firefox.com/success.txt?ipv4"
            },
            {
              "CompressionType": "",
              "DataType": "text/html",
              "DownloadTime": 219,
              "EventId": 5366,
              "HttpStatus": 200,
              "Size": 90,
              "URL": "http://detectportal.firefox.com/canonical.html"
            },
            {
              "CompressionType": "",
              "DataType": "text/plain",
              "DownloadTime": 296,
              "EventId": 5218,
              "HttpStatus": 200,
              "Size": 8,
              "URL": "http://detectportal.firefox.com/success.txt?ipv4"
            },
            {
              "CompressionType": "",
              "DataType": "text/html",
              "DownloadTime": 203,
              "EventId": 5202,
              "HttpStatus": 200,
              "Size": 90,
              "URL": "http://detectportal.firefox.com/canonical.html"
            },
            {
              "CompressionType": "",
              "DataType": "text/plain",
              "DownloadTime": 219,
              "EventId": 5126,
              "HttpStatus": 200,
              "Size": 8,
              "URL": "http://detectportal.firefox.com/success.txt?ipv4"
            },
            {
              "CompressionType": "",
              "DataType": "text/html",
              "DownloadTime": 219,
              "EventId": 5112,
              "HttpStatus": 200,
              "Size": 90,
              "URL": "http://detectportal.firefox.com/canonical.html"
            },
            {
              "CompressionType": "",
              "DataType": "text/plain",
              "DownloadTime": 219,
              "EventId": 5104,
              "HttpStatus": 200,
              "Size": 8,
              "URL": "http://detectportal.firefox.com/success.txt?ipv4"
            },
            {
              "CompressionType": "",
              "DataType": "text/html",
              "DownloadTime": 219,
              "EventId": 5090,
              "HttpStatus": 200,
              "Size": 90,
              "URL": "http://detectportal.firefox.com/canonical.html"
            },
            {
              "CompressionType": "",
              "DataType": "text/plain",
              "DownloadTime": 188,
              "EventId": 5082,
              "HttpStatus": 200,
              "Size": 8,
              "URL": "http://detectportal.firefox.com/success.txt?ipv4"
            },
            {
              "CompressionType": "",
              "DataType": "text/html",
              "DownloadTime": 219,
              "EventId": 5029,
              "HttpStatus": 200,
              "Size": 90,
              "URL": "http://detectportal.firefox.com/canonical.html"
            },
            {
              "CompressionType": "",
              "DataType": "text/plain",
              "DownloadTime": 187,
              "EventId": 5027,
              "HttpStatus": 200,
              "Size": 8,
              "URL": "http://detectportal.firefox.com/success.txt?ipv4"
            },
            {
              "CompressionType": "",
              "DataType": "text/html",
              "DownloadTime": 219,
              "EventId": 4988,
              "HttpStatus": 200,
              "Size": 90,
              "URL": "http://detectportal.firefox.com/canonical.html"
            },
            {
              "CompressionType": "",
              "DataType": "text/plain",
              "DownloadTime": 234,
              "EventId": 4959,
              "HttpStatus": 200,
              "Size": 8,
              "URL": "http://detectportal.firefox.com/success.txt?ipv4"
            },
            {
              "CompressionType": "",
              "DataType": "text/html",
              "DownloadTime": 203,
              "EventId": 4938,
              "HttpStatus": 200,
              "Size": 90,
              "URL": "http://detectportal.firefox.com/canonical.html"
            },
            {
              "CompressionType": "",
              "DataType": "text/plain",
              "DownloadTime": 203,
              "EventId": 4901,
              "HttpStatus": 200,
              "Size": 8,
              "URL": "http://detectportal.firefox.com/success.txt?ipv4"
            },
            {
              "CompressionType": "",
              "DataType": "text/html",
              "DownloadTime": 218,
              "EventId": 4814,
              "HttpStatus": 200,
              "Size": 90,
              "URL": "http://detectportal.firefox.com/canonical.html"
            }
          ],
          "SSLCipher": "None",
          "SSLVersion": "None"
        }
      ],
      "IncludeInScript": true
    }
  ],
  "WebSocket": {
    "IncludeInScript": false,
    "IsScriptIncludeWebSocket": false
  },
  "NumberOfCorrelations": 0
}