{"_type":"ItemSearchResponse","deals":{"retailerData":{"domainName":"127.0.0.1","checkoutPageUrl":"/checkout/cart","orderConfirmationPageUrl":"/checkout/onepage/success/","allCheckoutPages":[{"inputBoxSelector":"#coupon_code","applyButtonSelector":"#discount-coupon-form BUTTON.apply","removeCouponButtonSelector":"#discount-coupon-form BUTTON.cancel","orderTotalDataElementSelector":"#shopping-cart-totals-table tfoot .price","waitBeforeReApplyingNextCoupon":1000,"waitAfterApplyingCurrentCoupon":2000,"checkoutPageUrl":"/checkout/cart","refreshAfterApplying":true,"refreshAfterRemoving":true,"clickBeforeStartSelector":"[class*='showcoupon']","errorMessageSelector":".messages [role='alert']","manualCouponApplyTrackingEnabled":true}],"confirmationPageTelemetry":{"transactionIdSelector":".checkout-success .order-number,.checkout-success .success-order-id,.checkout-success .success-order-number,.checkout-success > p > strong,.checkout-success > p > span,.checkout-success .success-messages > p > strong,.checkout-success .success-messages > p > span,.checkout-success .thank-you-note > div > p > span,.checkout-success > div > p > span","purchaseTotalSelector":".order-items .grand_total .amount","productDetailsData":[{"productIdSelector":".order-items .product-item-name, .name > .product-item-photo, .cart.item .product-item-name","productPriceSelector":".price > .price-excluding-tax > .cart-price > .price, .cart.item .price","productQuantitySelector":".qty > .items-qty > .item > .content, .cart.item .qty"}],"orderSubTotalPriceSelector":".order-items .subtotal .amount","orderDiscountPriceSelector":".order-items .discount .amount","orderShippingPriceSelector":".order-items .shipping .amount","orderTaxesPriceSelector":".order-items .totals-tax .amount, .order-items .tax .amount"},"isHighTrafficDomain":false,"standdownDuration":"0","cancellationPageTelemetry":{"cancellationPageUrlRegex":"(/rma/account/view/request/|/rma/guest/view/request/)","transactionIdSelector":".amrma-customer-name>p:first-child .amrma-name","productTitleSelector":"div.amrma-product-information > strong"},"selectorExtractionEnabled":true},"errorCode":"OK","impressionId":"96AABB931E4041FCA7785D66FBC57505","cashback":{"userRebateResponse":{},"isRebatesSupportedDomain":false,"isSignInSupportedDomain":true,"personalizedCashback":{}},"shouldRenderIcon":true,"shouldAutoOpenPage":0,"shouldRenderSustainability":false,"aFDMarket":"nl-nl","market":"nl-nl","userPersonalizationInfo":{},"userInfo":{"isMSASignedIn":false,"isBingSignedInUser":false,"isSSOEnabled":true,"isSignedUser":false,"ageGroup":0,"isPersonalizationDataConsentEnabled":true,"isPersonalizationDataConsentChanged":true,"isAADSignedIn":false},"productTracking":{"trackedProducts":[]},"isSSOEnabled":true,"clientInfo":{"isOffTheRecord":true,"buildVersion":"112.0.1722.58"},"autos":{"isAutosSupportedDomain":false},"contentDataType":"Deals"},"impressionId":"96AABB931E4041FCA7785D66FBC57505"}