<?xml version="1.0" encoding="UTF-8"?><resp ver="2"><tlm><resps><resp key="1"><namespace svc="watson" ptr="generic" gp="generic" app="msedge.exe"><arg nm="p1" val="msedge.exe" /><arg nm="p2" val="113.0.1774.50" /><arg nm="p3" val="msedge_elf.dll" /><arg nm="p4" val="113.0.1774.50" /><arg nm="p5" val="2374807" /><arg nm="p6" val="utility" /><arg nm="p7" val="0x517a7ed" /><arg nm="p8" val="0" /></namespace><cmd nm="collect"><arg nm="idata" val="1" /></cmd><cmd nm="send"><arg nm="token" val="3.8af50da7197226cb7c9de4d402336f47.01d993e7b62c040e.meta={cabrequesttype,0};meta={ibucket,1448526017430964645};meta={ieventtype,693};meta={reportid,221dd95eb554407b90f1edd85d90862e};meta={rules,v=1}" /><arg nm="tokenexp" val="133300287387206670" /><arg nm="destination" val="watson.telemetry.microsoft.com" /></cmd><cmd nm="receipt"><arg nm="tm" val="133291647387206670" /><arg nm="buckettbl" val="5" /><arg nm="bucket" val="d9d40f2da8917cfe941a32bcfce249a5" /><arg nm="ibucket" val="1448526017430964645" /></cmd></resp></resps></tlm></resp>