{"ttl":3600,"clients":[{"name":"Bing","id":"6f053d1c-73ab-4c66-8de3-22754364e533","types":["msa"],"group":"default","hosts":["www.bing.com"],"redirectUri":"https://login.microsoftonline.com/oauth2/nativeclient","tokens":{"root":{"scopes":"service::bing.com::mbi_ssl"}},"loginActions":{"networkRequests":[{"url":"https://www.bing.com/fd/auth/signin?&action=header&provider=windows_live_id&save_token=0","method":"GET","headers":{"X-Search-RPSToken":"${root}"}}]},"logoutActions":{"networkRequests":[{"url":"https://www.bing.com/logoutgif.asp","method":"GET"}]},"watch":[{"trigger":"cookie","host":"www.bing.com","name":"_U","value":"","action":"logout"}]},{"name":"SSO","id":"82864fa0-ed49-4711-8395-a0e6003dca1f","types":["msa"],"group":"default","logoutActions":{"networkRequests":[{"url":"https://login.live.com/logout.srf","method":"GET"}]},"watch":[{"trigger":"cookie","host":"login.live.com","name":"PPAuth","value":"","action":"logout"}]},{"name":"MSN","id":"f3222e55-ab35-49de-81f3-88a3be08cf77","types":["msa"],"group":"default","hosts":["localhost.msn.com","ntp.msn.com","www.msn.com","ntp.msn.cn"],"tokens":{"msn":{"scopes":"service::www.msn.com::mbi_ssl"}},"loginActions":{"cookies":{"add":[{"url":"https://www.msn.com/","line":"lt=${msn}; domain=msn.com; path=/; max-age=2592000; secure; samesite=none"}]}},"logoutActions":{"networkRequests":[{"url":"https://api.msn.com/auth/cookie/EdgeProfile?apikey=0QfOX3Vn51YCzitbLaRkTTBadtWpgTN8NZLW0C1SEM&ocid=edge","method":"DELETE"}],"cookies":{"delete":[{"url":"https://www.msn.com/","line":"lt="}]}}},{"name":"Office","id":"4765445b-32c6-49b0-83e6-1d93765276ca","types":["msa"],"group":"default","hosts":["www.office.com","ntp.www.office.com"],"logoutActions":{"networkRequests":[{"url":"https://www.office.com/logout","method":"GET"}]}},{"name":"WindowsDashboard","id":"26b99878-68bf-465c-a318-8a5b23bb9365","types":["aad","msa"],"group":"default","hosts":["windows.msn.com"]}]}