<?xml version="1.0" encoding="UTF-8"?>
<root xmlns="urn:schemas-upnp-org:device-1-0" xmlns:dlna="urn:schemas-dlna-org:device-1-0">
  <specVersion>
    <major>1</major>
    <minor>0</minor>
  </specVersion>
  <device>
    <deviceType>urn:dial-multiscreen-org:service:dial:1</deviceType>
    <friendlyName>[LG] webOS TV LJ570U</friendlyName>
    <manufacturer>LG Electronics</manufacturer>
    <manufacturerURL>http://www.lge.com</manufacturerURL>
    <modelDescription></modelDescription>
    <modelName>LG Smart TV</modelName>
    <modelURL>http://www.lge.com</modelURL>
    <modelNumber>WEBOS</modelNumber>
    <serialNumber></serialNumber>
    <UDN>uuid:bc593639-1047-49bc-a2ea-2196614f882d</UDN>
    <serviceList>
      <service>
        <serviceType>urn:dial-multiscreen-org:service:dial:1</serviceType>
        <serviceId>urn:dial-multiscreen-org:serviceId:dial</serviceId>
        <SCPDURL>/WebOS_Dial/bc593639-1047-49bc-a2ea-2196614f882d/scpd.xml</SCPDURL>
        <controlURL>/WebOS_Dial/bc593639-1047-49bc-a2ea-2196614f882d/control.xml</controlURL>
        <eventSubURL>/WebOS_Dial/bc593639-1047-49bc-a2ea-2196614f882d/event.xml</eventSubURL>
      </service>
    </serviceList>
  </device>
</root>