{"ECS":{"ExcludeExternalConfigIdsInLog":true,"ConfigLogTarget":"edge_stable"},"EdgeFirstRun":{"NDFREShowConsentScreenForSignedOutUser":{"enableFeatures":["msEdgeFREShowConsentScreenForSignedOutUser"]},"UACompatibilityFix":{"enableFeatures":["msUACompatibilityFix"]},"ExpEnabled":{"enableFeatures":["msExpEnabled"]}},"EdgeFirstRunConfig":{"OmniboxActionsA1":{"enableFeatures":["msOmniboxPedalIntercept"],"parameters":[{"name":"OmniboxPedalInterceptTreatment","value":"1"}]},"EmptyEdgeFirstRunConfig":{"enableFeatures":["eefrc"]}},"Segmentation":{"ContentServicesAll":"false","WebXTAll":"false","BingAll":"false","EdgeAll":"false","MicrosoftUser":"false"},"Headers":{"ETag":"\"j7RazIkUzHzADKhqvPrgwN8DsbDDuJLAdnrxd0FT2qk=\"","Expires":"Tue, 23 May 2023 10:52:12 GMT","CountryCode":"NL","StatusCode":"200"},"ConfigIDs":{"ECS":"P-R-1082570-1-11,P-D-42388-2-6","EdgeFirstRun":"P-R-1079512-14-5,P-R-1021718-2-18,P-R-1018947-2-3","EdgeFirstRunConfig":"P-R-1090050-1-8,P-R-1075865-1-5","Segmentation":"P-R-66078-1-3,P-R-66077-1-5,P-R-60882-1-2,P-R-43082-1-3,P-R-42744-1-2"}}