<?xml version="1.0" encoding="UTF-8"?><resp ver="2"><tlm><resps><resp key="1"><namespace svc="watson" ptr="generic" gp="generic" app="msedge.exe"><arg nm="p1" val="msedge.exe" /><arg nm="p2" val="113.0.1774.50" /><arg nm="p3" val="msedge_elf.dll" /><arg nm="p4" val="113.0.1774.50" /><arg nm="p5" val="2374807" /><arg nm="p6" val="utility" /><arg nm="p7" val="0x517a7ed" /><arg nm="p8" val="0" /></namespace><cmd nm="receipt"><arg nm="tm" val="133293093254794809" /><arg nm="buckettbl" val="5" /><arg nm="bucket" val="d9d40f2da8917cfe941a32bcfce249a5" /><arg nm="ibucket" val="1448526017430964645" /></cmd></resp></resps></tlm></resp>