{"actions":[{"$type":"cache","key":{"uri":"jpetstore.aspectran.com/account/signonform","inheritance":"none"},"maxAge":100800000000,"serverContext":"1;f94c025f-7523-6972-b613-ce2c246c55ce;UNKN:100;0.01","responseCategory":"Allowed","result":{"$type":"evaluate"}}],"serverContext":"1;f94c025f-7523-6972-b613-ce2c246c55ce;UNKN:100;0.01","result":{"$type":"evaluate","responseCategory":"Allowed","serverContext":"1;f94c025f-7523-6972-b613-ce2c246c55ce;UNKN:100;0.01","feedbackUrl":"https://feedback.smartscreen.microsoft.com/feedback.aspx?v=6&t=12553&result=none&type=top&ur=UNKN%3A100&osVer=10.0.22621.1555.ni_release&prodGuid=381ddd1e-e600-42de-94ed-8c34bf73f16d&locale=en-US&fv=1.2.2303.9&dv=638004170464094982&url=aHR0cHM6Ly9qcGV0c3RvcmUuYXNwZWN0cmFuLmNvbS9hY2NvdW50L3NpZ25vbkZvcm0%3D&refUrl=aHR0cHM6Ly9qcGV0c3RvcmUuYXNwZWN0cmFuLmNvbS9jYXRhbG9nLw%3D%3D&hostIp=188.114.97.0&corrId=4544efda-746c-4fd0-be4e-0f989d9fe617"}}