{"actions":[{"$type":"cache","key":{"uri":"jpetstore.aspectran.com/catalog","inheritance":"none"},"maxAge":100800000000,"serverContext":"1;f94c025f-7523-6972-b613-ce2c246c55ce;UNKN:100;0.01","responseCategory":"Allowed","result":{"$type":"evaluate"}},{"$type":"data","id":"synchronousLookupUris","uri":"https://data-edge.smartscreen.microsoft.com/api/browser/edge/data/bloomfilter/x/3?pushCert=false&flight=%7B%22ETag%22%3A%22%5C%22f1N%2BZtS%2B4zEcF5jUnfkfY83au2YpaEz3mRg50jHrtzo%3D%5C%22%22%2C%22Ids%22%3A%5B%22P-R-1021007-4-5%2CP-R-99770-9-32%2CP-R-86682-4-37%2CP-R-73000-7-30%2CP-R-72999-7-29%2CP-R-70204-3-18%2CP-R-69385-1-5%2CP-R-68026-3-37%2CP-R-68490-1-3%2CP-R-68172-2-4%2CP-R-68175-1-6%2CP-R-68176-2-8%2CP-R-68179-1-3%2CP-R-68306-1-20%2CP-R-68307-1-3%2CP-D-68194-1-2%22%5D%2C%22Settings%22%3A%7B%22Names%22%3Anull%2C%22Ring%22%3A0%2C%22Models%22%3Anull%2C%22ServiceClientModelDetonate%22%3Afalse%2C%22WdsiFeedback%22%3Afalse%2C%22NPFeedbackUriOverride%22%3Anull%2C%22NetworkFilterDetonate%22%3Afalse%2C%22ServicePhishDetonate%22%3Afalse%2C%22ServicePhishDetonateLegacy%22%3Afalse%2C%22ServiceAdhocDetonate%22%3Afalse%2C%22NpSettings2004%22%3Atrue%2C%22UpdateSigningCert%22%3Atrue%2C%22UpdateSigningCertForRS3RS4%22%3Atrue%2C%22NpSettings2004Value%22%3A0%2C%22IsCOCOBlockEnabled%22%3Afalse%2C%22NpIpBlockOverrideValue%22%3A0%2C%22TopTrafficV2Enabled%22%3Atrue%2C%22ListApiE5V2Enabled%22%3Atrue%2C%22IsNpPIOverrideBlockEnabled%22%3Atrue%2C%22TopTrafficV2MobileFlightEnabled%22%3Afalse%2C%22BloomFilterDeltaFlag%22%3A1%2C%22SrcEOPEnabled%22%3Atrue%2C%22IsCurfId0LoggingEnabled%22%3Atrue%2C%22IsCurfId0BlockingEnabled%22%3Afalse%2C%22UpdateOnMissingEtagEnabled%22%3Atrue%2C%22EnableProxyLeniency%22%3Atrue%2C%22IsArsFmsIntegrationEnabled%22%3Atrue%2C%22EnableNsHumorMatch%22%3Atrue%2C%22ApplyNsHumorVerdict%22%3Afalse%2C%22EnableNpSkipNonWeb%22%3Afalse%2C%22SendGeoMapInSettingsToNewAnaheimClient%22%3Atrue%2C%22UmsSrcPhishBNRTEnabled%22%3Afalse%2C%22MTDThrottleFactor%22%3A0.0%2C%22UnsilenceModelGuid%22%3Anull%7D%7D&os=10.0.22621.1555.ni_release"},{"$type":"ping","uri":"https://ping-edge.smartscreen.microsoft.com/api/browser/edge/actions/3?pushCert=false&os=10.0.22621.1555.ni_release","timeout":36000000000,"verb":"POST"}],"serverContext":"1;f94c025f-7523-6972-b613-ce2c246c55ce;UNKN:100;0.01","result":{"$type":"evaluate","responseCategory":"Allowed","serverContext":"1;f94c025f-7523-6972-b613-ce2c246c55ce;UNKN:100;0.01","feedbackUrl":"https://feedback.smartscreen.microsoft.com/feedback.aspx?v=6&t=12553&result=none&type=top&ur=UNKN%3A100&osVer=10.0.22621.1555.ni_release&prodGuid=381ddd1e-e600-42de-94ed-8c34bf73f16d&locale=en-US&fv=1.2.2303.9&dv=638004170464094982&url=aHR0cHM6Ly9qcGV0c3RvcmUuYXNwZWN0cmFuLmNvbS9jYXRhbG9nLw%3D%3D&hostIp=188.114.97.0&corrId=128bffe4-fbf0-4db6-9680-4d24dccd4fb9"}}