{"_type":"ItemSearchResponse","comparableOffers":{"value":[],"freeOfferValue":[],"attributedatabag":{"responseLevelSignals":{"queryleafcategoryid":"6402"}},"segment":"Others","contentDataType":"PriceCompare","debug":{"globalOfferIds":[],"adsTraceId":"643c194f54714a4bb13ffac1e362c1dd"}},"priceHistory":{"triggerPriceHistoryAlert":false,"triggerInsight":"ShowInsight","contentDataType":"PriceHistory","debug":{"nUrl":"jpetstore.aspectran.com/catalog/items/est-1","productLevelNormalizedUrl":"jpetstore.aspectran.com/catalog/items/est-1","v1HasGOId":"False","v2HasGOId":"False"}},"impressionId":"BB8B863CFB0243DBAF1CA49E244C08DC"}