{
  "FilterHeaders": [
    {
      "Header": "x-search-rpstoken",
      "IncludeInScript": true
    },
    {
      "Header": "x-microsoft-update-updater",
      "IncludeInScript": true
    },
    {
      "Header": "x-microsoft-update-service-cohort",
      "IncludeInScript": true
    },
    {
      "Header": "x-microsoft-update-interactivity",
      "IncludeInScript": true
    },
    {
      "Header": "x-microsoft-update-appid",
      "IncludeInScript": true
    },
    {
      "Header": "x-http-method-override",
      "IncludeInScript": true
    },
    {
      "Header": "user-agent",
      "IncludeInScript": false
    },
    {
      "Header": "upgrade-insecure-requests",
      "IncludeInScript": true
    },
    {
      "Header": "update-interactivity",
      "IncludeInScript": true
    },
    {
      "Header": "sec-ms-gec-version",
      "IncludeInScript": true
    },
    {
      "Header": "sec-ms-gec",
      "IncludeInScript": true
    },
    {
      "Header": "sec-mesh-client-webview",
      "IncludeInScript": true
    },
    {
      "Header": "sec-mesh-client-os-version",
      "IncludeInScript": true
    },
    {
      "Header": "sec-mesh-client-os",
      "IncludeInScript": true
    },
    {
      "Header": "sec-mesh-client-edge-version",
      "IncludeInScript": true
    },
    {
      "Header": "sec-mesh-client-edge-channel",
      "IncludeInScript": true
    },
    {
      "Header": "sec-mesh-client-arch",
      "IncludeInScript": true
    },
    {
      "Header": "sec-fetch-user",
      "IncludeInScript": true
    },
    {
      "Header": "sec-fetch-site",
      "IncludeInScript": true
    },
    {
      "Header": "sec-fetch-mode",
      "IncludeInScript": true
    },
    {
      "Header": "sec-fetch-dest",
      "IncludeInScript": true
    },
    {
      "Header": "sec-ch-ua-platform",
      "IncludeInScript": true
    },
    {
      "Header": "sec-ch-ua-mobile",
      "IncludeInScript": true
    },
    {
      "Header": "sec-ch-ua",
      "IncludeInScript": true
    },
    {
      "Header": "pragma",
      "IncludeInScript": false
    },
    {
      "Header": "origin",
      "IncludeInScript": true
    },
    {
      "Header": "ms-cv",
      "IncludeInScript": true
    },
    {
      "Header": "edgefeatureflags",
      "IncludeInScript": true
    },
    {
      "Header": "cache-control",
      "IncludeInScript": false
    },
    {
      "Header": "authorization",
      "IncludeInScript": true
    },
    {
      "Header": "accept-language",
      "IncludeInScript": false
    },
    {
      "Header": "accept-encoding",
      "IncludeInScript": false
    },
    {
      "Header": "accept",
      "IncludeInScript": false
    }
  ],
  "FilterResources": [
    {
      "IsNonResource": true,
      "type": "text/xml"
    },
    {
      "IsNonResource": false,
      "type": "text/plain"
    },
    {
      "IsNonResource": true,
      "type": "text/html"
    },
    {
      "IsNonResource": false,
      "type": "text/css"
    },
    {
      "IsNonResource": false,
      "type": "image/jpeg"
    },
    {
      "IsNonResource": false,
      "type": "application/x-protobuf"
    },
    {
      "IsNonResource": true,
      "type": "application/json"
    },
    {
      "IsNonResource": false,
      "type": "application/javascript"
    }
  ],
  "GeneralInfo": {
    "BrowserVersion": "",
    "IsWinInetMode": false,
    "MaxUsedConnections": 19,
    "RecordedBrowser": "c:\\program files (x86)\\microsoft\\edge\\application\\msedge.exe",
    "RecordingDate": "Apr-16-2023",
    "RecordingDuration": 255281,
    "RecordingMode": "N/A",
    "RecordingTimeStamp": 1681660025,
    "RecordingType": "Application",
    "TotalBytesReceived": 624894,
    "TotalBytesSent": 37702,
    "TotalRequests": 26,
    "UserAgent": "Mozilla/5.0 (Windows NT 10.0; Win64; x64) AppleWebKit/537.36 (KHTML, like Gecko) Chrome/112.0.0.0 Safari/537.36 Edg/112.0.1722.48"
  },
  "HostInfo": [
    {
      "DomainName": "virtualearth.net",
      "Domains": [
        {
          "HTTPVersion": "HTTP/1.1",
          "IP": "23.67.197.111",
          "IncludeInScript": true,
          "Name": "ecn.dev.virtualearth.net",
          "Port": 443,
          "Requests": [
            {
              "CompressionType": "",
              "DataType": "image/jpeg",
              "DownloadTime": 547,
              "EventId": 1748,
              "HttpStatus": 200,
              "Size": 27683,
              "URL": "https://ecn.dev.virtualearth.net/REST/v1/Traffic/Cameras/15531/?pwd=pwd&version=1&src=7&prov=0&key=AnTcaqBi2ypp0xI-OZNi4W_ik2KhjgpqioTAtXLC8GzkMBQRMlyxvxyTnd5b73im&ur=us&c=en-US&animated=false&setfeatures=mp4cameras"
            }
          ],
          "SSLCipher": "TLS_AES_256_GCM_SHA384",
          "SSLVersion": "TLS1.3"
        }
      ],
      "IncludeInScript": true
    },
    {
      "DomainName": "msn.com",
      "Domains": [
        {
          "HTTPVersion": "HTTP/1.1",
          "IP": "204.79.197.203",
          "IncludeInScript": false,
          "Name": "ntp.msn.com",
          "Port": 443,
          "Requests": [
            {
              "CompressionType": "",
              "DataType": "application/javascript",
              "DownloadTime": 500,
              "EventId": 1739,
              "HttpStatus": 304,
              "Size": 0,
              "URL": "https://ntp.msn.com/edge/ntp/service-worker.js?raceEnabled=true&riverAgeMinutes=180&navAgeMinutes=2880&enableNavPreload=true"
            },
            {
              "CompressionType": "",
              "DataType": "text/html",
              "DownloadTime": 438,
              "EventId": 1704,
              "HttpStatus": 200,
              "Size": 35452,
              "URL": "https://ntp.msn.com/edge/ntp?locale=en-US&title=New%20tab&dsp=1&sp=Bing&startpage=1&PC=U531&prerender=1"
            },
            {
              "CompressionType": "",
              "DataType": "application/javascript",
              "DownloadTime": 390,
              "EventId": 1690,
              "HttpStatus": 304,
              "Size": 0,
              "URL": "https://ntp.msn.com/edge/ntp/service-worker.js?raceEnabled=true&riverAgeMinutes=180&navAgeMinutes=2880&enableNavPreload=true"
            },
            {
              "CompressionType": "",
              "DataType": "text/html",
              "DownloadTime": 375,
              "EventId": 1532,
              "HttpStatus": 200,
              "Size": 35452,
              "URL": "https://ntp.msn.com/edge/ntp?locale=en-US&title=New%20tab&dsp=1&sp=Bing&startpage=1&PC=U531&prerender=1"
            }
          ],
          "SSLCipher": "ECDHE-RSA-AES256-GCM-SHA384",
          "SSLVersion": "TLS1.2"
        },
        {
          "HTTPVersion": "HTTP/1.1",
          "IP": "23.213.205.24",
          "IncludeInScript": false,
          "Name": "assets.msn.com",
          "Port": 443,
          "Requests": [
            {
              "CompressionType": "gzip",
              "DataType": "application/json",
              "DownloadTime": 1406,
              "EventId": 1752,
              "HttpStatus": 200,
              "Size": 676,
              "URL": "https://assets.msn.com/service/News/Users/me/Rewards?apikey=1hYoJsIRvPEnSkk0hlnJF2092mHqiz7xFenIFKa9uc&activityId=223BDF44-109A-4CE3-A236-451E8202738B&ocid=rewards-peregrine&cm=en-ca&it=app&user=m-08E2288EABF7645029433A9CAADD6558&scn=APP_ANON&version=2"
            },
            {
              "CompressionType": "gzip",
              "DataType": "application/json",
              "DownloadTime": 781,
              "EventId": 1731,
              "HttpStatus": 200,
              "Size": 65156,
              "URL": "https://assets.msn.com/serviceak/news/feed/pages/ntp?User=m-08E2288EABF7645029433A9CAADD6558&activityId=223BDF44-109A-4CE3-A236-451E8202738B&apikey=0QfOX3Vn51YCzitbLaRkTTBadtWpgTN8NZLW0C1SEM&audienceMode=adult&caller=bgtask&cm=en-ca&contentType=article,video,slideshow,webcontent&dhp=1&duotone=true&infopaneCount=26&it=app&memory=8&newsSkip=0&newsTop=48&ocid=anaheim-ntp-feeds&prerender=1&scn=APP_ANON&timeOut=1000&wposchema=byregion"
            },
            {
              "CompressionType": "gzip",
              "DataType": "application/json",
              "DownloadTime": 782,
              "EventId": 1688,
              "HttpStatus": 200,
              "Size": 66790,
              "URL": "https://assets.msn.com/serviceak/news/feed/pages/ntp?User=m-08E2288EABF7645029433A9CAADD6558&activityId=D49A9CFC-3027-4C95-BCAD-98967E44C98A&apikey=0QfOX3Vn51YCzitbLaRkTTBadtWpgTN8NZLW0C1SEM&audienceMode=adult&caller=bgtask&cm=en-ca&contentType=article,video,slideshow,webcontent&dhp=1&duotone=true&infopaneCount=26&it=app&memory=8&newsSkip=0&newsTop=48&ocid=anaheim-ntp-feeds&prerender=1&scn=APP_ANON&timeOut=1000&wposchema=byregion"
            }
          ],
          "SSLCipher": "TLS_AES_256_GCM_SHA384",
          "SSLVersion": "TLS1.3"
        },
        {
          "HTTPVersion": "HTTP/1.1",
          "IP": "204.79.197.203",
          "IncludeInScript": false,
          "Name": "api.msn.com",
          "Port": 443,
          "Requests": [
            {
              "CompressionType": "br",
              "DataType": "application/json",
              "DownloadTime": 328,
              "EventId": 1727,
              "HttpStatus": 200,
              "Size": 6,
              "URL": "https://api.msn.com/auth/cookie/appanon?apikey=1hYoJsIRvPEnSkk0hlnJF2092mHqiz7xFenIFKa9uc&ocid=authconstants-peregrine&activityId=223BDF44-109A-4CE3-A236-451E8202738B&scn=app_anon"
            },
            {
              "CompressionType": "br",
              "DataType": "application/json",
              "DownloadTime": 406,
              "EventId": 1723,
              "HttpStatus": 200,
              "Size": 6,
              "URL": "https://api.msn.com/auth/cookie/appanon?scn=app_anon&ocid=authconstants-peregrine&apikey=1hYoJsIRvPEnSkk0hlnJF2092mHqiz7xFenIFKa9uc&activityId=223BDF44109A4CE3A236451E8202738B"
            },
            {
              "CompressionType": "br",
              "DataType": "application/json",
              "DownloadTime": 391,
              "EventId": 1700,
              "HttpStatus": 200,
              "Size": 6,
              "URL": "https://api.msn.com/auth/cookie/appanon?apikey=1hYoJsIRvPEnSkk0hlnJF2092mHqiz7xFenIFKa9uc&ocid=authconstants-peregrine&activityId=D49A9CFC-3027-4C95-BCAD-98967E44C98A&scn=app_anon"
            },
            {
              "CompressionType": "br",
              "DataType": "application/json",
              "DownloadTime": 703,
              "EventId": 1635,
              "HttpStatus": 200,
              "Size": 6,
              "URL": "https://api.msn.com/auth/cookie/appanon?scn=app_anon&ocid=authconstants-peregrine&apikey=1hYoJsIRvPEnSkk0hlnJF2092mHqiz7xFenIFKa9uc&activityId=D49A9CFC30274C95BCAD98967E44C98A"
            }
          ],
          "SSLCipher": "",
          "SSLVersion": ""
        }
      ],
      "IncludeInScript": true
    },
    {
      "DomainName": "microsoft.com",
      "Domains": [
        {
          "HTTPVersion": "HTTP/1.1",
          "IP": "52.162.36.127",
          "IncludeInScript": true,
          "Name": "telem-edge.smartscreen.microsoft.com",
          "Port": 443,
          "Requests": [
            {
              "CompressionType": "",
              "DataType": "",
              "DownloadTime": 359,
              "EventId": 1644,
              "HttpStatus": 200,
              "Size": 0,
              "URL": "https://telem-edge.smartscreen.microsoft.com/api/browser/edge/telemetry/3"
            }
          ],
          "SSLCipher": "",
          "SSLVersion": ""
        },
        {
          "HTTPVersion": "HTTP/1.1",
          "IP": "13.107.21.239",
          "IncludeInScript": true,
          "Name": "edge.microsoft.com",
          "Port": 443,
          "Requests": [
            {
              "CompressionType": "gzip",
              "DataType": "application/json",
              "DownloadTime": 610,
              "EventId": 2098,
              "HttpStatus": 200,
              "Size": 180,
              "URL": "https://edge.microsoft.com/componentupdater/api/v1/update"
            },
            {
              "CompressionType": "gzip",
              "DataType": "application/x-protobuf",
              "DownloadTime": 328,
              "EventId": 2088,
              "HttpStatus": 200,
              "Size": 49,
              "URL": "https://edge.microsoft.com/extensionrevocation/v1/threatListUpdates:fetch?req=ChcKBm1zZWRnZRINMTEyLjAuMTcyMi40OBobCAEQCBoNMTY3NzEzMTM3MDQxOSIEIAEgAigEIgIIAQ==&ct=application/x-protobuf&key=d414dd4f9db345fa8003e32adc81b362&ei=N"
            },
            {
              "CompressionType": "",
              "DataType": "text/plain",
              "DownloadTime": 312,
              "EventId": 2038,
              "HttpStatus": 200,
              "Size": 52,
              "URL": "https://edge.microsoft.com/autofillservice/v1/pages/ChVDaHJvbWUvMTEyLjAuNTYxNS4xMjESEAkZN9tbtPh8ARIFDQKP-2gSFwmMYSIRdNWezhIFDeeNQA4SBQ3OQUx6?alt=proto"
            },
            {
              "CompressionType": "",
              "DataType": "text/plain",
              "DownloadTime": 3906,
              "EventId": 2028,
              "HttpStatus": 200,
              "Size": 20,
              "URL": "https://edge.microsoft.com/autofillservice/v1/pages/ChVDaHJvbWUvMTEyLjAuNTYxNS4xMjESEAkZN9tbtPh8ARIFDQKP-2g=?alt=proto"
            },
            {
              "CompressionType": "gzip",
              "DataType": "application/json",
              "DownloadTime": 859,
              "EventId": 1801,
              "HttpStatus": 200,
              "Size": 1194,
              "URL": "https://edge.microsoft.com/componentupdater/api/v1/update?cup2key=6:L6uCEAgyUq78y63h43VUmQmU8xggJDFfHG4KWjgGZ9U&cup2hreq=270ee8fb998c45ef7d5a145eae84a9fd42d8017fc80ba6a737f2d8e6dabc6fe0"
            },
            {
              "CompressionType": "",
              "DataType": "text/xml",
              "DownloadTime": 703,
              "EventId": 1633,
              "HttpStatus": 200,
              "Size": 413,
              "URL": "https://edge.microsoft.com/extensionwebstorebase/v1/crx?os=win&arch=x64&os_arch=x86_64&nacl_arch=x86-64&prod=edgecrx&prodchannel=&prodversion=112.0.1722.48&lang=en-US&acceptformat=crx3&x=id%3Djmjflgjpcpepeafmmgdpfkogkghcpiha%26v%3D1.1.2%26installedby%3Dother%26uc"
            },
            {
              "CompressionType": "",
              "DataType": "application/json",
              "DownloadTime": 671,
              "EventId": 1630,
              "HttpStatus": 200,
              "Size": 1865,
              "URL": "https://edge.microsoft.com/identity/api/v3/msa"
            }
          ],
          "SSLCipher": "ECDHE-RSA-AES256-GCM-SHA384",
          "SSLVersion": "TLS1.2"
        },
        {
          "HTTPVersion": "HTTP/1.1",
          "IP": "13.107.6.158",
          "IncludeInScript": true,
          "Name": "edge-http.microsoft.com",
          "Port": 80,
          "Requests": [
            {
              "CompressionType": "",
              "DataType": "",
              "DownloadTime": 547,
              "EventId": 1837,
              "HttpStatus": 204,
              "Size": 0,
              "URL": "http://edge-http.microsoft.com/captiveportal/generate_204"
            },
            {
              "CompressionType": "",
              "DataType": "",
              "DownloadTime": 703,
              "EventId": 1637,
              "HttpStatus": 204,
              "Size": 0,
              "URL": "http://edge-http.microsoft.com/captiveportal/generate_204"
            }
          ],
          "SSLCipher": "None",
          "SSLVersion": "None"
        },
        {
          "HTTPVersion": "HTTP/1.1",
          "IP": "52.153.155.231",
          "IncludeInScript": true,
          "Name": "api.edgeoffer.microsoft.com",
          "Port": 443,
          "Requests": [
            {
              "CompressionType": "gzip",
              "DataType": "application/json",
              "DownloadTime": 656,
              "EventId": 1541,
              "HttpStatus": 200,
              "Size": 123,
              "URL": "https://api.edgeoffer.microsoft.com/edgeoffer/experiments?appId=edge-extensions&country=CA"
            }
          ],
          "SSLCipher": "",
          "SSLVersion": ""
        }
      ],
      "IncludeInScript": true
    },
    {
      "DomainName": "googletagmanager.com",
      "Domains": [
        {
          "HTTPVersion": "HTTP/1.1",
          "IP": "142.250.64.200",
          "IncludeInScript": true,
          "Name": "www.googletagmanager.com",
          "Port": 443,
          "Requests": [
            {
              "CompressionType": "br",
              "DataType": "application/javascript",
              "DownloadTime": 344,
              "EventId": 1949,
              "HttpStatus": 200,
              "Size": 78300,
              "URL": "https://www.googletagmanager.com/gtag/js?id=G-PBGW9BF7P6"
            }
          ],
          "SSLCipher": "TLS_AES_256_GCM_SHA384",
          "SSLVersion": "TLS1.3"
        }
      ],
      "IncludeInScript": true
    },
    {
      "DomainName": "googleapis.com",
      "Domains": [
        {
          "HTTPVersion": "HTTP/1.1",
          "IP": "142.250.64.234",
          "IncludeInScript": false,
          "Name": "fonts.googleapis.com",
          "Port": 443,
          "Requests": [
            {
              "CompressionType": "gzip",
              "DataType": "text/css",
              "DownloadTime": 344,
              "EventId": 1874,
              "HttpStatus": 200,
              "Size": 587,
              "URL": "https://fonts.googleapis.com/css?family=Raleway:500,500i,700"
            }
          ],
          "SSLCipher": "TLS_AES_256_GCM_SHA384",
          "SSLVersion": "TLS1.3"
        }
      ],
      "IncludeInScript": true
    },
    {
      "DomainName": "google-analytics.com",
      "Domains": [
        {
          "HTTPVersion": "HTTP/1.1",
          "IP": "142.250.189.142",
          "IncludeInScript": true,
          "Name": "www.google-analytics.com",
          "Port": 443,
          "Requests": [
            {
              "CompressionType": "",
              "DataType": "text/plain",
              "DownloadTime": 281,
              "EventId": 2040,
              "HttpStatus": 204,
              "Size": 0,
              "URL": "https://www.google-analytics.com/g/collect?v=2&tid=G-PBGW9BF7P6&gtm=45je34c0&_p=458054703&cid=299401760.1681663651&ul=en-us&sr=1536x864&uaa=x86&uab=64&uafvl=Chromium%3B112.0.5615.121%7CMicrosoft%2520Edge%3B112.0.1722.48%7CNot%253AA-Brand%3B99.0.0.0&uamb=0&uam=&uap=Windows&uapv=15.0.0&uaw=0&_s=2&sid=1681663651&sct=1&seg=0&dl=https%3A%2F%2Fjpetstore.aspectran.com%2Fcatalog%2F&dt=JPetStore%20Demo&en=user_engagement&_et=7552"
            },
            {
              "CompressionType": "",
              "DataType": "text/plain",
              "DownloadTime": 422,
              "EventId": 2026,
              "HttpStatus": 204,
              "Size": 0,
              "URL": "https://www.google-analytics.com/g/collect?v=2&tid=G-PBGW9BF7P6&gtm=45je34c0&_p=458054703&cid=299401760.1681663651&ul=en-us&sr=1536x864&uaa=x86&uab=64&uafvl=Chromium%3B112.0.5615.121%7CMicrosoft%2520Edge%3B112.0.1722.48%7CNot%253AA-Brand%3B99.0.0.0&uamb=0&uam=&uap=Windows&uapv=15.0.0&uaw=0&_s=1&sid=1681663651&sct=1&seg=0&dl=https%3A%2F%2Fjpetstore.aspectran.com%2Fcatalog%2F&dt=JPetStore%20Demo&en=page_view&_fv=1&_nsi=1&_ss=1&_ee=1"
            }
          ],
          "SSLCipher": "TLS_AES_256_GCM_SHA384",
          "SSLVersion": "TLS1.3"
        }
      ],
      "IncludeInScript": true
    },
    {
      "DomainName": "bing.com",
      "Domains": [
        {
          "HTTPVersion": "HTTP/1.1",
          "IP": "204.79.197.200",
          "IncludeInScript": true,
          "Name": "www.bing.com",
          "Port": 443,
          "Requests": [
            {
              "CompressionType": "",
              "DataType": "application/json",
              "DownloadTime": 407,
              "EventId": 2054,
              "HttpStatus": 200,
              "Size": 332303,
              "URL": "https://www.bing.com/bloomfilterfiles/DomainsFilterGlobal.json"
            },
            {
              "CompressionType": "br",
              "DataType": "text/html",
              "DownloadTime": 406,
              "EventId": 1676,
              "HttpStatus": 400,
              "Size": 1,
              "URL": "https://www.bing.com/fd/auth/signin?&action=header&provider=windows_live_id&save_token=0"
            },
            {
              "CompressionType": "",
              "DataType": "application/json",
              "DownloadTime": 406,
              "EventId": 1534,
              "HttpStatus": 200,
              "Size": 109,
              "URL": "https://www.bing.com/api/shopping/v1/savings/rewards/rewardsUserInfo"
            }
          ],
          "SSLCipher": "ECDHE-RSA-AES256-GCM-SHA384",
          "SSLVersion": "TLS1.2"
        },
        {
          "HTTPVersion": "HTTP/1.1",
          "IP": "13.107.21.200",
          "IncludeInScript": true,
          "Name": "th.bing.com",
          "Port": 443,
          "Requests": [
            {
              "CompressionType": "",
              "DataType": "image/jpeg",
              "DownloadTime": 390,
              "EventId": 1775,
              "HttpStatus": 200,
              "Size": 49454,
              "URL": "https://th.bing.com/th?id=ORMS.a53c5d525542a384f314178bf424b24b&pid=Wdp&w=612&h=304&qlt=90&c=1&rs=1&dpr=1&p=0"
            },
            {
              "CompressionType": "",
              "DataType": "image/jpeg",
              "DownloadTime": 375,
              "EventId": 1764,
              "HttpStatus": 200,
              "Size": 25234,
              "URL": "https://th.bing.com/th?id=ORMS.de4a1e50ab603270ae2d351baa2b2feb&pid=Wdp&w=612&h=304&qlt=90&c=1&rs=1&dpr=1&p=0"
            },
            {
              "CompressionType": "",
              "DataType": "image/jpeg",
              "DownloadTime": 1375,
              "EventId": 1758,
              "HttpStatus": 200,
              "Size": 41026,
              "URL": "https://th.bing.com/th?id=ORMS.dbc2525f1a0a88242595f405c6b13bdf&pid=Wdp&w=612&h=304&qlt=90&c=1&rs=1&dpr=1&p=0"
            }
          ],
          "SSLCipher": "ECDHE-RSA-AES256-GCM-SHA384",
          "SSLVersion": "TLS1.2"
        }
      ],
      "IncludeInScript": true
    },
    {
      "DomainName": "aspectran.com",
      "Domains": [
        {
          "HTTPVersion": "HTTP/1.1",
          "IP": "172.67.146.56",
          "IncludeInScript": true,
          "Name": "jpetstore.aspectran.com",
          "Port": 443,
          "Requests": [
            {
              "CompressionType": "br",
              "DataType": "text/css",
              "DownloadTime": 921,
              "EventId": 1856,
              "HttpStatus": 200,
              "Size": 1219,
              "URL": "https://jpetstore.aspectran.com/css/jpetstore.css"
            },
            {
              "CompressionType": "br",
              "DataType": "text/html",
              "DownloadTime": 969,
              "EventId": 1839,
              "HttpStatus": 200,
              "Size": 5643,
              "URL": "https://jpetstore.aspectran.com/catalog/"
            }
          ],
          "SSLCipher": "TLS_AES_256_GCM_SHA384",
          "SSLVersion": "TLS1.3"
        },
        {
          "HTTPVersion": "HTTP/1.1",
          "IP": "172.67.146.56",
          "IncludeInScript": true,
          "Name": "aspectran.com",
          "Port": 443,
          "Requests": [
            {
              "CompressionType": "br",
              "DataType": "application/javascript",
              "DownloadTime": 344,
              "EventId": 1909,
              "HttpStatus": 200,
              "Size": 31707,
              "URL": "https://aspectran.com/assets/js/jquery.min.js"
            },
            {
              "CompressionType": "br",
              "DataType": "application/javascript",
              "DownloadTime": 375,
              "EventId": 1879,
              "HttpStatus": 200,
              "Size": 1892,
              "URL": "https://aspectran.com/assets/js/modernizr-custom.js"
            },
            {
              "CompressionType": "br",
              "DataType": "text/css",
              "DownloadTime": 375,
              "EventId": 1877,
              "HttpStatus": 200,
              "Size": 26427,
              "URL": "https://aspectran.com/assets/css/aspectran.css"
            }
          ],
          "SSLCipher": "TLS_AES_256_GCM_SHA384",
          "SSLVersion": "TLS1.3"
        }
      ],
      "IncludeInScript": true
    },
    {
      "DomainName": "akamaized.net",
      "Domains": [
        {
          "HTTPVersion": "HTTP/1.1",
          "IP": "104.89.170.206",
          "IncludeInScript": true,
          "Name": "img-s-msn-com.akamaized.net",
          "Port": 443,
          "Requests": [
            {
              "CompressionType": "",
              "DataType": "image/png",
              "DownloadTime": 328,
              "EventId": 1791,
              "HttpStatus": 200,
              "Size": 512,
              "URL": "https://img-s-msn-com.akamaized.net/tenant/amp/entityid/BB1gJOWA?w=16&h=16&q=100&m=6&f=png&u=t"
            },
            {
              "CompressionType": "",
              "DataType": "image/png",
              "DownloadTime": 422,
              "EventId": 1778,
              "HttpStatus": 200,
              "Size": 1446,
              "URL": "https://img-s-msn-com.akamaized.net/tenant/amp/entityid/AA13rQvO?w=16&h=16&q=100&m=6&f=png&u=t"
            }
          ],
          "SSLCipher": "ECDHE-ECDSA-AES128-GCM-SHA256",
          "SSLVersion": "TLS1.2"
        }
      ],
      "IncludeInScript": true
    }
  ],
  "WebSocket": {
    "IncludeInScript": false,
    "IsScriptIncludeWebSocket": false
  },
  "NumberOfCorrelations": 0
}