{
  "FilterHeaders": [
    {
      "Header": "x-search-rpstoken",
      "IncludeInScript": true
    },
    {
      "Header": "x-microsoft-update-updater",
      "IncludeInScript": true
    },
    {
      "Header": "x-microsoft-update-service-cohort",
      "IncludeInScript": true
    },
    {
      "Header": "x-microsoft-update-interactivity",
      "IncludeInScript": true
    },
    {
      "Header": "x-microsoft-update-appid",
      "IncludeInScript": true
    },
    {
      "Header": "user-agent",
      "IncludeInScript": false
    },
    {
      "Header": "update-interactivity",
      "IncludeInScript": true
    },
    {
      "Header": "sec-mesh-client-webview",
      "IncludeInScript": true
    },
    {
      "Header": "sec-mesh-client-os-version",
      "IncludeInScript": true
    },
    {
      "Header": "sec-mesh-client-os",
      "IncludeInScript": true
    },
    {
      "Header": "sec-mesh-client-edge-version",
      "IncludeInScript": true
    },
    {
      "Header": "sec-mesh-client-edge-channel",
      "IncludeInScript": true
    },
    {
      "Header": "sec-mesh-client-arch",
      "IncludeInScript": true
    },
    {
      "Header": "sec-fetch-site",
      "IncludeInScript": true
    },
    {
      "Header": "sec-fetch-mode",
      "IncludeInScript": true
    },
    {
      "Header": "sec-fetch-dest",
      "IncludeInScript": true
    },
    {
      "Header": "origin",
      "IncludeInScript": true
    },
    {
      "Header": "msa_deviceticket",
      "IncludeInScript": true
    },
    {
      "Header": "ms-cv",
      "IncludeInScript": true
    },
    {
      "Header": "edgefeatureflags",
      "IncludeInScript": true
    },
    {
      "Header": "access-control-request-method",
      "IncludeInScript": true
    },
    {
      "Header": "access-control-request-headers",
      "IncludeInScript": true
    },
    {
      "Header": "accept-language",
      "IncludeInScript": false
    },
    {
      "Header": "accept-encoding",
      "IncludeInScript": false
    }
  ],
  "FilterResources": [
    {
      "IsNonResource": true,
      "type": "text/xml"
    },
    {
      "IsNonResource": false,
      "type": "text/plain"
    },
    {
      "IsNonResource": true,
      "type": "text/html"
    },
    {
      "IsNonResource": true,
      "type": "application/json"
    }
  ],
  "GeneralInfo": {
    "BrowserVersion": "",
    "IsWinInetMode": false,
    "MaxUsedConnections": 6,
    "RecordedBrowser": "c:\\program files (x86)\\microsoft\\edge\\application\\msedge.exe",
    "RecordingDate": "May-20-2023",
    "RecordingDuration": 106125,
    "RecordingMode": "N/A",
    "RecordingTimeStamp": 1684603423,
    "RecordingType": "Application",
    "TotalBytesReceived": 5038,
    "TotalBytesSent": 29430,
    "TotalRequests": 9,
    "UserAgent": "Crashpad/0.8.0 WinHTTP/10.0.22621.1485 Windows_NT/10.0.22621.1485 (x64)"
  },
  "HostInfo": [
    {
      "DomainName": "nelreports.net",
      "Domains": [
        {
          "HTTPVersion": "HTTP/1.1",
          "IP": "95.101.74.215",
          "IncludeInScript": true,
          "Name": "bzib.nelreports.net",
          "Port": 443,
          "Requests": [
            {
              "CompressionType": "",
              "DataType": "text/plain",
              "DownloadTime": 407,
              "EventId": 1324,
              "HttpStatus": 200,
              "Size": 21,
              "URL": "https://bzib.nelreports.net/api/report?cat=bingbusiness"
            },
            {
              "CompressionType": "",
              "DataType": "",
              "DownloadTime": 359,
              "EventId": 1322,
              "HttpStatus": 200,
              "Size": 0,
              "URL": "https://bzib.nelreports.net/api/report?cat=bingbusiness"
            }
          ],
          "SSLCipher": "TLS_AES_256_GCM_SHA384",
          "SSLVersion": "TLS1.3"
        }
      ],
      "IncludeInScript": true
    },
    {
      "DomainName": "microsoft.com",
      "Domains": [
        {
          "HTTPVersion": "HTTP/1.1",
          "IP": "20.42.65.92",
          "IncludeInScript": true,
          "Name": "nw-umwatson.events.data.microsoft.com",
          "Port": 443,
          "Requests": [
            {
              "CompressionType": "",
              "DataType": "text/xml",
              "DownloadTime": 797,
              "EventId": 1264,
              "HttpStatus": 200,
              "Size": 1035,
              "URL": "https://nw-umwatson.events.data.microsoft.com/Telemetry.Request"
            },
            {
              "CompressionType": "",
              "DataType": "text/xml",
              "DownloadTime": 875,
              "EventId": 1245,
              "HttpStatus": 200,
              "Size": 634,
              "URL": "https://nw-umwatson.events.data.microsoft.com/Telemetry.Request"
            }
          ],
          "SSLCipher": "ECDHE-RSA-AES256-GCM-SHA384",
          "SSLVersion": "TLS1.2"
        },
        {
          "HTTPVersion": "HTTP/1.1",
          "IP": "204.79.197.239",
          "IncludeInScript": true,
          "Name": "edge.microsoft.com",
          "Port": 443,
          "Requests": [
            {
              "CompressionType": "",
              "DataType": "application/json",
              "DownloadTime": 250,
              "EventId": 1285,
              "HttpStatus": 200,
              "Size": 1935,
              "URL": "https://edge.microsoft.com/identity/api/v3/msa"
            },
            {
              "CompressionType": "gzip",
              "DataType": "application/json",
              "DownloadTime": 468,
              "EventId": 1279,
              "HttpStatus": 200,
              "Size": 618,
              "URL": "https://edge.microsoft.com/componentupdater/api/v1/update?cup2key=6:jFIJh_rX1bKaFkq53FGUt8P0B3SFXAtJM_QIYnGFyWU&cup2hreq=6f9ce1d72c5b8cda3bd9611e4f096b4732b2494178214c14dfeb89476a71b852"
            },
            {
              "CompressionType": "",
              "DataType": "text/xml",
              "DownloadTime": 312,
              "EventId": 1268,
              "HttpStatus": 200,
              "Size": 413,
              "URL": "https://edge.microsoft.com/extensionwebstorebase/v1/crx?os=win&arch=x64&os_arch=x86_64&nacl_arch=x86-64&prod=edgecrx&prodchannel=&prodversion=113.0.1774.50&lang=en-US&acceptformat=crx3&x=id%3Djmjflgjpcpepeafmmgdpfkogkghcpiha%26v%3D1.1.3%26installedby%3Dother%26uc"
            }
          ],
          "SSLCipher": "ECDHE-RSA-AES256-GCM-SHA384",
          "SSLVersion": "TLS1.2"
        }
      ],
      "IncludeInScript": true
    },
    {
      "DomainName": "bing.com",
      "Domains": [
        {
          "HTTPVersion": "HTTP/1.1",
          "IP": "95.101.74.148",
          "IncludeInScript": true,
          "Name": "www.bing.com",
          "Port": 443,
          "Requests": [
            {
              "CompressionType": "br",
              "DataType": "text/html",
              "DownloadTime": 562,
              "EventId": 1295,
              "HttpStatus": 400,
              "Size": 1,
              "URL": "https://www.bing.com/fd/auth/signin?&action=header&provider=windows_live_id&save_token=0"
            }
          ],
          "SSLCipher": "TLS_AES_256_GCM_SHA384",
          "SSLVersion": "TLS1.3"
        },
        {
          "HTTPVersion": "HTTP/1.1",
          "IP": "13.107.6.158",
          "IncludeInScript": true,
          "Name": "business.bing.com",
          "Port": 443,
          "Requests": [
            {
              "CompressionType": "br",
              "DataType": "application/json",
              "DownloadTime": 219,
              "EventId": 1308,
              "HttpStatus": 401,
              "Size": 381,
              "URL": "https://business.bing.com/work/api/v2/tenant/my/settingswithflights?&clienttype=edge-omnibox"
            }
          ],
          "SSLCipher": "ECDHE-RSA-AES256-GCM-SHA384",
          "SSLVersion": "TLS1.2"
        }
      ],
      "IncludeInScript": true
    }
  ],
  "WebSocket": {
    "IncludeInScript": false,
    "IsScriptIncludeWebSocket": false
  },
  "NumberOfCorrelations": 1
}