{
  "FilterHeaders": [
    {
      "Header": "x-search-rpstoken",
      "IncludeInScript": true
    },
    {
      "Header": "x-microsoft-update-updater",
      "IncludeInScript": true
    },
    {
      "Header": "x-microsoft-update-service-cohort",
      "IncludeInScript": true
    },
    {
      "Header": "x-microsoft-update-interactivity",
      "IncludeInScript": true
    },
    {
      "Header": "x-microsoft-update-appid",
      "IncludeInScript": true
    },
    {
      "Header": "x-http-method-override",
      "IncludeInScript": true
    },
    {
      "Header": "user-agent",
      "IncludeInScript": false
    },
    {
      "Header": "upgrade-insecure-requests",
      "IncludeInScript": true
    },
    {
      "Header": "update-interactivity",
      "IncludeInScript": true
    },
    {
      "Header": "token",
      "IncludeInScript": true
    },
    {
      "Header": "sec-mesh-client-webview",
      "IncludeInScript": true
    },
    {
      "Header": "sec-mesh-client-os-version",
      "IncludeInScript": true
    },
    {
      "Header": "sec-mesh-client-os",
      "IncludeInScript": true
    },
    {
      "Header": "sec-mesh-client-edge-version",
      "IncludeInScript": true
    },
    {
      "Header": "sec-mesh-client-edge-channel",
      "IncludeInScript": true
    },
    {
      "Header": "sec-mesh-client-arch",
      "IncludeInScript": true
    },
    {
      "Header": "sec-fetch-user",
      "IncludeInScript": true
    },
    {
      "Header": "sec-fetch-site",
      "IncludeInScript": true
    },
    {
      "Header": "sec-fetch-mode",
      "IncludeInScript": true
    },
    {
      "Header": "sec-fetch-dest",
      "IncludeInScript": true
    },
    {
      "Header": "sec-ch-ua-platform",
      "IncludeInScript": true
    },
    {
      "Header": "sec-ch-ua-mobile",
      "IncludeInScript": true
    },
    {
      "Header": "sec-ch-ua",
      "IncludeInScript": true
    },
    {
      "Header": "pragma",
      "IncludeInScript": false
    },
    {
      "Header": "origin",
      "IncludeInScript": true
    },
    {
      "Header": "ms-cv",
      "IncludeInScript": true
    },
    {
      "Header": "if-none-match",
      "IncludeInScript": false
    },
    {
      "Header": "if-modified-since",
      "IncludeInScript": false
    },
    {
      "Header": "edgefeatureflags",
      "IncludeInScript": true
    },
    {
      "Header": "cache-control",
      "IncludeInScript": false
    },
    {
      "Header": "authorization",
      "IncludeInScript": true
    },
    {
      "Header": "appinfoclientname",
      "IncludeInScript": true
    },
    {
      "Header": "accept-language",
      "IncludeInScript": false
    },
    {
      "Header": "accept-encoding",
      "IncludeInScript": false
    },
    {
      "Header": "accept",
      "IncludeInScript": false
    }
  ],
  "FilterResources": [
    {
      "IsNonResource": true,
      "type": "text/xml"
    },
    {
      "IsNonResource": false,
      "type": "text/plain"
    },
    {
      "IsNonResource": true,
      "type": "text/html"
    },
    {
      "IsNonResource": false,
      "type": "image/png"
    },
    {
      "IsNonResource": false,
      "type": "image/gif"
    },
    {
      "IsNonResource": false,
      "type": "application/x-protobuf"
    },
    {
      "IsNonResource": true,
      "type": "application/json"
    }
  ],
  "GeneralInfo": {
    "BrowserVersion": "",
    "IsWinInetMode": false,
    "MaxUsedConnections": 40,
    "RecordedBrowser": "c:\\program files (x86)\\microsoft\\edge\\application\\msedge.exe",
    "RecordingDate": "Apr-25-2023",
    "RecordingDuration": 175593,
    "RecordingMode": "N/A",
    "RecordingTimeStamp": 1682406999,
    "RecordingType": "Application",
    "TotalBytesReceived": 455396,
    "TotalBytesSent": 89428,
    "TotalRequests": 61,
    "UserAgent": "Mozilla/5.0 (Windows NT 10.0; Win64; x64) AppleWebKit/537.36 (KHTML, like Gecko) Chrome/112.0.0.0 Safari/537.36 Edg/112.0.1722.58"
  },
  "HostInfo": [
    {
      "DomainName": "msn.com",
      "Domains": [
        {
          "HTTPVersion": "HTTP/1.1",
          "IP": "204.79.197.203",
          "IncludeInScript": false,
          "Name": "ntp.msn.com",
          "Port": 443,
          "Requests": [
            {
              "CompressionType": "",
              "DataType": "application/javascript",
              "DownloadTime": 296,
              "EventId": 455,
              "HttpStatus": 304,
              "Size": 0,
              "URL": "https://ntp.msn.com/edge/ntp/service-worker.js?raceEnabled=true&riverAgeMinutes=180&navAgeMinutes=2880&enableNavPreload=true"
            },
            {
              "CompressionType": "",
              "DataType": "text/html",
              "DownloadTime": 234,
              "EventId": 403,
              "HttpStatus": 200,
              "Size": 35045,
              "URL": "https://ntp.msn.com/edge/ntp?locale=en-US&title=New%20tab&dsp=1&sp=Bing&startpage=1&PC=U531&prerender=1"
            },
            {
              "CompressionType": "",
              "DataType": "text/html",
              "DownloadTime": 235,
              "EventId": 159,
              "HttpStatus": 200,
              "Size": 35045,
              "URL": "https://ntp.msn.com/edge/ntp?locale=en-US&title=New%20tab&dsp=1&sp=Bing&startpage=1&PC=U531&prerender=1"
            }
          ],
          "SSLCipher": "ECDHE-RSA-AES256-GCM-SHA384",
          "SSLVersion": "TLS1.2"
        },
        {
          "HTTPVersion": "HTTP/1.1",
          "IP": "95.101.123.49",
          "IncludeInScript": false,
          "Name": "assets.msn.com",
          "Port": 443,
          "Requests": [
            {
              "CompressionType": "",
              "DataType": "application/json",
              "DownloadTime": 187,
              "EventId": 466,
              "HttpStatus": 304,
              "Size": 0,
              "URL": "https://assets.msn.com/breakingnews/v1/cms/api/amp/article/AA1ZJNN"
            },
            {
              "CompressionType": "gzip",
              "DataType": "application/json",
              "DownloadTime": 454,
              "EventId": 460,
              "HttpStatus": 200,
              "Size": 441,
              "URL": "https://assets.msn.com/service/News/Users/me/Rewards?apikey=1hYoJsIRvPEnSkk0hlnJF2092mHqiz7xFenIFKa9uc&activityId=C9E786ED-AC43-41E1-8710-BC6A339C8237&ocid=rewards-peregrine&cm=en-ca&it=app&user=m-08E2288EABF7645029433A9CAADD6558&scn=APP_ANON&version=2"
            },
            {
              "CompressionType": "gzip",
              "DataType": "application/json",
              "DownloadTime": 829,
              "EventId": 448,
              "HttpStatus": 200,
              "Size": 69043,
              "URL": "https://assets.msn.com/service/news/feed/pages/ntp?User=m-08E2288EABF7645029433A9CAADD6558&activityId=C9E786ED-AC43-41E1-8710-BC6A339C8237&apikey=0QfOX3Vn51YCzitbLaRkTTBadtWpgTN8NZLW0C1SEM&audienceMode=adult&caller=bgtask&cm=en-ca&contentType=article,video,slideshow,webcontent&dhp=1&duotone=true&infopaneCount=26&it=app&memory=8&newsSkip=0&newsTop=48&ocid=anaheim-ntp-feeds&prerender=1&scn=APP_ANON&timeOut=1000&wposchema=byregion"
            },
            {
              "CompressionType": "gzip",
              "DataType": "application/json",
              "DownloadTime": 781,
              "EventId": 429,
              "HttpStatus": 200,
              "Size": 82260,
              "URL": "https://assets.msn.com/service/news/feed/pages/ntp?User=m-08E2288EABF7645029433A9CAADD6558&activityId=80C0EFDA-8310-4C80-8DFA-90EEC234F2BB&apikey=0QfOX3Vn51YCzitbLaRkTTBadtWpgTN8NZLW0C1SEM&audienceMode=adult&caller=bgtask&cm=en-ca&contentType=article,video,slideshow,webcontent&dhp=1&duotone=true&infopaneCount=26&it=app&memory=8&newsSkip=0&newsTop=48&ocid=anaheim-ntp-feeds&prerender=1&scn=APP_ANON&timeOut=1000&wposchema=byregion"
            }
          ],
          "SSLCipher": "",
          "SSLVersion": ""
        },
        {
          "HTTPVersion": "HTTP/1.1",
          "IP": "204.79.197.203",
          "IncludeInScript": false,
          "Name": "api.msn.com",
          "Port": 443,
          "Requests": [
            {
              "CompressionType": "br",
              "DataType": "application/json",
              "DownloadTime": 453,
              "EventId": 444,
              "HttpStatus": 200,
              "Size": 6,
              "URL": "https://api.msn.com/auth/cookie/appanon?apikey=1hYoJsIRvPEnSkk0hlnJF2092mHqiz7xFenIFKa9uc&ocid=authconstants-peregrine&activityId=C9E786ED-AC43-41E1-8710-BC6A339C8237&scn=app_anon"
            },
            {
              "CompressionType": "br",
              "DataType": "application/json",
              "DownloadTime": 453,
              "EventId": 426,
              "HttpStatus": 200,
              "Size": 6,
              "URL": "https://api.msn.com/auth/cookie/appanon?scn=app_anon&ocid=authconstants-peregrine&apikey=1hYoJsIRvPEnSkk0hlnJF2092mHqiz7xFenIFKa9uc&activityId=C9E786EDAC4341E18710BC6A339C8237"
            },
            {
              "CompressionType": "br",
              "DataType": "application/json",
              "DownloadTime": 578,
              "EventId": 395,
              "HttpStatus": 200,
              "Size": 6,
              "URL": "https://api.msn.com/auth/cookie/appanon?apikey=1hYoJsIRvPEnSkk0hlnJF2092mHqiz7xFenIFKa9uc&ocid=authconstants-peregrine&activityId=80C0EFDA-8310-4C80-8DFA-90EEC234F2BB&scn=app_anon"
            },
            {
              "CompressionType": "br",
              "DataType": "application/json",
              "DownloadTime": 578,
              "EventId": 370,
              "HttpStatus": 200,
              "Size": 6,
              "URL": "https://api.msn.com/auth/cookie/appanon?scn=app_anon&ocid=authconstants-peregrine&apikey=1hYoJsIRvPEnSkk0hlnJF2092mHqiz7xFenIFKa9uc&activityId=80C0EFDA83104C808DFA90EEC234F2BB"
            }
          ],
          "SSLCipher": "ECDHE-RSA-AES256-GCM-SHA384",
          "SSLVersion": "TLS1.2"
        }
      ],
      "IncludeInScript": true
    },
    {
      "DomainName": "microsoft.com",
      "Domains": [
        {
          "HTTPVersion": "HTTP/1.1",
          "IP": "20.31.42.83",
          "IncludeInScript": true,
          "Name": "nav-edge.smartscreen.microsoft.com",
          "Port": 443,
          "Requests": [
            {
              "CompressionType": "",
              "DataType": "application/json",
              "DownloadTime": 266,
              "EventId": 667,
              "HttpStatus": 200,
              "Size": 882,
              "URL": "https://nav-edge.smartscreen.microsoft.com/api/browser/edge/navigate/3"
            },
            {
              "CompressionType": "",
              "DataType": "application/json",
              "DownloadTime": 250,
              "EventId": 664,
              "HttpStatus": 200,
              "Size": 892,
              "URL": "https://nav-edge.smartscreen.microsoft.com/api/browser/edge/navigate/3"
            },
            {
              "CompressionType": "",
              "DataType": "application/json",
              "DownloadTime": 203,
              "EventId": 657,
              "HttpStatus": 200,
              "Size": 906,
              "URL": "https://nav-edge.smartscreen.microsoft.com/api/browser/edge/navigate/3"
            },
            {
              "CompressionType": "",
              "DataType": "application/json",
              "DownloadTime": 188,
              "EventId": 631,
              "HttpStatus": 200,
              "Size": 880,
              "URL": "https://nav-edge.smartscreen.microsoft.com/api/browser/edge/navigate/3"
            },
            {
              "CompressionType": "",
              "DataType": "application/json",
              "DownloadTime": 219,
              "EventId": 609,
              "HttpStatus": 200,
              "Size": 880,
              "URL": "https://nav-edge.smartscreen.microsoft.com/api/browser/edge/navigate/3"
            },
            {
              "CompressionType": "",
              "DataType": "application/json",
              "DownloadTime": 250,
              "EventId": 592,
              "HttpStatus": 200,
              "Size": 904,
              "URL": "https://nav-edge.smartscreen.microsoft.com/api/browser/edge/navigate/3"
            },
            {
              "CompressionType": "",
              "DataType": "application/json",
              "DownloadTime": 281,
              "EventId": 575,
              "HttpStatus": 200,
              "Size": 920,
              "URL": "https://nav-edge.smartscreen.microsoft.com/api/browser/edge/navigate/3"
            },
            {
              "CompressionType": "",
              "DataType": "application/json",
              "DownloadTime": 204,
              "EventId": 568,
              "HttpStatus": 200,
              "Size": 912,
              "URL": "https://nav-edge.smartscreen.microsoft.com/api/browser/edge/navigate/3"
            },
            {
              "CompressionType": "",
              "DataType": "application/json",
              "DownloadTime": 219,
              "EventId": 561,
              "HttpStatus": 200,
              "Size": 908,
              "URL": "https://nav-edge.smartscreen.microsoft.com/api/browser/edge/navigate/3"
            },
            {
              "CompressionType": "",
              "DataType": "application/json",
              "DownloadTime": 218,
              "EventId": 513,
              "HttpStatus": 200,
              "Size": 888,
              "URL": "https://nav-edge.smartscreen.microsoft.com/api/browser/edge/navigate/3"
            },
            {
              "CompressionType": "",
              "DataType": "application/json",
              "DownloadTime": 203,
              "EventId": 510,
              "HttpStatus": 200,
              "Size": 886,
              "URL": "https://nav-edge.smartscreen.microsoft.com/api/browser/edge/navigate/3"
            },
            {
              "CompressionType": "",
              "DataType": "application/json",
              "DownloadTime": 203,
              "EventId": 475,
              "HttpStatus": 200,
              "Size": 876,
              "URL": "https://nav-edge.smartscreen.microsoft.com/api/browser/edge/navigate/3"
            },
            {
              "CompressionType": "",
              "DataType": "application/json",
              "DownloadTime": 406,
              "EventId": 227,
              "HttpStatus": 200,
              "Size": 886,
              "URL": "https://nav-edge.smartscreen.microsoft.com/api/browser/edge/navigate/3"
            },
            {
              "CompressionType": "",
              "DataType": "application/json",
              "DownloadTime": 219,
              "EventId": 218,
              "HttpStatus": 200,
              "Size": 896,
              "URL": "https://nav-edge.smartscreen.microsoft.com/api/browser/edge/navigate/3"
            },
            {
              "CompressionType": "",
              "DataType": "application/json",
              "DownloadTime": 218,
              "EventId": 216,
              "HttpStatus": 200,
              "Size": 882,
              "URL": "https://nav-edge.smartscreen.microsoft.com/api/browser/edge/navigate/3"
            },
            {
              "CompressionType": "",
              "DataType": "application/json",
              "DownloadTime": 203,
              "EventId": 141,
              "HttpStatus": 200,
              "Size": 856,
              "URL": "https://nav-edge.smartscreen.microsoft.com/api/browser/edge/navigate/3"
            },
            {
              "CompressionType": "",
              "DataType": "application/json",
              "DownloadTime": 313,
              "EventId": 81,
              "HttpStatus": 200,
              "Size": 790,
              "URL": "https://nav-edge.smartscreen.microsoft.com/api/browser/edge/navigate/3"
            }
          ],
          "SSLCipher": "",
          "SSLVersion": ""
        },
        {
          "HTTPVersion": "HTTP/1.1",
          "IP": "204.79.197.239",
          "IncludeInScript": true,
          "Name": "edge.microsoft.com",
          "Port": 443,
          "Requests": [
            {
              "CompressionType": "gzip",
              "DataType": "application/x-protobuf",
              "DownloadTime": 156,
              "EventId": 612,
              "HttpStatus": 200,
              "Size": 49,
              "URL": "https://edge.microsoft.com/extensionrevocation/v1/threatListUpdates:fetch?req=ChcKBm1zZWRnZRINMTEyLjAuMTcyMi41OBobCAEQCBoNMTY3NzEzMTM3MDQxOSIEIAEgAigEIgIIAQ==&ct=application/x-protobuf&key=d414dd4f9db345fa8003e32adc81b362&ei=N"
            },
            {
              "CompressionType": "",
              "DataType": "text/plain",
              "DownloadTime": 1078,
              "EventId": 607,
              "HttpStatus": 200,
              "Size": 108,
              "URL": "https://edge.microsoft.com/autofillservice/v1/pages/ChVDaHJvbWUvMTEyLjAuNTYxNS4xMzgSOglrx_Y_aj184BIFDWtomm4SBQ1Pnif4EgUNY5MnhxIFDaJZuEkSBQ34tP6gEgUNV2gsmRIFDW36Zsk=?alt=proto"
            },
            {
              "CompressionType": "",
              "DataType": "text/plain",
              "DownloadTime": 2281,
              "EventId": 573,
              "HttpStatus": 200,
              "Size": 76,
              "URL": "https://edge.microsoft.com/autofillservice/v1/pages/ChVDaHJvbWUvMTEyLjAuNTYxNS4xMzgSLAnrCB0dNWv2fxIFDVRiKa0SBQ17ncSlEgUNHzs5hRIFDdqFmWESBQ2pjkq9?alt=proto"
            },
            {
              "CompressionType": "gzip",
              "DataType": "application/json",
              "DownloadTime": 437,
              "EventId": 530,
              "HttpStatus": 200,
              "Size": 620,
              "URL": "https://edge.microsoft.com/componentupdater/api/v1/update?cup2key=6:0QR7YdmhR7iSXrrAaTjLMbDQP9NJnKFsm10gUxXO1DY&cup2hreq=87d0de9172b7ff60f24d4438f4f27114ef9b3842ca2548a784b0f384c48db618"
            },
            {
              "CompressionType": "",
              "DataType": "text/plain",
              "DownloadTime": 2047,
              "EventId": 366,
              "HttpStatus": 200,
              "Size": 32,
              "URL": "https://edge.microsoft.com/autofillservice/v1/pages/ChVDaHJvbWUvMTEyLjAuNTYxNS4xMzgSFwk32UHgj34xiRIFDeeNQA4SBQ3OQUx6?alt=proto"
            },
            {
              "CompressionType": "",
              "DataType": "text/xml",
              "DownloadTime": 218,
              "EventId": 124,
              "HttpStatus": 200,
              "Size": 413,
              "URL": "https://edge.microsoft.com/extensionwebstorebase/v1/crx?os=win&arch=x64&os_arch=x86_64&nacl_arch=x86-64&prod=edgecrx&prodchannel=&prodversion=112.0.1722.58&lang=en-US&acceptformat=crx3&x=id%3Djmjflgjpcpepeafmmgdpfkogkghcpiha%26v%3D1.1.3%26installedby%3Dother%26uc"
            },
            {
              "CompressionType": "",
              "DataType": "application/json",
              "DownloadTime": 468,
              "EventId": 85,
              "HttpStatus": 200,
              "Size": 1865,
              "URL": "https://edge.microsoft.com/identity/api/v3/msa"
            },
            {
              "CompressionType": "",
              "DataType": "application/json",
              "DownloadTime": 359,
              "EventId": 83,
              "HttpStatus": 200,
              "Size": 131,
              "URL": "https://edge.microsoft.com/serviceexperimentation/v3/?osname=win&channel=stable&scpfull=0&scpguard=0&scpver=0&osver=10.0.22621&devicefamily=desktop&clientversion=112.0.1722.58&experimentationmode=2"
            }
          ],
          "SSLCipher": "",
          "SSLVersion": ""
        },
        {
          "HTTPVersion": "HTTP/1.1",
          "IP": "94.245.104.56",
          "IncludeInScript": true,
          "Name": "api.edgeoffer.microsoft.com",
          "Port": 443,
          "Requests": [
            {
              "CompressionType": "",
              "DataType": "application/x-protobuf",
              "DownloadTime": 328,
              "EventId": 79,
              "HttpStatus": 200,
              "Size": 0,
              "URL": "https://api.edgeoffer.microsoft.com/edgeoffer/pb/experiments?appId=edge-extensions&country=CA"
            }
          ],
          "SSLCipher": "",
          "SSLVersion": ""
        }
      ],
      "IncludeInScript": true
    },
    {
      "DomainName": "bing.com",
      "Domains": [
        {
          "HTTPVersion": "HTTP/1.1",
          "IP": "13.107.21.200",
          "IncludeInScript": true,
          "Name": "www.bing.com",
          "Port": 443,
          "Requests": [
            {
              "CompressionType": "",
              "DataType": "application/json",
              "DownloadTime": 266,
              "EventId": 401,
              "HttpStatus": 200,
              "Size": 18,
              "URL": "https://www.bing.com/api/shopping/v1/telemetry"
            },
            {
              "CompressionType": "",
              "DataType": "application/json",
              "DownloadTime": 406,
              "EventId": 382,
              "HttpStatus": 200,
              "Size": 2944,
              "URL": "https://www.bing.com/api/shopping/v1/item/search?appid=67220BD2169C2EA709984467C21494086DF8CA85&features=persnlcashback&sf=cashback1"
            },
            {
              "CompressionType": "br",
              "DataType": "text/html",
              "DownloadTime": 359,
              "EventId": 222,
              "HttpStatus": 400,
              "Size": 1,
              "URL": "https://www.bing.com/fd/auth/signin?&action=header&provider=windows_live_id&save_token=0"
            },
            {
              "CompressionType": "",
              "DataType": "application/json",
              "DownloadTime": 234,
              "EventId": 214,
              "HttpStatus": 200,
              "Size": 398511,
              "URL": "https://www.bing.com/bloomfilterfiles/DomainsFilterGlobal.json"
            },
            {
              "CompressionType": "",
              "DataType": "application/json",
              "DownloadTime": 375,
              "EventId": 128,
              "HttpStatus": 200,
              "Size": 109,
              "URL": "https://www.bing.com/api/shopping/v1/savings/rewards/rewardsUserInfo"
            }
          ],
          "SSLCipher": "",
          "SSLVersion": ""
        }
      ],
      "IncludeInScript": true
    },
    {
      "DomainName": "akamaized.net",
      "Domains": [
        {
          "HTTPVersion": "HTTP/1.1",
          "IP": "92.123.239.217",
          "IncludeInScript": true,
          "Name": "img-s-msn-com.akamaized.net",
          "Port": 443,
          "Requests": [
            {
              "CompressionType": "",
              "DataType": "image/png",
              "DownloadTime": 391,
              "EventId": 502,
              "HttpStatus": 200,
              "Size": 1606,
              "URL": "https://img-s-msn-com.akamaized.net/tenant/amp/entityid/BBYh4Fs?w=16&h=16&q=100&m=6&f=png&u=t"
            }
          ],
          "SSLCipher": "ECDHE-ECDSA-AES128-GCM-SHA256",
          "SSLVersion": "TLS1.2"
        }
      ],
      "IncludeInScript": true
    },
    {
      "DomainName": "127.0.0.1",
      "Domains": [
        {
          "HTTPVersion": "HTTP/1.1",
          "IP": "127.0.0.1",
          "IncludeInScript": true,
          "Name": "127.0.0.1",
          "Port": 1080,
          "Requests": [
            {
              "CompressionType": "",
              "DataType": "",
              "DownloadTime": 31,
              "EventId": 654,
              "HttpStatus": 304,
              "Size": 0,
              "URL": "http://127.0.0.1:1080/WebTours/home.html"
            },
            {
              "CompressionType": "",
              "DataType": "text/html",
              "DownloadTime": 110,
              "EventId": 647,
              "HttpStatus": 200,
              "Size": 1489,
              "URL": "http://127.0.0.1:1080/cgi-bin/nav.pl?in=home"
            },
            {
              "CompressionType": "",
              "DataType": "text/html",
              "DownloadTime": 156,
              "EventId": 643,
              "HttpStatus": 200,
              "Size": 686,
              "URL": "http://127.0.0.1:1080/cgi-bin/welcome.pl?signOff=1"
            },
            {
              "CompressionType": "",
              "DataType": "image/gif",
              "DownloadTime": 31,
              "EventId": 626,
              "HttpStatus": 200,
              "Size": 806,
              "URL": "http://127.0.0.1:1080/WebTours/images/bookanother.gif"
            },
            {
              "CompressionType": "",
              "DataType": "text/html",
              "DownloadTime": 172,
              "EventId": 623,
              "HttpStatus": 200,
              "Size": 2486,
              "URL": "http://127.0.0.1:1080/cgi-bin/reservations.pl"
            },
            {
              "CompressionType": "",
              "DataType": "text/html",
              "DownloadTime": 156,
              "EventId": 602,
              "HttpStatus": 200,
              "Size": 2744,
              "URL": "http://127.0.0.1:1080/cgi-bin/reservations.pl"
            },
            {
              "CompressionType": "",
              "DataType": "text/html",
              "DownloadTime": 172,
              "EventId": 587,
              "HttpStatus": 200,
              "Size": 2442,
              "URL": "http://127.0.0.1:1080/cgi-bin/reservations.pl"
            },
            {
              "CompressionType": "",
              "DataType": "image/gif",
              "DownloadTime": 31,
              "EventId": 564,
              "HttpStatus": 200,
              "Size": 758,
              "URL": "http://127.0.0.1:1080/WebTours/images/button_next.gif"
            },
            {
              "CompressionType": "",
              "DataType": "text/html",
              "DownloadTime": 218,
              "EventId": 558,
              "HttpStatus": 200,
              "Size": 4246,
              "URL": "http://127.0.0.1:1080/cgi-bin/reservations.pl?page=welcome"
            },
            {
              "CompressionType": "",
              "DataType": "image/gif",
              "DownloadTime": 16,
              "EventId": 556,
              "HttpStatus": 200,
              "Size": 688,
              "URL": "http://127.0.0.1:1080/WebTours/images/home.gif"
            },
            {
              "CompressionType": "",
              "DataType": "image/gif",
              "DownloadTime": 16,
              "EventId": 554,
              "HttpStatus": 200,
              "Size": 726,
              "URL": "http://127.0.0.1:1080/WebTours/images/in_flights.gif"
            },
            {
              "CompressionType": "",
              "DataType": "text/html",
              "DownloadTime": 110,
              "EventId": 542,
              "HttpStatus": 200,
              "Size": 1482,
              "URL": "http://127.0.0.1:1080/cgi-bin/nav.pl?page=menu&in=flights"
            },
            {
              "CompressionType": "",
              "DataType": "text/html",
              "DownloadTime": 140,
              "EventId": 538,
              "HttpStatus": 200,
              "Size": 616,
              "URL": "http://127.0.0.1:1080/cgi-bin/welcome.pl?page=search"
            },
            {
              "CompressionType": "",
              "DataType": "text/html",
              "DownloadTime": 422,
              "EventId": 504,
              "HttpStatus": 200,
              "Size": 919,
              "URL": "http://127.0.0.1:1080/cgi-bin/login.pl?intro=true"
            },
            {
              "CompressionType": "",
              "DataType": "image/gif",
              "DownloadTime": 32,
              "EventId": 500,
              "HttpStatus": 200,
              "Size": 751,
              "URL": "http://127.0.0.1:1080/WebTours/images/signoff.gif"
            },
            {
              "CompressionType": "",
              "DataType": "image/gif",
              "DownloadTime": 47,
              "EventId": 498,
              "HttpStatus": 200,
              "Size": 688,
              "URL": "http://127.0.0.1:1080/WebTours/images/in_home.gif"
            },
            {
              "CompressionType": "",
              "DataType": "image/gif",
              "DownloadTime": 31,
              "EventId": 493,
              "HttpStatus": 200,
              "Size": 733,
              "URL": "http://127.0.0.1:1080/WebTours/images/itinerary.gif"
            },
            {
              "CompressionType": "",
              "DataType": "image/gif",
              "DownloadTime": 16,
              "EventId": 491,
              "HttpStatus": 200,
              "Size": 726,
              "URL": "http://127.0.0.1:1080/WebTours/images/flights.gif"
            },
            {
              "CompressionType": "",
              "DataType": "text/html",
              "DownloadTime": 141,
              "EventId": 478,
              "HttpStatus": 200,
              "Size": 1482,
              "URL": "http://127.0.0.1:1080/cgi-bin/nav.pl?page=menu&in=home"
            },
            {
              "CompressionType": "",
              "DataType": "text/html",
              "DownloadTime": 125,
              "EventId": 471,
              "HttpStatus": 200,
              "Size": 481,
              "URL": "http://127.0.0.1:1080/cgi-bin/login.pl"
            },
            {
              "CompressionType": "",
              "DataType": "text/html",
              "DownloadTime": 16,
              "EventId": 157,
              "HttpStatus": 404,
              "Size": 209,
              "URL": "http://127.0.0.1:1080/favicon.ico"
            },
            {
              "CompressionType": "",
              "DataType": "image/gif",
              "DownloadTime": 15,
              "EventId": 148,
              "HttpStatus": 200,
              "Size": 679,
              "URL": "http://127.0.0.1:1080/WebTours/images/mer_login.gif"
            },
            {
              "CompressionType": "",
              "DataType": "text/html",
              "DownloadTime": 375,
              "EventId": 144,
              "HttpStatus": 200,
              "Size": 1488,
              "URL": "http://127.0.0.1:1080/cgi-bin/nav.pl?in=home"
            },
            {
              "CompressionType": "",
              "DataType": "text/html",
              "DownloadTime": 16,
              "EventId": 139,
              "HttpStatus": 200,
              "Size": 1361,
              "URL": "http://127.0.0.1:1080/WebTours/home.html"
            },
            {
              "CompressionType": "",
              "DataType": "text/html",
              "DownloadTime": 469,
              "EventId": 131,
              "HttpStatus": 200,
              "Size": 686,
              "URL": "http://127.0.0.1:1080/cgi-bin/welcome.pl?signOff=true"
            },
            {
              "CompressionType": "",
              "DataType": "image/png",
              "DownloadTime": 15,
              "EventId": 122,
              "HttpStatus": 200,
              "Size": 4187,
              "URL": "http://127.0.0.1:1080/WebTours/images/webtours.png"
            },
            {
              "CompressionType": "",
              "DataType": "image/png",
              "DownloadTime": 15,
              "EventId": 98,
              "HttpStatus": 200,
              "Size": 601,
              "URL": "http://127.0.0.1:1080/WebTours/images/hp_logo.png"
            },
            {
              "CompressionType": "",
              "DataType": "text/html",
              "DownloadTime": 47,
              "EventId": 77,
              "HttpStatus": 200,
              "Size": 710,
              "URL": "http://127.0.0.1:1080/WebTours/header.html"
            },
            {
              "CompressionType": "",
              "DataType": "text/html",
              "DownloadTime": 31,
              "EventId": 70,
              "HttpStatus": 200,
              "Size": 366,
              "URL": "http://127.0.0.1:1080/WebTours/"
            },
            {
              "CompressionType": "",
              "DataType": "text/html",
              "DownloadTime": 0,
              "EventId": 14,
              "HttpStatus": 301,
              "Size": 239,
              "URL": "http://127.0.0.1:1080/WebTours"
            }
          ],
          "SSLCipher": "None",
          "SSLVersion": "None"
        }
      ],
      "IncludeInScript": true
    }
  ],
  "WebSocket": {
    "IncludeInScript": false,
    "IsScriptIncludeWebSocket": false
  },
  "NumberOfCorrelations": 8
}