{
  "FilterHeaders": [
    {
      "Header": "x-search-rpstoken",
      "IncludeInScript": true
    },
    {
      "Header": "x-microsoft-update-updater",
      "IncludeInScript": true
    },
    {
      "Header": "x-microsoft-update-service-cohort",
      "IncludeInScript": true
    },
    {
      "Header": "x-microsoft-update-interactivity",
      "IncludeInScript": true
    },
    {
      "Header": "x-microsoft-update-appid",
      "IncludeInScript": true
    },
    {
      "Header": "x-http-method-override",
      "IncludeInScript": true
    },
    {
      "Header": "user-agent",
      "IncludeInScript": false
    },
    {
      "Header": "upgrade-insecure-requests",
      "IncludeInScript": true
    },
    {
      "Header": "update-interactivity",
      "IncludeInScript": true
    },
    {
      "Header": "token",
      "IncludeInScript": true
    },
    {
      "Header": "sec-mesh-client-webview",
      "IncludeInScript": true
    },
    {
      "Header": "sec-mesh-client-os-version",
      "IncludeInScript": true
    },
    {
      "Header": "sec-mesh-client-os",
      "IncludeInScript": true
    },
    {
      "Header": "sec-mesh-client-edge-version",
      "IncludeInScript": true
    },
    {
      "Header": "sec-mesh-client-edge-channel",
      "IncludeInScript": true
    },
    {
      "Header": "sec-mesh-client-arch",
      "IncludeInScript": true
    },
    {
      "Header": "sec-fetch-user",
      "IncludeInScript": true
    },
    {
      "Header": "sec-fetch-site",
      "IncludeInScript": true
    },
    {
      "Header": "sec-fetch-mode",
      "IncludeInScript": true
    },
    {
      "Header": "sec-fetch-dest",
      "IncludeInScript": true
    },
    {
      "Header": "sec-ch-ua-platform",
      "IncludeInScript": true
    },
    {
      "Header": "sec-ch-ua-mobile",
      "IncludeInScript": true
    },
    {
      "Header": "sec-ch-ua",
      "IncludeInScript": true
    },
    {
      "Header": "pragma",
      "IncludeInScript": false
    },
    {
      "Header": "origin",
      "IncludeInScript": true
    },
    {
      "Header": "msa_deviceticket",
      "IncludeInScript": true
    },
    {
      "Header": "ms-cv",
      "IncludeInScript": true
    },
    {
      "Header": "if-none-match",
      "IncludeInScript": false
    },
    {
      "Header": "edgefeatureflags",
      "IncludeInScript": true
    },
    {
      "Header": "cache-control",
      "IncludeInScript": false
    },
    {
      "Header": "authorization",
      "IncludeInScript": true
    },
    {
      "Header": "appinfoclientname",
      "IncludeInScript": true
    },
    {
      "Header": "accept-language",
      "IncludeInScript": false
    },
    {
      "Header": "accept-encoding",
      "IncludeInScript": false
    },
    {
      "Header": "accept",
      "IncludeInScript": false
    }
  ],
  "FilterResources": [
    {
      "IsNonResource": true,
      "type": "text/xml"
    },
    {
      "IsNonResource": false,
      "type": "text/plain"
    },
    {
      "IsNonResource": true,
      "type": "text/html"
    },
    {
      "IsNonResource": false,
      "type": "image/png"
    },
    {
      "IsNonResource": false,
      "type": "image/gif"
    },
    {
      "IsNonResource": false,
      "type": "application/x-protobuf"
    },
    {
      "IsNonResource": false,
      "type": "application/octet-stream"
    },
    {
      "IsNonResource": true,
      "type": "application/json"
    }
  ],
  "GeneralInfo": {
    "BrowserVersion": "",
    "IsWinInetMode": false,
    "MaxUsedConnections": 24,
    "RecordedBrowser": "c:\\program files (x86)\\microsoft\\edge\\application\\msedge.exe",
    "RecordingDate": "May-17-2023",
    "RecordingDuration": 68969,
    "RecordingMode": "N/A",
    "RecordingTimeStamp": 1684347962,
    "RecordingType": "Application",
    "TotalBytesReceived": 393520,
    "TotalBytesSent": 57957,
    "TotalRequests": 36,
    "UserAgent": "Crashpad/0.8.0 WinHTTP/10.0.22621.1485 Windows_NT/10.0.22621.1485 (x64)"
  },
  "HostInfo": [
    {
      "DomainName": "microsoft.com",
      "Domains": [
        {
          "HTTPVersion": "HTTP/1.1",
          "IP": "13.89.179.12",
          "IncludeInScript": true,
          "Name": "nw-umwatson.events.data.microsoft.com",
          "Port": 443,
          "Requests": [
            {
              "CompressionType": "",
              "DataType": "text/xml",
              "DownloadTime": 10125,
              "EventId": 27,
              "HttpStatus": 200,
              "Size": 634,
              "URL": "https://nw-umwatson.events.data.microsoft.com/Telemetry.Request"
            }
          ],
          "SSLCipher": "ECDHE-RSA-AES256-GCM-SHA384",
          "SSLVersion": "TLS1.2"
        },
        {
          "HTTPVersion": "HTTP/1.1",
          "IP": "20.90.216.0",
          "IncludeInScript": true,
          "Name": "nav-edge.smartscreen.microsoft.com",
          "Port": 443,
          "Requests": [
            {
              "CompressionType": "",
              "DataType": "application/json",
              "DownloadTime": 172,
              "EventId": 181,
              "HttpStatus": 200,
              "Size": 2866,
              "URL": "https://nav-edge.smartscreen.microsoft.com/api/browser/edge/navigate/3"
            },
            {
              "CompressionType": "",
              "DataType": "application/json",
              "DownloadTime": 156,
              "EventId": 179,
              "HttpStatus": 200,
              "Size": 2864,
              "URL": "https://nav-edge.smartscreen.microsoft.com/api/browser/edge/navigate/3"
            },
            {
              "CompressionType": "",
              "DataType": "application/json",
              "DownloadTime": 125,
              "EventId": 168,
              "HttpStatus": 200,
              "Size": 2854,
              "URL": "https://nav-edge.smartscreen.microsoft.com/api/browser/edge/navigate/3"
            },
            {
              "CompressionType": "",
              "DataType": "application/json",
              "DownloadTime": 110,
              "EventId": 132,
              "HttpStatus": 200,
              "Size": 2860,
              "URL": "https://nav-edge.smartscreen.microsoft.com/api/browser/edge/navigate/3"
            },
            {
              "CompressionType": "",
              "DataType": "application/json",
              "DownloadTime": 109,
              "EventId": 129,
              "HttpStatus": 200,
              "Size": 2834,
              "URL": "https://nav-edge.smartscreen.microsoft.com/api/browser/edge/navigate/3"
            },
            {
              "CompressionType": "",
              "DataType": "application/json",
              "DownloadTime": 188,
              "EventId": 115,
              "HttpStatus": 200,
              "Size": 2768,
              "URL": "https://nav-edge.smartscreen.microsoft.com/api/browser/edge/navigate/3"
            }
          ],
          "SSLCipher": "ECDHE-RSA-AES256-GCM-SHA384",
          "SSLVersion": "TLS1.2"
        },
        {
          "HTTPVersion": "HTTP/1.1",
          "IP": "204.79.197.239",
          "IncludeInScript": true,
          "Name": "edge.microsoft.com",
          "Port": 443,
          "Requests": [
            {
              "CompressionType": "gzip",
              "DataType": "application/json",
              "DownloadTime": 125,
              "EventId": 251,
              "HttpStatus": 200,
              "Size": 1200,
              "URL": "https://edge.microsoft.com/componentupdater/api/v1/update?cup2key=6:DA725SiVFH7Dyqy50SCrcZWS6SxhZUB1EZW3SJRzvC4&cup2hreq=d88290883768a7b1b11b8441f4784b3251756200db677833321265a644d42338"
            },
            {
              "CompressionType": "gzip",
              "DataType": "application/x-protobuf",
              "DownloadTime": 110,
              "EventId": 246,
              "HttpStatus": 200,
              "Size": 49,
              "URL": "https://edge.microsoft.com/extensionrevocation/v1/threatListUpdates:fetch?req=ChcKBm1zZWRnZRINMTEzLjAuMTc3NC40MhobCAEQCBoNMTY3NzEzMTM3MDQxOSIEIAEgAigEIgIIAQ==&ct=application/x-protobuf&key=d414dd4f9db345fa8003e32adc81b362&ei=N"
            },
            {
              "CompressionType": "",
              "DataType": "text/plain",
              "DownloadTime": 219,
              "EventId": 183,
              "HttpStatus": 200,
              "Size": 32,
              "URL": "https://edge.microsoft.com/autofillservice/v1/pages/ChRDaHJvbWUvMTEzLjAuMTc3NC40MhIXCTfZQeCPfjGJEgUN541ADhIFDc5BTHo=?alt=proto"
            },
            {
              "CompressionType": "",
              "DataType": "text/xml",
              "DownloadTime": 125,
              "EventId": 72,
              "HttpStatus": 200,
              "Size": 413,
              "URL": "https://edge.microsoft.com/extensionwebstorebase/v1/crx?os=win&arch=x64&os_arch=x86_64&nacl_arch=x86-64&prod=edgecrx&prodchannel=&prodversion=113.0.1774.42&lang=en-US&acceptformat=crx3&x=id%3Djmjflgjpcpepeafmmgdpfkogkghcpiha%26v%3D1.1.3%26installedby%3Dother%26uc"
            },
            {
              "CompressionType": "",
              "DataType": "application/json",
              "DownloadTime": 125,
              "EventId": 70,
              "HttpStatus": 200,
              "Size": 1935,
              "URL": "https://edge.microsoft.com/identity/api/v3/msa"
            },
            {
              "CompressionType": "",
              "DataType": "application/json",
              "DownloadTime": 109,
              "EventId": 68,
              "HttpStatus": 200,
              "Size": 131,
              "URL": "https://edge.microsoft.com/serviceexperimentation/v3/?osname=win&channel=stable&scpfull=0&scpguard=0&scpver=0&osver=10.0.22621&devicefamily=desktop&clientversion=113.0.1774.42&experimentationmode=2"
            }
          ],
          "SSLCipher": "",
          "SSLVersion": ""
        },
        {
          "HTTPVersion": "HTTP/1.1",
          "IP": "20.90.216.0",
          "IncludeInScript": true,
          "Name": "data-edge.smartscreen.microsoft.com",
          "Port": 443,
          "Requests": [
            {
              "CompressionType": "",
              "DataType": "application/octet-stream",
              "DownloadTime": 172,
              "EventId": 186,
              "HttpStatus": 200,
              "Size": 64,
              "URL": "https://data-edge.smartscreen.microsoft.com/api/browser/edge/data/bloomfilter/x/3?pushcert=false&flight=%7b%22etag%22%3a%22%5c%22t4yfw3k4past8iqgb4owv%2fp4zgnithdatxby9gxp84k%3d%5c%22%22%2c%22ids%22%3a%5b%22p-r-1021007-4-5%2cp-r-99770-8-32%2cp-r-86682-4-41%2cp-r-73000-7-30%2cp-r-72999-7-29%2cp-r-70204-3-18%2cp-r-69385-1-5%2cp-r-68026-3-37%2cp-r-68490-1-3%2cp-r-68172-2-4%2cp-r-68175-1-6%2cp-r-68176-2-8%2cp-r-68179-1-3%2cp-r-68306-1-20%2cp-r-68307-1-3%2cp-d-68194-1-2%22%5d%2c%22settings%22%3a%7b%22names%22%3anull%2c%22ring%22%3a0%2c%22models%22%3anull%2c%22serviceclientmodeldetonate%22%3afalse%2c%22wdsifeedback%22%3afalse%2c%22npfeedbackurioverride%22%3anull%2c%22networkfilterdetonate%22%3afalse%2c%22servicephishdetonate%22%3afalse%2c%22servicephishdetonatelegacy%22%3afalse%2c%22serviceadhocdetonate%22%3afalse%2c%22npsettings2004%22%3atrue%2c%22updatesigningcert%22%3atrue%2c%22updatesigningcertforrs3rs4%22%3atrue%2c%22npsettings2004value%22%3a0%2c%22iscocoblockenabled%22%3afalse%2c%22npipblockoverridevalue%22%3a0%2c%22toptrafficv2enabled%22%3atrue%2c%22listapie5v2enabled%22%3atrue%2c%22isnppioverrideblockenabled%22%3atrue%2c%22toptrafficv2mobileflightenabled%22%3afalse%2c%22bloomfilterdeltaflag%22%3a1%2c%22srceopenabled%22%3atrue%2c%22iscurfid0loggingenabled%22%3atrue%2c%22iscurfid0blockingenabled%22%3afalse%2c%22updateonmissingetagenabled%22%3atrue%2c%22enableproxyleniency%22%3atrue%2c%22isarsfmsintegrationenabled%22%3atrue%2c%22enablenshumormatch%22%3atrue%2c%22applynshumorverdict%22%3afalse%2c%22enablenpskipnonweb%22%3afalse%2c%22sendgeomapinsettingstonewanaheimclient%22%3atrue%2c%22umssrcphishbnrtenabled%22%3afalse%2c%22mtdthrottlefactor%22%3a0.0%2c%22unsilencemodelguid%22%3anull%7d%7d&os=10.0.22621.1555.ni_release"
            }
          ],
          "SSLCipher": "",
          "SSLVersion": ""
        }
      ],
      "IncludeInScript": true
    },
    {
      "DomainName": "bing.com",
      "Domains": [
        {
          "HTTPVersion": "HTTP/1.1",
          "IP": "204.79.197.200",
          "IncludeInScript": true,
          "Name": "www.bing.com",
          "Port": 443,
          "Requests": [
            {
              "CompressionType": "",
              "DataType": "application/json",
              "DownloadTime": 125,
              "EventId": 233,
              "HttpStatus": 200,
              "Size": 18,
              "URL": "https://www.bing.com/api/shopping/v1/telemetry"
            },
            {
              "CompressionType": "",
              "DataType": "application/json",
              "DownloadTime": 187,
              "EventId": 230,
              "HttpStatus": 200,
              "Size": 1981,
              "URL": "https://www.bing.com/api/shopping/v1/item/search?appid=67220BD2169C2EA709984467C21494086DF8CA85&features=persnlcashback&sf=cashback1"
            },
            {
              "CompressionType": "",
              "DataType": "application/json",
              "DownloadTime": 94,
              "EventId": 176,
              "HttpStatus": 200,
              "Size": 353599,
              "URL": "https://www.bing.com/bloomfilterfiles/DomainsFilterGlobal.json"
            },
            {
              "CompressionType": "br",
              "DataType": "text/html",
              "DownloadTime": 140,
              "EventId": 171,
              "HttpStatus": 400,
              "Size": 1,
              "URL": "https://www.bing.com/fd/auth/signin?&action=header&provider=windows_live_id&save_token=0"
            },
            {
              "CompressionType": "",
              "DataType": "application/json",
              "DownloadTime": 125,
              "EventId": 91,
              "HttpStatus": 200,
              "Size": 109,
              "URL": "https://www.bing.com/api/shopping/v1/savings/rewards/rewardsUserInfo"
            }
          ],
          "SSLCipher": "",
          "SSLVersion": ""
        }
      ],
      "IncludeInScript": true
    },
    {
      "DomainName": "192.168.1.2",
      "Domains": [
        {
          "HTTPVersion": "HTTP/1.1",
          "IP": "192.168.1.2",
          "IncludeInScript": false,
          "Name": "192.168.1.2",
          "Port": 8008,
          "Requests": [
            {
              "CompressionType": "",
              "DataType": "application/xml",
              "DownloadTime": 16,
              "EventId": 53,
              "HttpStatus": 200,
              "Size": 72,
              "URL": "http://192.168.1.2:8008/ssdp/device-desc.xml"
            }
          ],
          "SSLCipher": "None",
          "SSLVersion": "None"
        }
      ],
      "IncludeInScript": true
    },
    {
      "DomainName": "127.0.0.1",
      "Domains": [
        {
          "HTTPVersion": "HTTP/1.1",
          "IP": "127.0.0.1",
          "IncludeInScript": true,
          "Name": "127.0.0.1",
          "Port": 1080,
          "Requests": [
            {
              "CompressionType": "",
              "DataType": "image/gif",
              "DownloadTime": 16,
              "EventId": 228,
              "HttpStatus": 200,
              "Size": 751,
              "URL": "http://127.0.0.1:1080/WebTours/images/signoff.gif"
            },
            {
              "CompressionType": "",
              "DataType": "image/gif",
              "DownloadTime": 16,
              "EventId": 226,
              "HttpStatus": 200,
              "Size": 688,
              "URL": "http://127.0.0.1:1080/WebTours/images/in_home.gif"
            },
            {
              "CompressionType": "",
              "DataType": "image/gif",
              "DownloadTime": 15,
              "EventId": 221,
              "HttpStatus": 200,
              "Size": 733,
              "URL": "http://127.0.0.1:1080/WebTours/images/itinerary.gif"
            },
            {
              "CompressionType": "",
              "DataType": "image/gif",
              "DownloadTime": 16,
              "EventId": 219,
              "HttpStatus": 200,
              "Size": 726,
              "URL": "http://127.0.0.1:1080/WebTours/images/flights.gif"
            },
            {
              "CompressionType": "",
              "DataType": "text/html",
              "DownloadTime": 172,
              "EventId": 190,
              "HttpStatus": 200,
              "Size": 919,
              "URL": "http://127.0.0.1:1080/cgi-bin/login.pl?intro=true"
            },
            {
              "CompressionType": "",
              "DataType": "text/html",
              "DownloadTime": 204,
              "EventId": 188,
              "HttpStatus": 200,
              "Size": 1482,
              "URL": "http://127.0.0.1:1080/cgi-bin/nav.pl?page=menu&in=home"
            },
            {
              "CompressionType": "",
              "DataType": "text/html",
              "DownloadTime": 94,
              "EventId": 166,
              "HttpStatus": 200,
              "Size": 481,
              "URL": "http://127.0.0.1:1080/cgi-bin/login.pl"
            },
            {
              "CompressionType": "",
              "DataType": "text/html",
              "DownloadTime": 16,
              "EventId": 127,
              "HttpStatus": 404,
              "Size": 209,
              "URL": "http://127.0.0.1:1080/favicon.ico"
            },
            {
              "CompressionType": "",
              "DataType": "image/gif",
              "DownloadTime": 16,
              "EventId": 125,
              "HttpStatus": 200,
              "Size": 679,
              "URL": "http://127.0.0.1:1080/WebTours/images/mer_login.gif"
            },
            {
              "CompressionType": "",
              "DataType": "text/html",
              "DownloadTime": 141,
              "EventId": 112,
              "HttpStatus": 200,
              "Size": 1490,
              "URL": "http://127.0.0.1:1080/cgi-bin/nav.pl?in=home"
            },
            {
              "CompressionType": "",
              "DataType": "text/html",
              "DownloadTime": 0,
              "EventId": 109,
              "HttpStatus": 200,
              "Size": 1361,
              "URL": "http://127.0.0.1:1080/WebTours/home.html"
            },
            {
              "CompressionType": "",
              "DataType": "image/png",
              "DownloadTime": 0,
              "EventId": 106,
              "HttpStatus": 200,
              "Size": 4187,
              "URL": "http://127.0.0.1:1080/WebTours/images/webtours.png"
            },
            {
              "CompressionType": "",
              "DataType": "image/png",
              "DownloadTime": 15,
              "EventId": 101,
              "HttpStatus": 200,
              "Size": 601,
              "URL": "http://127.0.0.1:1080/WebTours/images/hp_logo.png"
            },
            {
              "CompressionType": "",
              "DataType": "text/html",
              "DownloadTime": 313,
              "EventId": 95,
              "HttpStatus": 200,
              "Size": 686,
              "URL": "http://127.0.0.1:1080/cgi-bin/welcome.pl?signOff=true"
            },
            {
              "CompressionType": "",
              "DataType": "text/html",
              "DownloadTime": 0,
              "EventId": 88,
              "HttpStatus": 200,
              "Size": 710,
              "URL": "http://127.0.0.1:1080/WebTours/header.html"
            },
            {
              "CompressionType": "",
              "DataType": "text/html",
              "DownloadTime": 15,
              "EventId": 62,
              "HttpStatus": 200,
              "Size": 366,
              "URL": "http://127.0.0.1:1080/WebTours/"
            },
            {
              "CompressionType": "",
              "DataType": "text/html",
              "DownloadTime": 16,
              "EventId": 41,
              "HttpStatus": 301,
              "Size": 239,
              "URL": "http://127.0.0.1:1080/WebTours"
            }
          ],
          "SSLCipher": "None",
          "SSLVersion": "None"
        }
      ],
      "IncludeInScript": true
    }
  ],
  "WebSocket": {
    "IncludeInScript": false,
    "IsScriptIncludeWebSocket": false
  },
  "NumberOfCorrelations": 2
}