{"ECS":{"ConfigLogTarget":"edge_stable"},"Edge":{"resetAutoTranslatePref":{"enableFeatures":["msResetAutoTranslatePref"]},"HVAFrameworkTracking":{"enableFeatures":["msRewardsHVA"]},"EdgeFollowableWebFilterList":{"disableFeatures":["msEdgeFollowableWebFilterList"]},"EdgeShoppingBloomFilterAfdEndpoint":{"disableFeatures":["msEdgeShoppingPersistentBloomFilter","msEdgeShoppingPersistentBloomFilterLoadOnStartup"],"enableFeatures":["msEdgeShoppingBloomFilterAfdEndpoint"]},"AdsPlatformUnifiedExp":{"enableFeatures":["msEdgeAdPlatformProtobufMigration","msEdgeAdPlatformUI"]},"EdgePasswordFormEventLogger":{"enableFeatures":["msEdgePasswordFormEventLogger"]},"EdgeFollowableWebTriggerApiCache":{"disableFeatures":["msEdgeFollowableWebTriggerApiCache"]},"EdropSharedHeader":{"enableFeatures":["msEdgeEDropSharedHeader"]},"SavingsInAddressbar":{"enableFeatures":["msQueryShoppingMetadata","msShowResultsShoppingMetadata"]},"Bing_RecommendedSettingsExpandedTriggeringDialog":{"enableFeatures":["msNurturingRecommendedSettingsExpandedTriggeringDialog"],"parameters":[{"name":"DismissalCap","value":"3"},{"name":"ImpressionCap","value":"4"}]},"OptoutinNeedEdge":{"enableFeatures":["msShowPermaEdgeOptOutForNthRedirection"]},"neededgebanner":{"enableFeatures":["msBannerFlowv2"]},"EdgeShoppingCartProcessing":{"enableFeatures":["msShoppingExp26"]},"XPayWalletHubProfileUsers":{"enableFeatures":["msWalletHubProfileUsers"]},"EdgeSuperResV2":{"enableFeatures":["msEdgeSuperResProtobufAPI"],"parameters":[{"name":"min_cpu_cores","value":"3"},{"name":"min_memory_mb","value":"2049"}]},"Bing_RecommendedSettingsWaitlistDialog":{"enableFeatures":["msNurturingRecommendedSettingsWaitlist","msNurturingRecommendedSettingsWaitlistObserver"]},"AdPlatformFreqCapv2":{"enableFeatures":["msEdgeAdPlatformUseIdentity","msEdgeAdPlatformUI","msAdPlatfomUIExp2"]},"PrismMigrationKeepAlive":{"enableFeatures":["msEdgeCollectionsMigrationKeepAlive"]},"EdgeXPayWalletNotificationClickable":{"enableFeatures":["msWalletNotificationContentClickable"]},"TranslateWebXtServerExp":{"enableFeatures":["msUseWebXtServerTranslateAPI"]},"SignInReauthCTADialog":{"enableFeatures":["msNurturingShowReauthSignInCTADialog"]},"managedPreferencesCFR":{"enableFeatures":["msNurturingManagedPreferencesEnabled"]},"ServiceDrivenV3Api":{"enableFeatures":["msUXConfigServiceV3"]},"EdgeShoppingNewNotificationSettingsUI":{"enableFeatures":["msShoppingExp6"]},"Windows11FluentScrollbarV3":{"enableFeatures":["msOverlayScrollbarWinStyle","msEdgeFluentScrollbarWideParts"]},"PerfGameModeNotificationFramework":{"enableFeatures":["msNurturingPerfGameModeAwareness","msNurturingPerfGameModeAwarenessB"]},"salvador":{"enableFeatures":["msEdgeSalvador","msHubCommonHeader","msHubAppsInEdgeSidePaneFramework"]},"ExternalStoreZeroSearchResults":{"enableFeatures":["msEnableZeroSearchResults"]},"EdgeShoppingPriceComparisonProductByRegexExUs":{"enableFeatures":["msEdgeShoppingPriceComparisonProductByRegexFailed"]},"XPayWalletHubLayoutRefresh112":{"enableFeatures":["msWalletHubLayoutRefresh"]},"EdgeShoppingPriceComparisonProductByRegexEnUsOnly":{"enableFeatures":["msEdgeShoppingPriceComparisonProductByRegexFailedEnUs"]},"WSBRecommendations":{"enableFeatures":["msEdgeDeleteWSBRecommendations"]},"RetryAllocAndDiscardTabs":{"enableFeatures":["msDiscardPagesCommitPressure","PageAllocatorRetryOnCommitFailure"]},"TyposquattingChecker":{"enableFeatures":["msTyposquattingChecker","msTyposquattingCheckerLookalike","msTyposquattingCheckerJaccard","msTyposquattingCheckerTPList","msTyposquattingCheckerPreValidatedTruePositiveList","msTyposquattingUX"]},"EdgeMobileMiniAppPdfViewerRollout":{"enableFeatures":["msEdgeMiniAppPdfViewerAndroid"]},"EdgeShoppingPriceValidation":{"enableFeatures":["msShoppingExp10"]},"TranslateScriptExperiment":{"enableFeatures":["msTranslateScriptExperiment"],"parameters":[{"name":"script_type","value":"2"}]},"WebAppWidgets":{"enableFeatures":["msWebAppWidgets"]},"CWSBannerAndButtonUpdate":{"enableFeatures":["msEnableCWSLongInfoBar","msEnableCWSButtonUpdate"]},"PrismFollowableWebFollowonVideo":{"enableFeatures":["msEdgeFollowableWebFollowOnVideo","msSmartExploreForVideo"]},"Edge3PScaleToGVerticalsAndYoutube":{"enableFeatures":["msEdge3PSerpDynamicConfig"]},"SANNonContextualVariant":{"enableFeatures":["msNurturingExplicitLaunchWithDelay","msNurturingFeatureSanPersonalizationConsentWave1Variant0","msPersonalizationUMA","msEdgeHJSanProfileID"]},"PrismFollowableWebWPO":{"enableFeatures":["msEdgeFollowableWebWPO"]},"SyncResetSyncFeature":{"enableFeatures":["msEdgeResyncData"]},"SyncTryStartImmediatelyOnUrlFetched":{"enableFeatures":["msEdgeSyncTryStartImmediatelyOnUrlFetched"]},"PrismFollowableWebOneClickSignin":{"enableFeatures":["msEdgeFollowableWebOneClickSignin"]},"HistoryProminentSearchUI":{"enableFeatures":["msHistoryHubSearchBoxProminence","msHistoryHubStickyPivotList"]},"EdgeShoppingDeepEENewMarkets":{"enableFeatures":["msEEOnnxPostprocessForCoverage","msEEOnnxRealignLabels","msEEOnnx","msEEUseUnifyRegexDataFormat","msEELanguageDetectionEnabled"]},"EdgeSignInAccountPickerFRE":{"enableFeatures":["msEdgeSignInAccountPickerFRE"]},"EdgeExperimentalSdch":{"enableFeatures":["msEdgeSdch"]},"ScopeSearch":{"enableFeatures":["msOmniboxScopePicker","OmniboxSiteSearchStarterPack"]},"PrismFollowableWeb":{"enableFeatures":["msEdgeFollowableWeb","msEdgeFollowableWebNotification","msEdgeFollowableWebFollowButtonAvatarTreatment","msEdgeFollowableWebIntegrationHubEnable","msEdgeFollowableWebFlyoutStyleSmallTreatment","msEdgeFollowableWebEnableOnPrismCollection"]},"MicrosoftRootStoreUsed":{"enableFeatures":["msMicrosoftRootStoreUsed"]},"EdgeHJCaptureSecondChunkTelemetry":{"enableFeatures":["msEdgeHJCaptureSecondChunkTelemetry"]},"MigrateLightMultiplePCs":{"enableFeatures":["msEdgeCollectionsPrismMigrationSegement"],"parameters":[{"name":"device","value":"1"},{"name":"count","value":"1"}]},"WebrequestRedirectionIgnored":{"enableFeatures":["msIgnoreSuspiciousRedirectionFromDSE"]},"EdgeHJIsSameDocumentNavigation":{"enableFeatures":["msEdgeHJCaptureSameDocumentNavigation"]},"EdgeShoppingAOC":{"enableFeatures":["msEdgeShoppingAutoOpenControllerScript","msEdgeShoppingAutoOpenControllerOnCheckout"]},"EdgeShoppingAOCControls":{"enableFeatures":["msShoppingExp7"],"parameters":[{"name":"variant","value":"ControlUserPref"},{"name":"msEdgeShoppingAutoShowScenariosFirstMask","value":"1"},{"name":"msEdgeShoppingAutoShowScenariosSecondMask","value":"83890176"}]},"EdgeShoppingAOCMask":{"enableFeatures":["msEdgeShoppingServerSideAutoShow"],"parameters":[{"name":"msEdgeShoppingAutoShowScenariosFirstMask","value":"1"},{"name":"msEdgeShoppingAutoShowScenariosSecondMask","value":"83890176"}]},"GamesMenuIcon":{"enableFeatures":["msEdgeHubAppGamesNewIcon"]},"AppsHub":{"enableFeatures":["msAppsHub","msHub"]},"EdgeShoppingEnableDeepEELogging":{"enableFeatures":["msEdgeShoppingPriceHistoryItIt","msEdgeShoppingPriceHistoryPtPt","msEdgeShoppingPriceHistoryPtBr","msEdgeShoppingPriceHistoryKoKr","msEdgeShoppingPriceHistoryZhTw","msEdgeShoppingPriceHistoryZhHk","msEdgeShoppingPriceHistoryFrCh","msEdgeShoppingPriceHistoryDeCh","msEdgeShoppingPriceHistoryItCh","msEdgeShoppingPriceComparisonItIt","msEdgeShoppingPriceComparisonPtPt","msEdgeShoppingPriceComparisonPtBr","msEdgeShoppingPriceComparisonKoKr","msEdgeShoppingPriceComparisonZhTw","msEdgeShoppingPriceComparisonZhHk","msEdgeShoppingPriceComparisonFrCh","msEdgeShoppingPriceComparisonDeCh","msEdgeShoppingPriceComparisonItCh","msEdgeShoppingPriceHistoryNlNl","msEdgeShoppingPriceComparisonNlNl"]},"EdgeRewardsHubDisablePinRollout":{"enableFeatures":["msRewardsDisableProgrammaticPinning"]},"edgeETreeGlobalization":{"enableFeatures":["msEdgeEtreeV1P5","msEdgeEtreeLoc"]},"AccountLevelSyncReclaim":{"enableFeatures":["msAccountLevelSyncConsent","msNurturingAccountLevelSyncConsentSyncOff","msNurturingAccountLevelSyncConsentSyncOn"]},"GamesMenuAwarenessPrompt":{"enableFeatures":["msEdgeHubAppGamesAwarenessPrompts"]},"EdgeHJPreventPrerenderNTPUrlTelemetry":{"enableFeatures":["msEdgeHJPreventPrerenderNTPUrlTelemetry"]},"EdgeReadAloudSelectAndRead":{"enableFeatures":["msEdgeReadAloudSelectAndRead"]},"PrismSmartHoverTriggering":{"enableFeatures":["msPrismExplorerTriggeringExclusionList"]},"Edge3PSerpAutoSuggest":{"enableFeatures":["msEdgeSerpAutoSuggest"]},"PrismFollowableWebBypassFlyout":{"enableFeatures":["msEdgeFollowableWebByPassFlyout"]},"EstimatedCashbackTruePrice":{"enableFeatures":["msShoppingExp31"]},"EnhancedTextContrast":{"enableFeatures":["msEnhancedTextContrast"]},"RendererAppContainerPayload":{"enableFeatures":["RendererAppContainer","RendererAppContainerFallbackWin"]},"Edge3PCoreAndErrorLogAndInteraction":{"enableFeatures":["msEdge3PGSERPInteractionTelemetry"]},"CouponsBGAA":{"enableFeatures":["msEdgeShoppingBackgroundAutoApplyForPDPAndHomePage","msEdgeShoppingProductPageScript","msEdgeShoppingEnableAccelerateStrategyForBgaaWebContents"]},"EdgeShoppingOnlineSelectorExtraction":{"enableFeatures":["msShoppingExp1"]},"shorelineMemMedDisplayMed":{"disableFeatures":["msHubAppsAlternativeButtons","msEdgeTravelRecommendation"],"enableFeatures":["msHubApps","msHubAppsDefaultShowTower","msHub","msHubAppsShowManifestApps","msHubAppCustomizableSidebar","msEdgeHubAppCasualGames","msEdgeCasualGamesUI","msEdgeHubAppOutlook","msEdgeHubAppFreeOffice","msEdgeFreeOfficeShowRecentDocuments","msEdgeFreeOfficeUI","msEdgeHubAppTools","msUndersideButton","msEdgeHubAppDiscover","msUndersideCompSearch","msUndersideShorelineWidth","msEdgeHubAppUnderside","msUndersideTempHeader","msShorelineSearchV0","msRedirectToShoreline","msEdgeHubAppSearch","msHubAppsDefaultHideTowerOnMediumMemoryDevices","msHubAppsADSManifest","msEdgeUndersideV2","msEdgeSidePane","msShorelineSearchNewTabButton","msShorelineSearchServerZeroInput","msShorelineSearch"]},"IERetirementDefaultSettingsUpsell":{"enableFeatures":["msNurturingFeatureBannerDefaultSettingsChina"]},"EdgeShoppingPriceCompareSponsoredFreeOffers":{"enableFeatures":["msEdgeShoppingPriceComparisonSponsoredTreatment"],"parameters":[{"name":"tied_flight","value":"LineIG1"}]},"HJBrowserWindowFocusEvents":{"enableFeatures":["msEdgeHJBrowserWindowFocusTelemetry"]},"EdgeHJHistoryUrlFix":{"enableFeatures":["msEdgeHJHistoryUrlFix"]},"PublishHistoryInWindowsSearchIndex":{"enableFeatures":["msWindowsSearchIntegration","msWindowsSearchIntegrationUseServiceProcess"],"parameters":[{"name":"IndexingStartDelay","value":"60"},{"name":"PublishHistoryForLastNDays","value":"false"},{"name":"PublishHistoryForLastNDaysOnIdle","value":"true"},{"name":"EnableMinimumMemoryThreshold","value":"true"},{"name":"MinimumMemoryThresholdGB","value":"2"},{"name":"IdleThreshold","value":"600"},{"name":"HistoryUpdateDelayMs","value":"10000"}]},"EdgeAddPasswordNicknameInSettings":{"enableFeatures":["msEdgeAddPasswordNicknameInSettings"]},"WindowsSearchIntegrationQuickLinks":{"enableFeatures":["msWindowsSearchIntegrationQuickLinks"],"parameters":[{"name":"PublishQuickLinksOnIdle","value":"true"}]},"ArrestUserChurn":{"enableFeatures":["msLoadChromeWebstoreByDefault"]},"edgeEcoTree":{"enableFeatures":["msEdgeHubAppEtree","msEdgeEtreeUI","msEdgeEtreePerformTask"]},"EdgeShoppingPriceCompareSuppressAdLang":{"enableFeatures":["msShoppingUapiExp3"]},"HistoryDateFiltering":{"enableFeatures":["msHistoryDateFiltering"]},"ReadAloudIconInAddressBar":{"enableFeatures":["msShowReadAloudIconInAddressBar"]},"UXConfigService":{"enableFeatures":["msUXConfigService"]},"CILongRunning":{"enableFeatures":["msEdgeContinuousMigrationLongRunning"]},"VerticalTabsPromo":{"enableFeatures":["msNurturingFeatureTryVerticalTabs"]},"WebAppNoCCTForURLHandling":{"enableFeatures":["msWebAppNoCCTForURLHandling"]},"TriggeringSignalGenerator":{"enableFeatures":["msTriggeringSignalGenerator"]},"EdgeAndFeedsIdentityConsistency":{"enableFeatures":["msEdgeProngPersonalization"]},"NurturingPasswordGrowthCampaign":{"enableFeatures":["msNurturingImportPassword"]},"EdgeShoppingClarity":{"enableFeatures":["msEdgeShoppingClarityEnabled"]},"BingNewTabBackButton":{"enableFeatures":["msEnableBingNewTabBackButtonFocusAndClose"]},"NurturingFeatureCIUpsellSaveFavPass":{"enableFeatures":["msNurturingFeatureCIUpsellSaveFavPass"]},"EdgeSuperResSettings":{"enableFeatures":["msEdgeSuperResSettings"]},"Edge3P":{"enableFeatures":["msEnable3P","msNurturingThirdPartySearchConsent","msEdge3PTelemetry","msNurturingThirdPartySearchNotificationDelay"],"parameters":[{"name":"campaign_delay","value":"300"}]},"DevToolsDetachedElements":{"enableFeatures":["msEdgeDevToolsDetachedElements"]},"NurturingAssistanceHome":{"enableFeatures":["msEdgeEnableAssistanceHome","msEnabledEdgeNFOfflineIntegrationInAssistanceHome","msNurturingDismissTriggerForHub"]},"OpenTabsWithChromeRunning":{"enableFeatures":["msImportOpenTabsFromChromeWithFileLocked"]},"EdgeWebCaptureOOUIExperiment":{"enableFeatures":["msEdgeWebCaptureOOUIExperiment"],"parameters":[{"name":"menu","value":"edit"}]},"DefaultBrowserBannerExternalStableRollout":{"enableFeatures":["msNurturingDefaultBrowserBannerCloseBtn","msNurturingUrlParser","msEdgeNurFIrisSupport"],"parameters":[{"name":"DismissalCap","value":"24"}]},"SearchProminenceMiniMenuStableExp":{"enableFeatures":["msQuickSearchEnableCommandBar","msQuickSearchUseSearchIconForSidebar","msQuickSearchShowSearchAsFirstMenuItem","msQuickSearchShowSearchLabelInCommandBar"]},"ShowOnceMoreDefaultSettingsQ3campaign":{"enableFeatures":["msNurturingStandardLaunchV2UiCloseBtn","msNurturingStandardLaunchV2UiNoImage","msNurturingStandardLaunch","msNurturingStandardLaunchWithDSE","msNurturingStandardLaunchCustomCapping","msNurturingRecommendedSettingsWsbCustomCapping","msNurturingRecommendedSettingsWsbDialog"],"parameters":[{"name":"CustomCapStandardLaunch","value":"7"},{"name":"CustomCapRecommendedSettingsWsb","value":"7"},{"name":"CustomCoolDownStandardLaunch","value":"28"},{"name":"CustomCoolDownRecommendedSettingsWsb","value":"28"}]},"Action_center":{"enableFeatures":["msEdgeNurturingHub"]},"EnableNurturingUrlParser":{"enableFeatures":["msNurturingUrlParser"]},"ExperimentAddressBarRoundedCornersColorHighlight":{"enableFeatures":["msOmniboxFocusRingRoundEmphasize"]},"GWBCoachmarkExperiment":{"enableFeatures":["msEdgeGWBRewardsCoachmark"]},"RolloutPreconnectToSearch":{"disableFeatures":["NavigationPredictorPreconnectHoldback"]},"EdgeBarV2FeatureRollout":{"enableFeatures":["msDesktopModeNone"]},"PdfDiagnostics":{"enableFeatures":["msPdfReportDiagnostics"]},"AdsPlatformXEdgeexp":{"enableFeatures":["msEdgeAdPlatformUI"]},"EdgeOnRampShowVersionWhatsNew":{"enableFeatures":["msEdgeOnRampShowWhatsNew"],"parameters":[{"name":"Browser Version","value":"112.0.0.0"}]},"PermaEdgeOnNthNeedEdge":{"enableFeatures":["msPermaEdgeOnNthNeedEdgeTrigger"],"parameters":[{"name":"NValueToShowPermaEdge","value":"3,8,13,18,23,28, 33, 38,43,48,53,58,63,68,73,78,83,88,93,98,103,108,113,118,123,128,133,138,143,148,153,158,163,168,173,178,183,188,193,198,203,208,213,218,223,228,233,238,243,248,253,258,263,268,273,278,283,288,293,298,303"}]}},"EdgeConfig":{"EdgeShoppingExtendedStandDownDisableConfig":{"disableFeatures":["msEdgeShoppingStandDownDuration"]},"WebAuthPasskeysUIKillerSwitch":{"disableFeatures":["WebAuthenticationPasskeysUI"]},"KillSwitchCTCPUpdates":{"disableFeatures":["CertificateTransparencyComponentUpdater","KeyPinningComponentUpdater"]},"WorkspacesSharingModal":{"enableFeatures":["msWorkspacesShareModal"]},"EnableWorkspacesCache":{"enableFeatures":["msWorkspacesCache"]},"KillSwitchUseNAT64ForIPv4Literal":{"disableFeatures":["UseNAT64ForIPv4Literal"]},"EdgeShoppingPCashbackFixConfig":{"enableFeatures":["msEdgeShoppingRewardsUserInfo","msEdgeShoppingPersonalizedCashbackBingHeaderV2"]},"EdgeShoppingPriceCompareNewNormalizerConfig":{"enableFeatures":["msEdgeShoppingPriceComparisonSponsoredTreatment"]},"EdgeShoppingPriceCompareResponseConfig":{"enableFeatures":["msShoppingUapiExp1"]},"EdgeShoppingPriceCompareAdLangOverrideConfig":{"enableFeatures":["msShoppingUapiExp3"]},"EnableWorkspacePresenceViaSignals":{"enableFeatures":["msFluidEnablePresenceThroughSignals","msFluidDisablePresenceThroughOps"]},"DisableCanvasOOPR":{"disableFeatures":["CanvasOopRasterization"]},"EdgeSecureNetworkConfig":{"enableFeatures":["msVpnService"],"parameters":[{"name":"MaxUnengagedHoursNoFre","value":"0"}]},"EdgeShoppingAnaheimIDConfig":{"enableFeatures":["msEdgeShoppingAnaheimId"]},"EdgeShoppingDefaultConfig":{"enableFeatures":["msEEUseUnifyRegexDataFormat","msEdgePriceDropAutoShow","msEdgePwiloItemDeletion","msEdgeShoppingAutoShowArbitration","msEdgeShoppingCheckoutPageRegex","msEdgeShoppingGuestDomainCoupons","msEdgeShoppingNotifyLargestContentfulPaintSameDocNav","msEdgeShoppingPersistentBloomFilter","msEdgeShoppingPersistentStorage","msEdgeShoppingPersonalizedCashbackBingHeader","msEdgeShoppingPriceHistoryProductByRegexFailed","msEdgeShoppingServerNotifications","msEdgeShoppingUnifiedAPIExtractionLogging","msShoppingAutoShowAfterRender","msShoppingAutoShowLowerPrices","msEdgeShoppingPersonalizedCashbackBingHeaderV2"],"disableFeatures":["msEdgePwiloAsync","msEdgeShoppingPriceComparisonOnceDayPerUrl","msEdgeShoppingStorageContinueOnShutdown","msEELogProductPiclFailed"],"parameters":[{"name":"duration","value":"3"}]},"QUIC":{"parameters":[{"name":"enable_quic","value":"true"},{"name":"quic_version","value":"h3,h3-29,h3-Q050"},{"name":"disable_tls_zero_rtt","value":"true"},{"name":"retransmittable_on_wire_timeout_milliseconds","value":"200"},{"name":"allow_port_migration","value":"true"},{"name":"epoch","value":"20210916"},{"name":"channel","value":"S"}]},"OverrideUKMs":{"enableFeatures":["msUkmGovernanceList"],"parameters":[{"name":"msUkmOverrideList","value":"Microsoft.TrackingPrevention.EnforcementOutcomes,1,21;"}]},"OverrideActions":{"enableFeatures":["msUserActionsGovernanceList"],"parameters":[{"name":"msUserActionOverrideList","value":"NavEntryCommitted.SRP,1,,67112964;"}]},"TelemetryPopSampleSampling":{"enableFeatures":["msForceTelemetrySampling","msLogTestUniformDistributionHistogram"],"parameters":[{"name":"group2PopSample","value":"20"},{"name":"defaultGroupPopSample","value":"0"},{"name":"ukm2PopSample","value":"20"}]},"OverrideHistograms":{"enableFeatures":["msHistogramsGovernanceList"],"parameters":[{"name":"msHistogramOverrideList","value":"ChromeElf.Beacon.SetupStatus,1,,2048;Media.Session.UserAction,1,,67108872;Media.Session.UserAction.Focus,1,,67108872;Microsoft.Favorites.Activation,1,,67121212;Microsoft.Navigation.Home.IsNtp,1,,67108872;Microsoft.NewTabPage.NtpNavigation,1,,67108872;Microsoft.NewTabPage.PostFreDhpNavigation,1,,67108872;Microsoft.Omnibox.DefaultSearchProviderDataPrefChanged,1,,67117064;Microsoft.RenderViewContextMenu.Used.Chromium,1,,67112984;Microsoft.Search.BingSerpNavigationCompleted,1,,67108872;Microsoft.SearchInteraction.ContextMenu,1,,67108872;Microsoft.SearchInteraction.NewTabPageSearchBox,1,,67108872;Microsoft.SearchInteraction.Omnibox,1,,67108872;Microsoft.Tabs.TabActionWithSelection,1,,67108872;Microsoft.Toolbar.BackButton.Clicked,1,,67108888;Omnibox.SearchEngineType,1,,67137560;Tab.NewTab,1,,67113016;"}]}},"EdgeDomainActions":{"text_prediction_override":{"version":1,"policies":[{"name":"OptIn","type":"TextPredictionOptIn"},{"name":"OptOut","type":"TextPredictionOptOut"}],"applications":[{"domain":"twitch.tv","applied_policy":"OptOut"},{"domain":"whatsapp.com","applied_policy":"OptOut"},{"domain":"bing.com","applied_policy":"OptOut"},{"domain":"reddit.com","applied_policy":"OptOut"}]},"efficiency_mode_override":{"applications":[{"applied_policy":"block","domain":"xbox.com"},{"applied_policy":"block","domain":"play.geforcenow.com"},{"applied_policy":"block","domain":"luna.amazon.com"},{"applied_policy":"block","domain":"www.playstation.com"},{"applied_policy":"block","domain":"bing.com"},{"applied_policy":"block","domain":"browserbench.org"},{"applied_policy":"block","domain":"www.principledtechnologies.com"},{"applied_policy":"block","domain":"web.basemark.com"},{"applied_policy":"block","domain":"mozilla.github.io"},{"applied_policy":"block","domain":"html5test.com"},{"applied_policy":"block","domain":"necromanthus.com"},{"applied_policy":"block","domain":"www.wirple.com"},{"applied_policy":"block","domain":"octanetestapp.herokuapp.com"},{"applied_policy":"block","domain":"chromium.github.io"},{"applied_policy":"block","domain":"octane.webmarks.info"},{"applied_policy":"block","domain":"css3test.com"},{"applied_policy":"block","domain":"files.unity3d.com"},{"applied_policy":"block","domain":"msn.com/*/play"}],"policies":[{"name":"block","reason":"","type":"","value":""}],"version":1},"prism_explorer_override":{"version":1,"policies":[{"name":"OptIn","type":"PrismExplorerTypeOptIn"},{"name":"OptOut","type":"PrismExplorerTypeOptOut"}],"applications":[{"domain":"2mdn.net","applied_policy":"OptOut"},{"domain":"img-s-msn-com.akamaized.net","applied_policy":"OptOut"},{"domain":"azurewebsites.net","applied_policy":"OptOut"},{"domain":"bing-exp.*","applied_policy":"OptOut"},{"domain":"bing.com","applied_policy":"OptOut"},{"domain":"www.caisse-epargne.fr","applied_policy":"OptOut"},{"domain":"codepen.io","applied_policy":"OptOut"},{"domain":"create.microsoft.com","applied_policy":"OptOut"},{"domain":"defenderrazor.com","applied_policy":"OptOut"},{"domain":"dongardner.com","applied_policy":"OptOut"},{"domain":"pexels.com","applied_policy":"OptOut"},{"domain":"duckduckgo.com","applied_policy":"OptOut"},{"domain":"facebook.com","applied_policy":"OptOut"},{"domain":"free-freecell-solitaire.com","applied_policy":"OptOut"},{"domain":"google.*","applied_policy":"OptOut"},{"domain":"googlesyndication.com","applied_policy":"OptOut"},{"domain":"instagram.com","applied_policy":"OptOut"},{"domain":"linkedin.*","applied_policy":"OptOut"},{"domain":"live.com","applied_policy":"OptOut"},{"domain":"mapquest.*","applied_policy":"OptOut"},{"domain":"netflix.*","applied_policy":"OptOut"},{"domain":"office.com","applied_policy":"OptOut"},{"domain":"officeapps.live.com","applied_policy":"OptOut"},{"domain":"openrailwaymap.org","applied_policy":"OptOut"},{"domain":"outbrainimg.com","applied_policy":"OptOut"},{"domain":"search.naver.com","applied_policy":"OptOut"},{"domain":"search.yahoo.com","applied_policy":"OptOut"},{"domain":"sharepoint.com","applied_policy":"OptOut"},{"domain":"staging-bing-int.*","applied_policy":"OptOut"},{"domain":"storage.live.com","applied_policy":"OptOut"},{"domain":"svc.ms","applied_policy":"OptOut"},{"domain":"sygic.*","applied_policy":"OptOut"},{"domain":"techcommunity.microsoft.com","applied_policy":"OptOut"},{"domain":"tiktok.com","applied_policy":"OptOut"},{"domain":"twitter.com","applied_policy":"OptOut"},{"domain":"web.whatsapp.com","applied_policy":"OptOut"},{"domain":"yammer.com","applied_policy":"OptOut"},{"domain":"youtube.com","applied_policy":"OptOut"}]},"ecp_override":{"version":1,"policies":[{"name":"PlainTextURLsOnly","type":"ECPOnlyPlaintextURLs"}],"applications":[{"applied_policy":"PlainTextURLsOnly","domain":"hangouts.google.com"},{"applied_policy":"PlainTextURLsOnly","domain":"chat.google.com"},{"applied_policy":"PlainTextURLsOnly","domain":"slack.com"},{"applied_policy":"PlainTextURLsOnly","domain":"facebook.com"},{"applied_policy":"PlainTextURLsOnly","domain":"wechat.com"},{"applied_policy":"PlainTextURLsOnly","domain":"weixin.com"},{"applied_policy":"PlainTextURLsOnly","domain":"qq.com"},{"applied_policy":"PlainTextURLsOnly","domain":"webex.com"},{"applied_policy":"PlainTextURLsOnly","domain":"wordpress.com"},{"applied_policy":"PlainTextURLsOnly","domain":"twitter.com"},{"applied_policy":"PlainTextURLsOnly","domain":"discord.com"}]},"media_foundation_override":{"version":1,"policies":[{"name":"OptIn","type":"MediaFoundationOptIn"},{"name":"OptOut","type":"MediaFoundationOptOut"}],"applications":[{"domain":"youtube.com","path_exclude":["/shorts"],"applied_policy":"OptIn"}]},"web_notification_override":{"applications":[{"applied_policy":"prompt","domain":"www.reddit.com"},{"applied_policy":"prompt","domain":"www.telegraphindia.com"},{"applied_policy":"prompt","domain":"timesofindia.indiatimes.com"},{"applied_policy":"prompt","domain":"pushengage.com"},{"applied_policy":"prompt","domain":"www.timesnownews.com"},{"applied_policy":"prompt","domain":"www.couponrani.com"},{"applied_policy":"prompt","domain":"www.wholesomeyum.com"},{"applied_policy":"prompt","domain":"www.asklaila.com"},{"applied_policy":"prompt","domain":"www.sammobile.com"},{"applied_policy":"prompt","domain":"www.ecuavisa.com"},{"applied_policy":"prompt","domain":"uz.sputniknews.ru"},{"applied_policy":"prompt","domain":"www.ndtv.com"},{"applied_policy":"prompt","domain":"www.elimparcial.com"},{"applied_policy":"prompt","domain":"www.povarenok.ru"},{"applied_policy":"prompt","domain":"www.estadao.com.br"},{"applied_policy":"prompt","domain":"olxpakistan.os.tc"},{"applied_policy":"prompt","domain":"televisa.com"},{"applied_policy":"prompt","domain":"uol.com.br"},{"applied_policy":"prompt","domain":"www.axisbank.com"},{"applied_policy":"prompt","domain":"mutualfund.adityabirlacapital.com"},{"applied_policy":"prompt","domain":"www.facebook.com"},{"applied_policy":"prompt","domain":"www.instagram.com"},{"applied_policy":"prompt","domain":"www.messenger.com"}],"policies":[{"name":"prompt","reason":"","type":"","value":""}],"version":1},"codec_override":{"version":1,"policies":[{"name":"HideMfHevcCodec","type":"MfHevcCodec"}],"applications":[{"applied_policy":"HideMfHevcCodec","domain":"tv.apple.com"},{"applied_policy":"HideMfHevcCodec","domain":"nintendo.com"}]},"idl_override":{"applications":[{"applied_policy":"ExposePrefixedEME","domain":"netflix.com"},{"applied_policy":"ExposePrefixedEME","domain":"music.amazon.co.jp"},{"applied_policy":"ExposePrefixedEME","domain":"music.amazon.co.uk"},{"applied_policy":"ExposePrefixedEME","domain":"music.amazon.com"},{"applied_policy":"ExposePrefixedEME","domain":"music.amazon.de"},{"applied_policy":"ExposePrefixedEME","domain":"music.amazon.es"},{"applied_policy":"ExposePrefixedEME","domain":"music.amazon.fr"},{"applied_policy":"ExposePrefixedEME","domain":"music.amazon.in"},{"applied_policy":"ExposePrefixedEME","domain":"music.amazon.it"},{"applied_policy":"ExposePrefixedEME","domain":"music.amazon.ca"},{"applied_policy":"ExposePrefixedEME","domain":"music.amazon.com.br"},{"domain":"sling.com","applied_policy":"ExposePrefixedEME"},{"domain":"openidconnectweb.azurewebsites.net","applied_policy":"ExposePrefixedEME"}],"policies":[{"name":"ExposePrefixedEME","type":"PrefixedEme"}],"version":1},"cdm_override":{"version":1,"policies":[{"name":"OnlyExposePlayReady","type":"Playready"},{"name":"OnlyExposeWidevine","type":"Widevine"}],"applications":[{"domain":"sling.com","applied_policy":"OnlyExposePlayReady"},{"domain":"tou.tv","applied_policy":"OnlyExposeWidevine"},{"domain":"maxdome.de","applied_policy":"OnlyExposeWidevine"},{"domain":"abc.com","applied_policy":"OnlyExposeWidevine"},{"domain":"tv.apple.com","applied_policy":"OnlyExposeWidevine"},{"domain":"la7.it","applied_policy":"OnlyExposeWidevine"},{"domain":"xfinity.com","applied_policy":"OnlyExposeWidevine"},{"domain":"watchtv.cox.com","applied_policy":"OnlyExposeWidevine"},{"domain":"ignitetv.rogers.com","applied_policy":"OnlyExposeWidevine"},{"domain":"bluecurvetv.shaw.ca","applied_policy":"OnlyExposeWidevine"},{"domain":"helix.videotron.com","applied_policy":"OnlyExposeWidevine"},{"domain":"criterionchannel.com","applied_policy":"OnlyExposeWidevine"},{"domain":"ntathome.com","applied_policy":"OnlyExposeWidevine"},{"domain":"wowpresentsplus.com","applied_policy":"OnlyExposeWidevine"},{"domain":"vhx.tv","applied_policy":"OnlyExposeWidevine"},{"domain":"hulu.com","applied_policy":"OnlyExposePlayReady"},{"domain":"app.quickhelp.com","applied_policy":"OnlyExposeWidevine"},{"domain":"DishAnywhere.com","applied_policy":"OnlyExposeWidevine"}]},"user_agent_override":{"version":1,"policies":[{"name":"EdgeUA","type":"partialReplacement","value":"AppleWebKit/537.36 (KHTML, like Gecko) Chrome/70.0.3538.102 Safari/537.36 Edge/18.17763"},{"name":"IEUA","type":"platformIgnorantFullReplacement","value":"Mozilla/5.0 (Windows NT 10.0; WOW64; Trident/7.0; .NET4.0C; .NET4.0E; .NET CLR 2.0.50727; .NET CLR 3.0.30729; .NET CLR 3.5.30729; Zoom 3.6.0; rv:11.0) like Gecko"},{"name":"DrmEdgeUA","type":"partialReplacement","value":"AppleWebKit/537.36 (KHTML, like Gecko) Chrome/64.0.3282.140 Safari/537.36 Edge/18.17763","reason":"DigitalRightsManagement"},{"name":"EdgUA","type":"replaceIfWorkaroundsNeeded"},{"name":"DrmEdgUA","type":"replaceIfWorkaroundsNeeded","reason":"DigitalRightsManagement"},{"name":"ChromeUA","type":"edgeTokenReplacement"},{"name":"DoNotOverride","type":"doNotOverride"},{"name":"Edge99","type":"partialReplacement","value":"AppleWebKit/537.36 (KHTML, like Gecko) Chrome/99.0.4844.74 Safari/537.36 Edg/99.0.1150.55"},{"name":"Chrome99","type":"partialReplacement","value":"AppleWebKit/537.36 (KHTML, like Gecko) Chrome/99.0.4844.74 Safari/537.36"},{"name":"ChromeUAAndClientHints","type":"edgeTokenReplacementAndClientHints","value":{"user_agent_override":"","sec-ch-ua-add":[{"brand":"Google Chrome"}],"sec-ch-ua-remove":["Microsoft Edge"]}}],"applications":[{"domain":"glive2.gaodun.com","applied_policy":"ChromeUA"},{"domain":"interlakepsychiatricintouch.insynchcs.com","applied_policy":"ChromeUA"},{"domain":"pulse.genesisworld.com","applied_policy":"ChromeUA"},{"domain":"eip.ccfsm.or.kr","applied_policy":"DoNotOverride"},{"domain":"hbonow.com","applied_policy":"DrmEdgeUA"},{"domain":"hboportugal.com","applied_policy":"DrmEdgeUA"},{"domain":"hbogo.com","applied_policy":"DrmEdgeUA"},{"domain":"hbogo.bg","applied_policy":"DrmEdgeUA"},{"domain":"hbogo.ro","applied_policy":"DrmEdgeUA"},{"domain":"hbogo.cz","applied_policy":"DrmEdgeUA"},{"domain":"wrc.t-mobile.com","applied_policy":"ChromeUA"},{"domain":"meituan.com","applied_policy":"ChromeUA"},{"domain":"maxdome.de","applied_policy":"ChromeUA"},{"domain":"go.canaldigital.fi","applied_policy":"EdgeUA"},{"domain":"go.canaldigital.no","applied_policy":"EdgeUA"},{"domain":"go.canaldigital.se","applied_policy":"EdgeUA"},{"domain":"canaldigital.dk","“subdomain_match":["go","tv"],"applied_policy":"EdgeUA"},{"domain":"la7.it","applied_policy":"ChromeUA"},{"domain":"ide.cs50.io","applied_policy":"ChromeUA"},{"domain":"moneygram.com","applied_policy":"ChromeUA"},{"domain":"blog.esuteru.com","applied_policy":"ChromeUA"},{"domain":"smallbusiness.yahoo.com","path_match":["/businessmaker"],"applied_policy":"ChromeUA"},{"domain":"abc.com","applied_policy":"ChromeUA"},{"domain":"myslate.sixphrase.com","applied_policy":"ChromeUA"},{"domain":"search.norton.com","path_match":["/nsssOnboarding"],"applied_policy":"ChromeUA"},{"domain":"virtualvisitlogin.partners.org","applied_policy":"ChromeUA"},{"domain":"carelogin.bryantelemedicine.com","applied_policy":"ChromeUA"},{"domain":"providerstc.hs.utah.gov","applied_policy":"ChromeUA"},{"domain":"applychildcaresubsidy.alberta.ca","applied_policy":"ChromeUA"},{"domain":"elearning.evn.com.vn","path_match":["/login"],"applied_policy":"ChromeUA"},{"domain":"authoring.amirsys.com","path_match":["/login"],"applied_policy":"ChromeUA"},{"domain":"elearning.seabank.com.vn","path_match":["/login"],"applied_policy":"ChromeUA"},{"domain":"app.fields.corteva.com","path_match":["/login"],"applied_policy":"ChromeUA"},{"domain":"gsq.minornet.com","applied_policy":"ChromeUA"},{"domain":"shop.lic.co.nz","applied_policy":"ChromeUA"},{"domain":"telehealthportal.uofuhealth.org","applied_policy":"ChromeUA"},{"domain":"portal.centurylink.com","applied_policy":"ChromeUA"},{"domain":"visitnow.org","applied_policy":"ChromeUA"},{"domain":"www.hotstar.com","path_match":["/in/subscribe/payment/methods/dc","/in/subscribe/payment/methods/cc"],"applied_policy":"ChromeUA"},{"domain":"tryca.st","path_match":["/studio","/publisher"],"applied_policy":"ChromeUA"},{"domain":"astrogo.astro.com.my","applied_policy":"ChromeUA"},{"domain":"app.classkick.com","applied_policy":"ChromeUA"},{"domain":"exchangeservicecenter.com","path_match":["/freeze"],"applied_policy":"ChromeUA"},{"domain":"bancodeoccidente.com.co","path_match":["/portaltransaccional"],"applied_policy":"ChromeUA"},{"domain":"bm.gzekao.cn","path_match":["/tr/webregister/"],"applied_policy":"IEUA"},{"domain":"salud.go.cr","applied_policy":"ChromeUA"},{"domain":"learning.chungdahm.com","applied_policy":"ChromeUA"},{"domain":"gooroomee.com","applied_policy":"ChromeUA"},{"domain":"tenantev.com","applied_policy":"ChromeUA"},{"domain":"printful.com","path_match":["/dashboard/default"],"applied_policy":"ChromeUA"},{"domain":"fansnet.jp","path_match":["/signin"],"applied_policy":"ChromeUA"},{"domain":"hanafloralpos2.com","applied_policy":"ChromeUA"},{"domain":"elroyalecasinobonuses.com","applied_policy":"ChromeUA"},{"domain":"moji365.com","applied_policy":"ChromeUA"},{"domain":"web2020.atama.plus","applied_policy":"ChromeUA"},{"domain":"elroyalecasino.com","applied_policy":"ChromeUA"},{"domain":"aussieplaybonuses.com","applied_policy":"ChromeUA"},{"domain":"front.viewinter.ai","applied_policy":"ChromeUA"},{"domain":"newstudentregistration.nmsu.edu","applied_policy":"ChromeUA"},{"domain":"app.evisit.com","applied_policy":"ChromeUA"},{"domain":"richpalms.com","applied_policy":"ChromeUA"},{"domain":"lilyclass.com","applied_policy":"ChromeUA"},{"domain":"hiflow.com","applied_policy":"ChromeUA"},{"domain":"my.a-bly.com","applied_policy":"ChromeUA"},{"domain":"app.mytaxprepoffice.com","applied_policy":"ChromeUA"},{"domain":"login.hourpowerpro.com","applied_policy":"ChromeUA"},{"domain":"crayondatabase.com","applied_policy":"ChromeUA"},{"domain":"elroyalecasinomail.com","applied_policy":"ChromeUA"},{"domain":"aussieplaypromos.com","applied_policy":"ChromeUA"},{"domain":"eu.smilemate.com","applied_policy":"ChromeUA"},{"domain":"live.remo.co","applied_policy":"ChromeUA"},{"domain":"orders.cutcoapps.com","applied_policy":"ChromeUA"},{"domain":"app.pharmulary.com","applied_policy":"ChromeUA"},{"domain":"learn.maplesoft.com","applied_policy":"ChromeUA"},{"domain":"suppliersmx.smp-automotive.com","applied_policy":"ChromeUA"},{"domain":"tv.partner.co.il","applied_policy":"ChromeUA"},{"domain":"ykc.hanwangjiaoyu.com","applied_policy":"ChromeUA"},{"domain":"lacite.essentialskillsgroup.com","applied_policy":"ChromeUA"},{"domain":"my.globaluniversity.edu","applied_policy":"ChromeUA"},{"domain":"totale.rosettastone.com","applied_policy":"ChromeUA"},{"domain":"icingimages.com","applied_policy":"ChromeUA"},{"domain":"geforcenow.com","applied_policy":"ChromeUA"},{"domain":"capitaloneoffers.com","applied_policy":"ChromeUA"},{"domain":"yorbit.mindtree.com","applied_policy":"ChromeUA"},{"domain":"prepmod.health.state.mn.us","applied_policy":"ChromeUA"},{"domain":"prepmod.doh.wa.gov","applied_policy":"ChromeUA"},{"domain":"ome.tv","applied_policy":"ChromeUA"},{"domain":"wowow.co.jp","applied_policy":"ChromeUA"},{"domain":"sankuai.com","applied_policy":"ChromeUA"},{"domain":"prezi.com","applied_policy":"ChromeUA"},{"domain":"algoritmika.*","applied_policy":"ChromeUA"},{"domain":"whitehatjr.com","applied_policy":"ChromeUA"},{"domain":"www.skyroom.online","applied_policy":"ChromeUA"},{"domain":"videochatru.com","applied_policy":"ChromeUA"},{"domain":"www.yuque.com","applied_policy":"ChromeUA"},{"domain":"hllqp.com","applied_policy":"ChromeUA"},{"domain":"unacademy.com","applied_policy":"ChromeUA"},{"domain":"mazonecec.com","applied_policy":"ChromeUA"},{"domain":"chat-pt.com","applied_policy":"ChromeUA"},{"domain":"nativecamp.net","applied_policy":"ChromeUA"},{"domain":"newrow.com","applied_policy":"ChromeUA"},{"domain":"www.chess.com","applied_policy":"ChromeUA"},{"domain":"pixton.com","applied_policy":"ChromeUA"},{"domain":"bank.dream-1.co.kr","applied_policy":"ChromeUA"},{"domain":"siga.aduanas.gob.do","applied_policy":"ChromeUA"},{"domain":"secure.priviahealth.com","applied_policy":"ChromeUA"},{"domain":"vroom.truevirtualworld.com","applied_policy":"ChromeUA"},{"domain":"mettl.com","applied_policy":"ChromeUA"},{"domain":"granbluefantasy.jp","applied_policy":"ChromeUA"},{"domain":"xiaomawang.com","applied_policy":"ChromeUA"},{"domain":"talview.com","applied_policy":"ChromeUA"},{"domain":"vpn.zmaxis.com","applied_policy":"ChromeUA"},{"domain":"app.jigsawinteractive.com","applied_policy":"ChromeUA"},{"domain":"www.quebon.tv","applied_policy":"ChromeUA"},{"domain":"mars.alg.academy","applied_policy":"ChromeUA"},{"domain":"www.flexclip.com","applied_policy":"ChromeUA"},{"domain":"smarterproctoring.com","applied_policy":"ChromeUA"},{"domain":"minedia.com","applied_policy":"ChromeUA"},{"domain":"www.filemaru.com","applied_policy":"ChromeUA"},{"domain":"hirepro.in","applied_policy":"ChromeUA"},{"domain":"lwss.cdgdc.edu.cn","applied_policy":"ChromeUA"},{"domain":"keckmedicine.org","applied_policy":"ChromeUA"},{"domain":"kaipoke.biz","applied_policy":"ChromeUA"},{"domain":"app.bookcreator.com","applied_policy":"ChromeUA"},{"domain":"player.pl","applied_policy":"ChromeUA"},{"domain":"live.twebcast.com","applied_policy":"ChromeUA"},{"domain":"web.openrainbow.com","applied_policy":"ChromeUA"},{"domain":"www.storyboardthat.com","applied_policy":"ChromeUA"},{"domain":"www.techfluency.org","applied_policy":"ChromeUA"},{"domain":"www.amway.co.kr","applied_policy":"ChromeUA"},{"domain":"smartschool.be","applied_policy":"ChromeUA"},{"domain":"bm.chsi.com.cn","applied_policy":"ChromeUA"},{"domain":"www.n-gaku.ed.jp","applied_policy":"ChromeUA"},{"domain":"start.ipc.qld.edu.au","applied_policy":"ChromeUA"},{"domain":"global.talk-cloud.net","applied_policy":"ChromeUA"},{"domain":"sigaexplorer.aduanas.gob.do","applied_policy":"ChromeUA"},{"domain":"www.protrainings.com","applied_policy":"ChromeUA"},{"domain":"www.rarejob.com","applied_policy":"ChromeUA"},{"domain":"chatalternative.com","applied_policy":"ChromeUA"},{"domain":"socialive.us","applied_policy":"ChromeUA"},{"domain":"www.zhihu.com","applied_policy":"ChromeUA"},{"domain":"login.smasheducation.com","applied_policy":"ChromeUA"},{"domain":"mindbody.io","applied_policy":"ChromeUA"},{"domain":"hubgame.cn","applied_policy":"ChromeUA"},{"domain":"mega.nz","applied_policy":"ChromeUA"},{"domain":"univer.kaznpu.kz","applied_policy":"ChromeUA"},{"domain":"www.jkydata.com","applied_policy":"ChromeUA"},{"domain":"clipchamp.com","applied_policy":"ChromeUA"},{"domain":"yz.cainiao.com","applied_policy":"ChromeUA"},{"domain":"app.boardable.com","applied_policy":"ChromeUA"},{"domain":"kakao.com","applied_policy":"ChromeUA"},{"domain":"blibee.com","applied_policy":"ChromeUA"},{"domain":"woots.nl","applied_policy":"ChromeUA"},{"domain":"webinar.anymeeting.com","applied_policy":"ChromeUA"},{"domain":"www.valr.com","applied_policy":"ChromeUA"},{"domain":"rwanda.edacy.com","applied_policy":"ChromeUA"},{"domain":"onlyonefoodnet.ifresh.co.kr","applied_policy":"ChromeUA"},{"domain":"wing.coupang.com","applied_policy":"ChromeUA"},{"domain":"coronavirus.maryland.gov","applied_policy":"ChromeUA"},{"domain":"www.alarm.com","applied_policy":"ChromeUA"},{"domain":"www.niubizenlinea.com.pe","applied_policy":"ChromeUA"},{"domain":"integra.co.in","applied_policy":"ChromeUA"},{"domain":"spatial.chat","applied_policy":"ChromeUA"},{"domain":"1cs.jp","applied_policy":"ChromeUA"},{"domain":"axisbank.com","applied_policy":"ChromeUA"},{"domain":"customs.vans.com.cn","applied_policy":"ChromeUA"},{"domain":"online.aufratenzur.bawagpsk.com","applied_policy":"ChromeUA"},{"domain":"dsp.horse24.com","applied_policy":"ChromeUA"},{"domain":"order.campion.com.au","applied_policy":"ChromeUA"},{"domain":"bcpzonasegurabeta.viabcp.com","applied_policy":"ChromeUA"},{"domain":"www.xthk.cn","applied_policy":"ChromeUA"},{"domain":"lemo.share-platform.de","applied_policy":"ChromeUA"},{"domain":"vc.dial070.co.kr","applied_policy":"ChromeUA"},{"domain":"www.gaosiedu.com","applied_policy":"ChromeUA"},{"domain":"jp.glats.online","applied_policy":"ChromeUA"},{"domain":"all-dream.com","applied_policy":"ChromeUA"},{"domain":"www.typing.com","applied_policy":"ChromeUA"},{"domain":"www.bitpaper.io","applied_policy":"ChromeUA"},{"domain":"tophat.com","applied_policy":"ChromeUA"},{"domain":"home.ibotta.com","applied_policy":"ChromeUA"},{"domain":"vaccinereg.health.nd.gov","applied_policy":"ChromeUA"},{"domain":"www.comassvax.org","applied_policy":"ChromeUA"},{"domain":"www.mtreadyclinic.org","applied_policy":"ChromeUA"},{"domain":"www.vaccinateri.org","applied_policy":"ChromeUA"},{"domain":"www.marylandvax.org","applied_policy":"ChromeUA"},{"domain":"myhealth.alaska.gov","applied_policy":"ChromeUA"},{"domain":"fx.dmm.com","applied_policy":"ChromeUA"},{"domain":"kyc.icicibank.com","applied_policy":"ChromeUA"},{"domain":"hd.kinopoisk.ru","applied_policy":"ChromeUA"},{"domain":"aiosante.fr","applied_policy":"ChromeUA"},{"domain":"mentora.co","applied_policy":"ChromeUA"},{"domain":"leboncoin.fr","applied_policy":"ChromeUA"},{"domain":"new.faberlic.com","applied_policy":"ChromeUA"},{"domain":"support.proxyvote.com","applied_policy":"ChromeUA"},{"domain":"syscheck.bridge.psiexams.com","applied_policy":"ChromeUA"},{"domain":"logon.mykpa.com","applied_policy":"ChromeUA"},{"domain":"power2patient.net","applied_policy":"ChromeUA"},{"domain":"hunbei.com","applied_policy":"ChromeUA"},{"domain":"siharka.menpan.go.id","applied_policy":"ChromeUA"},{"domain":"learning.apaxleaders.edu.vn","applied_policy":"ChromeUA"},{"domain":"sanayisicil.sanayi.gov.tr","applied_policy":"ChromeUA"},{"domain":"provider.teladoc.com","applied_policy":"ChromeUA"},{"domain":"codelion.net","applied_policy":"ChromeUA"},{"domain":"kaleoz.com","applied_policy":"ChromeUA"},{"domain":"demos.cutcoapps.com","applied_policy":"ChromeUA"},{"domain":"eps.jspl.com","applied_policy":"ChromeUA"},{"domain":"managing.h-navi.jp","applied_policy":"ChromeUA"},{"domain":"pinfrafacturacion.com.mx","applied_policy":"ChromeUA"},{"domain":"app.showit.co","applied_policy":"ChromeUA"},{"domain":"co-verify.com","applied_policy":"ChromeUA"},{"domain":"app.axiumascend.com","applied_policy":"ChromeUA"},{"domain":"student.atama.plus","applied_policy":"ChromeUA"},{"domain":"cyedu.kead.or.kr","applied_policy":"ChromeUA"},{"domain":"service.medicheck.se","applied_policy":"ChromeUA"},{"domain":"conv.gryphondds.com","applied_policy":"ChromeUA"},{"domain":"business.curated.com","applied_policy":"ChromeUA"},{"domain":"platinum-options.com","applied_policy":"ChromeUA"},{"domain":"pjxt.lnen.cn","applied_policy":"ChromeUA"},{"domain":"smartping.live","applied_policy":"ChromeUA"},{"domain":"docs.google.com","applied_policy":"ChromeUA"},{"domain":"passwords.google.com","applied_policy":"DoNotOverride"},{"domain":"takeout.google.com","applied_policy":"DoNotOverride"},{"domain":"kealahou.cfht.hawaii.edu","applied_policy":"ChromeUA"},{"domain":"speechtexter.com","applied_policy":"ChromeUA"},{"domain":"admall.youpenglai.com","applied_policy":"ChromeUA"},{"domain":"buy.icicibank.com","applied_policy":"ChromeUA"},{"domain":"oa.imuyuan.com","applied_policy":"ChromeUA"},{"domain":"clube.dermaclub.com.br","applied_policy":"ChromeUA"},{"domain":"msnvideo.com","applied_policy":"DoNotOverride"},{"domain":"msnkids.com","applied_policy":"DoNotOverride"},{"domain":"microsoftnews.cn","applied_policy":"DoNotOverride"},{"domain":"msn.com","applied_policy":"DoNotOverride"},{"domain":"msn.cn","applied_policy":"DoNotOverride"},{"domain":"msnewskids.com","applied_policy":"DoNotOverride"},{"domain":"microsoftnewskids.com","applied_policy":"DoNotOverride"},{"domain":"msn-amp.com","applied_policy":"DoNotOverride"},{"domain":"microsoftnews.com","applied_policy":"DoNotOverride"},{"domain":"msnewsmedia.com","applied_policy":"DoNotOverride"},{"domain":"microsoftnewsforkids.com","applied_policy":"DoNotOverride"},{"domain":"edgestoreweb.edgebrowser.microsoft-staging-falcon.io","applied_policy":"DoNotOverride"},{"domain":"edgestoreweb.edgebrowser.microsoft-testing-falcon.io","applied_policy":"DoNotOverride"},{"domain":"abema.tv","applied_policy":"DoNotOverride"},{"domain":"acorn.tv","applied_policy":"DoNotOverride"},{"domain":"bilibili.com","applied_policy":"DoNotOverride"},{"domain":"chaines-tv.orange.fr","applied_policy":"DoNotOverride"},{"domain":"ctc.ru","applied_policy":"DoNotOverride"},{"domain":"dk.hbonordic.com","applied_policy":"DoNotOverride"},{"domain":"hbogo.pl","applied_policy":"DoNotOverride"},{"domain":"listen.tidal.com","applied_policy":"DoNotOverride"},{"domain":"listeningparty.bts-butter.com","applied_policy":"DoNotOverride"},{"domain":"live-nba.stream","applied_policy":"DoNotOverride"},{"domain":"mcg.decipherinc.com","applied_policy":"DoNotOverride"},{"domain":"amazon.*","applied_policy":"DoNotOverride"},{"domain":"music.apple.com","applied_policy":"DoNotOverride"},{"domain":"now.dstv.com","applied_policy":"DoNotOverride"},{"domain":"okko.tv","applied_policy":"DoNotOverride"},{"domain":"open.spotify.com","applied_policy":"DoNotOverride"},{"domain":"opto.sic.pt","applied_policy":"DoNotOverride"},{"domain":"orangetv.orange.es","applied_policy":"DoNotOverride"},{"domain":"play.hbomax.com","applied_policy":"DoNotOverride"},{"domain":"play.waipu.tv","applied_policy":"DoNotOverride"},{"domain":"sports24.icu","applied_policy":"DoNotOverride"},{"domain":"sports24.stream","applied_policy":"DoNotOverride"},{"domain":"stream.osn.com","applied_policy":"DoNotOverride"},{"domain":"swag.live","applied_policy":"DoNotOverride"},{"domain":"tv.rakuten.co.jp","applied_policy":"DoNotOverride"},{"domain":"tv.yousee.dk","applied_policy":"DoNotOverride"},{"domain":"tvthek.orf.at","applied_policy":"DoNotOverride"},{"domain":"v.ouj.ac.jp","applied_policy":"DoNotOverride"},{"domain":"v.youku.com","applied_policy":"DoNotOverride"},{"domain":"ver.movistarplus.es","applied_policy":"DoNotOverride"},{"domain":"video.dmkt-sp.jp","applied_policy":"DoNotOverride"},{"domain":"video.unext.jp","applied_policy":"DoNotOverride"},{"domain":"videomarket.dmm.com","applied_policy":"DoNotOverride"},{"domain":"vod.canalplus.com","applied_policy":"DoNotOverride"},{"domain":"vod.tvp.pl","applied_policy":"DoNotOverride"},{"domain":"voyo.markiza.sk","applied_policy":"DoNotOverride"},{"domain":"voyo.nova.cz","applied_policy":"DoNotOverride"},{"domain":"vtm.be","applied_policy":"DoNotOverride"},{"domain":"watch.spectrum.net","applied_policy":"DoNotOverride"},{"domain":"watcha.com","applied_policy":"DoNotOverride"},{"domain":"wink.rt.ru","applied_policy":"DoNotOverride"},{"domain":"www.6play.fr","applied_policy":"DoNotOverride"},{"domain":"www.atresplayer.com","applied_policy":"DoNotOverride"},{"domain":"www.audible.com","applied_policy":"DoNotOverride"},{"domain":"www.canalplus.com","applied_policy":"DoNotOverride"},{"domain":"www.channel4.com","applied_policy":"DoNotOverride"},{"domain":"www.crunchyroll.com","applied_policy":"DoNotOverride"},{"domain":"www.dazn.com","applied_policy":"DoNotOverride"},{"domain":"www.directvgo.com","applied_policy":"ChromeUA"},{"domain":"www.filmin.es","applied_policy":"DoNotOverride"},{"domain":"www.fubo.tv","applied_policy":"DoNotOverride"},{"domain":"www.glaz.tv","applied_policy":"DoNotOverride"},{"domain":"www.hoopladigital.com","applied_policy":"DoNotOverride"},{"domain":"www.horizon.tv","applied_policy":"DoNotOverride"},{"domain":"www.hulu.com","applied_policy":"DoNotOverride"},{"domain":"www.imdb.com","applied_policy":"DoNotOverride"},{"domain":"www.itv.com","applied_policy":"DoNotOverride"},{"domain":"www.ivi.ru","applied_policy":"ChromeUA"},{"domain":"www.my5.tv","applied_policy":"DoNotOverride"},{"domain":"www.netflix.com","applied_policy":"DoNotOverride"},{"domain":"www.npostart.nl","applied_policy":"DoNotOverride"},{"domain":"www.paramountplus.com","applied_policy":"DoNotOverride"},{"domain":"www.peacocktv.com","applied_policy":"DoNotOverride"},{"domain":"www.primevideo.com","applied_policy":"DoNotOverride"},{"domain":"www.rts.ch","applied_policy":"DoNotOverride"},{"domain":"www.salto.fr","applied_policy":"DoNotOverride"},{"domain":"www.streamz.be","applied_policy":"DoNotOverride"},{"domain":"www.telenettv.be","applied_policy":"DoNotOverride"},{"domain":"www.tntdrama.com","applied_policy":"DoNotOverride"},{"domain":"www.twitch.tv","applied_policy":"DoNotOverride"},{"domain":"www.viki.com","applied_policy":"DoNotOverride"},{"domain":"www.vudu.com","applied_policy":"DoNotOverride"},{"domain":"www.weverse.io","applied_policy":"DoNotOverride"},{"domain":"www.ziggogo.tv","applied_policy":"DoNotOverride"},{"domain":"yandex.ru","applied_policy":"DoNotOverride"},{"domain":"microsoft.com","applied_policy":"DoNotOverride"},{"domain":"login.windows-ppe.net","applied_policy":"DoNotOverride"},{"domain":"login.microsoftonline.eaglex.ic.gov","applied_policy":"DoNotOverride"},{"domain":"login.microsoftonline.microsoft.scloud","applied_policy":"DoNotOverride"},{"domain":"login.microsoftonline.com","applied_policy":"DoNotOverride"},{"domain":"login.microsoftonline.de","applied_policy":"DoNotOverride"},{"domain":"login.microsoftonline.us","applied_policy":"DoNotOverride"},{"domain":"login-us.microsoftonline.com","applied_policy":"DoNotOverride"},{"domain":"login.partner.microsoftonline.cn","applied_policy":"DoNotOverride"},{"domain":"powerapps.com","applied_policy":"DoNotOverride"},{"domain":"office.com","applied_policy":"DoNotOverride"},{"domain":"office365.us","applied_policy":"DoNotOverride"},{"domain":"ohome.apps.mil","applied_policy":"DoNotOverride"},{"domain":"ohome.eaglex.ic.gov","applied_policy":"DoNotOverride"},{"domain":"ohome.microsoft.scloud","applied_policy":"DoNotOverride"},{"domain":"jinshuschool.cn","applied_policy":"DoNotOverride"},{"domain":"app.figure1.com","applied_policy":"ChromeUA"},{"domain":"immunizealberta.ca","applied_policy":"Edge99"},{"domain":"www.souz-mid.ru","applied_policy":"Edge99"},{"domain":"www.my46.org","applied_policy":"Edge99"},{"domain":"www.rocdefrance.fr","applied_policy":"Edge99"},{"domain":"portal.digitalbusiness.telstra.com","applied_policy":"Edge99"},{"domain":"espace-sante-international.humanis.com","applied_policy":"Edge99"},{"domain":"www2.gistda.or.th","applied_policy":"Edge99"},{"domain":"isro.gov.in","applied_policy":"Edge99"},{"domain":"osunsa.ddns.net","path_match":["/sgapi"],"applied_policy":"Edge99"},{"domain":"rev.com","applied_policy":"ChromeUA"},{"domain":"spp.tsm.ibmserviceengage.com","applied_policy":"Edge99"},{"domain":"app.initlive.com","applied_policy":"ChromeUA"},{"domain":"atitesting.com","applied_policy":"ChromeUA"},{"domain":"mheducation.com","applied_policy":"ChromeUA"},{"domain":"honorlock.com","applied_policy":"ChromeUA"},{"domain":"capcut.com ","applied_policy":"ChromeUA"},{"domain":"capcut.cn","applied_policy":"ChromeUA"},{"domain":"oxcoder.com.cn","applied_policy":"ChromeUA"},{"domain":"usac.edu.gt","applied_policy":"ChromeUA"},{"domain":"educareac.com","applied_policy":"ChromeUA"},{"domain":"proctoru.com","applied_policy":"ChromeUA"},{"domain":"videokyc.icicibank.com","applied_policy":"ChromeUA"},{"domain":"proctorizer.com","applied_policy":"ChromeUA"},{"domain":"qlteacher.com","applied_policy":"ChromeUA"},{"domain":"shipbob.com","applied_policy":"ChromeUA"},{"domain":"amwater.com","applied_policy":"ChromeUA"},{"domain":"nowcoder.com","applied_policy":"ChromeUA"},{"domain":"elsevier.com","applied_policy":"ChromeUA"},{"domain":"xueersi.com","applied_policy":"ChromeUA"},{"domain":"digication.com","applied_policy":"ChromeUA"},{"domain":"classcard.net","applied_policy":"ChromeUA"},{"domain":"weicewang.com","applied_policy":"ChromeUA"},{"domain":"miricanvas.com","applied_policy":"ChromeUA"},{"domain":"conalep.edu.mx","applied_policy":"ChromeUA"},{"domain":"jobda.im","applied_policy":"ChromeUA"},{"domain":"taphuan.csdl.edu.vn","applied_policy":"ChromeUA"},{"domain":"aprendizaje.mec.edu.py","applied_policy":"ChromeUA"},{"domain":"proctorio.com","applied_policy":"ChromeUA"},{"domain":"tcyonline.com","applied_policy":"ChromeUA"},{"domain":"zxx.edu.cn","applied_policy":"ChromeUA"},{"domain":"i.cqu.edu.cn","applied_policy":"ChromeUA"},{"domain":"gd.gov.cn","applied_policy":"ChromeUA"},{"domain":"test.zhiding.com.cn","applied_policy":"ChromeUA"},{"domain":"doratoon.com","applied_policy":"ChromeUA"},{"domain":"ulearning.cn","applied_policy":"ChromeUA"},{"domain":"videokyc.indusind.com","applied_policy":"ChromeUA"},{"domain":"knps.or.kr","applied_policy":"ChromeUA"},{"domain":"remplanner.ru","applied_policy":"ChromeUA"},{"domain":"shuishan.net.cn","applied_policy":"ChromeUA"},{"domain":"alefed.com","applied_policy":"ChromeUA"},{"domain":"qceit.org.cn","applied_policy":"ChromeUA"},{"domain":"byjusfutureschool.com","applied_policy":"ChromeUA"},{"domain":"agriedu.net","applied_policy":"ChromeUA"},{"domain":"conveyiq.com","applied_policy":"ChromeUA"},{"domain":"unnes.ac.id","applied_policy":"ChromeUA"},{"domain":"midea.com","applied_policy":"ChromeUA"},{"domain":"apollo.varsitytutors.com","applied_policy":"ChromeUA"},{"domain":"webcaptioner.com","applied_policy":"ChromeUA"},{"domain":"edunet.net","applied_policy":"ChromeUA"},{"domain":"livecourse.com","applied_policy":"ChromeUA"},{"domain":"longfor.com","applied_policy":"ChromeUA"},{"domain":"greenxtrade.*","applied_policy":"ChromeUA"},{"domain":"jacquielawson.com","applied_policy":"ChromeUA"},{"domain":"givebacks.com","applied_policy":"ChromeUA"},{"domain":"zaq.ne.jp","applied_policy":"ChromeUA"},{"domain":"gov.pl","applied_policy":"ChromeUA"},{"domain":"febc.net","applied_policy":"ChromeUA"},{"domain":"mayahii.com","applied_policy":"ChromeUA"},{"domain":"pcpm37.rekrutmenbi.id","applied_policy":"ChromeUA"},{"domain":"kidkids.net","applied_policy":"ChromeUA"},{"domain":"teleperformance.com","applied_policy":"ChromeUA"},{"domain":"learn.alg.academy","applied_policy":"ChromeUA"},{"domain":"dentrixascend.com","applied_policy":"ChromeUA"},{"domain":"slotsempirebonuses.com","applied_policy":"ChromeUA"},{"domain":"rtvirtual.ins-cr.com","applied_policy":"ChromeUA"},{"domain":"qb.99onez.com","applied_policy":"ChromeUA"},{"domain":"phx.e-carms.ca","applied_policy":"ChromeUA"},{"domain":"shu.edu.cn","applied_policy":"ChromeUA"},{"domain":"eqxiu.com","applied_policy":"ChromeUA"},{"domain":"luckytiger-promo.com","applied_policy":"ChromeUA"},{"domain":"gfs.tokyo","applied_policy":"ChromeUA"},{"domain":"parivahan.gov.in","applied_policy":"ChromeUA"},{"domain":"edufe.com.cn","applied_policy":"ChromeUA"},{"domain":"kazaplan.com","applied_policy":"ChromeUA"},{"domain":"train.medcerts.com","applied_policy":"ChromeUA"},{"domain":"zhihuiteacher.com","applied_policy":"ChromeUA"},{"domain":"unfi.com","applied_policy":"ChromeUA"},{"domain":"leetcode-cn.com","applied_policy":"ChromeUA"},{"domain":"stu.ityxb.com","applied_policy":"ChromeUA"},{"domain":"whatismybrowser.com","applied_policy":"DoNotOverride"},{"domain":"acca.ai","applied_policy":"ChromeUAAndClientHints"},{"domain":"tkc.co.jp","applied_policy":"ChromeUA"},{"domain":"kozikaza.com","applied_policy":"ChromeUA"},{"domain":"iguokao.com","applied_policy":"ChromeUA"},{"domain":"groove.cm","applied_policy":"ChromeUA"},{"domain":"voissnap.com","applied_policy":"ChromeUA"},{"domain":"peiliyou.com","applied_policy":"ChromeUA"},{"domain":"publishinglife.com","applied_policy":"ChromeUA"},{"domain":"dscout.com","applied_policy":"ChromeUA"},{"domain":"mycreativeshop.com","applied_policy":"ChromeUA"},{"domain":"guihuayun.com","applied_policy":"ChromeUA"},{"domain":"ajmd-med.com","applied_policy":"ChromeUA"},{"domain":"courses.fcaperformanceinstitute.com","applied_policy":"ChromeUA"},{"domain":"videobanking.aubank.in","applied_policy":"ChromeUA"},{"domain":"street-academy.com","applied_policy":"ChromeUA"},{"domain":"luckytigercasino.com","applied_policy":"ChromeUA"},{"domain":"acuvue.com","applied_policy":"ChromeUA"},{"domain":"arch-sticker.com","applied_policy":"ChromeUA"},{"domain":"netsoins.com","applied_policy":"ChromeUA"},{"domain":"99lms.com","applied_policy":"ChromeUA"},{"domain":"tver.jp","applied_policy":"ChromeUA"},{"domain":"icourse163.org","applied_policy":"ChromeUA"},{"domain":"sellermatch.co.kr","applied_policy":"ChromeUA"},{"domain":"ursdoccdn.nosdn.127.net","applied_policy":"ChromeUA"},{"domain":"jianshu.com","applied_policy":"ChromeUA"},{"domain":"dubailand.gov.ae","applied_policy":"ChromeUA"},{"domain":"peixunyun.cn","applied_policy":"ChromeUA"},{"domain":"servicetitan.com","applied_policy":"ChromeUA"},{"domain":"jlau.edu.cn","applied_policy":"ChromeUA"},{"domain":"eid.belgium.be","applied_policy":"ChromeUA"},{"domain":"logikaschool.com","applied_policy":"ChromeUA"},{"domain":"app.comptalia.com","applied_policy":"ChromeUA"},{"domain":"manaba.jwu.ac.jp","applied_policy":"ChromeUA"},{"domain":"bm.cltt.org","applied_policy":"ChromeUA"},{"domain":"app.ascendacademic.com","applied_policy":"ChromeUA"},{"domain":"alema.tv","applied_policy":"ChromeUA"},{"domain":"census.gov","applied_policy":"ChromeUA"},{"domain":"disputeprocess.com","applied_policy":"ChromeUA"},{"domain":"emblemhealth.com","applied_policy":"ChromeUA"},{"domain":"richpalms-promo.com","applied_policy":"ChromeUA"},{"domain":"booking.com","applied_policy":"ChromeUA"},{"domain":"3min-class.offcn.mobi","applied_policy":"ChromeUA"},{"domain":"mail.nate.com","applied_policy":"ChromeUA"},{"domain":"fitnesstest.xtu.edu.cn","applied_policy":"ChromeUA"},{"domain":"miro.com","applied_policy":"ChromeUA"},{"domain":"wowgame.jp","applied_policy":"ChromeUA"},{"domain":"csia.org.cn","applied_policy":"ChromeUA"},{"domain":"gsop.sec.samsung.net","applied_policy":"ChromeUA"},{"domain":"jnjpediatrics.com","applied_policy":"ChromeUA"},{"domain":"play.nuuvem.com","applied_policy":"ChromeUA"},{"domain":"alocom.co","applied_policy":"ChromeUA"},{"domain":"sspt.bjcourt.gov.cn","applied_policy":"ChromeUA"},{"domain":"englishbuddy.kr","applied_policy":"ChromeUA"},{"domain":"luz.tcd.gov.tw","applied_policy":"ChromeUA"},{"domain":"lnwlzb.com","applied_policy":"ChromeUA"},{"domain":"ysu.edu.cn","applied_policy":"ChromeUA"},{"domain":"web-hub.gxjyzy.cn","applied_policy":"ChromeUA"},{"domain":"avon.com.br","applied_policy":"ChromeUA"},{"domain":"manulife-aor.unqork.io","applied_policy":"ChromeUA"},{"domain":"invest.ameritrade.com","applied_policy":"ChromeUA"},{"domain":"nhisdt.el.or.kr","applied_policy":"ChromeUA"},{"domain":"business.xiaohe.cn","applied_policy":"ChromeUA"},{"domain":"hb.zcjb.com.cn","applied_policy":"ChromeUA"},{"domain":"web.autocad.com","applied_policy":"DoNotOverride"},{"domain":"app.wom.co","path_match":["/funcionalidadRecaudo/paymentBill/"],"applied_policy":"ChromeUA"},{"domain":"watch.sling.tv","applied_policy":"ChromeUA"},{"domain":"dishanywhere.com","applied_policy":"ChromeUA"},{"domain":"member.goforward.com","applied_policy":"ChromeUA"}]},"enhance_image_override":{"version":1,"policies":[{"name":"disable","type":"SuperResolutionOptOut"},{"name":"toggle_mitigation","type":"SuperResolutionToggleMitigation"}],"applications":[{"applied_policy":"disable","domain":"bing.*"},{"applied_policy":"disable","domain":"mapquest.*"},{"applied_policy":"disable","domain":"sygic.*"},{"applied_policy":"disable","domain":"msn.com"},{"applied_policy":"disable","domain":"youtube.com"},{"applied_policy":"disable","domain":"live.com"},{"applied_policy":"disable","domain":"microsoft.com"},{"applied_policy":"disable","domain":"mayoclinic.org"},{"applied_policy":"disable","domain":"indeed.com"},{"applied_policy":"disable","domain":"mail.yahoo.com"},{"applied_policy":"disable","domain":"google.com"},{"applied_policy":"disable","domain":"nih.gov"},{"applied_policy":"disable","domain":"merriam-webster.com"},{"applied_policy":"disable","domain":"medlineplus.gov"},{"applied_policy":"disable","domain":"brainly.co.id"},{"applied_policy":"disable","domain":"accuweather.com"},{"applied_policy":"disable","domain":"medicalnewstoday.com"},{"applied_policy":"disable","domain":"cdc.gov"},{"applied_policy":"disable","domain":"cambridge.org"},{"applied_policy":"disable","domain":"ilovepdf.com"},{"applied_policy":"disable","domain":"byjus.com"},{"applied_policy":"disable","domain":"adobe.com"},{"applied_policy":"disable","domain":"epfindia.gov.in"},{"applied_policy":"disable","domain":"clevelandclinic.org"},{"applied_policy":"disable","domain":"canva.com"},{"applied_policy":"disable","domain":"dailymotion.com"},{"applied_policy":"disable","domain":"omegle.com"},{"applied_policy":"disable","domain":"dictionary.com"},{"applied_policy":"disable","domain":"hotstar.com"},{"applied_policy":"disable","domain":"collinsdictionary.com"},{"applied_policy":"disable","domain":"hotstar.com"},{"applied_policy":"toggle_mitigation","domain":"twitter.com"}]},"enhance_image_min_layout_size_override":{"version":1,"policies":[{"name":"min_layout_size","value":"90"}],"applications":[{"applied_policy":"min_layout_size","domain":"*.wikipedia.org"},{"applied_policy":"min_layout_size","domain":"twitter.com"},{"applied_policy":"min_layout_size","domain":"instagram.com"},{"applied_policy":"min_layout_size","domain":"amazon.*"},{"applied_policy":"min_layout_size","domain":"pinterest.com"},{"applied_policy":"min_layout_size","domain":"imdb.com"},{"applied_policy":"min_layout_size","domain":"facebook.com"},{"applied_policy":"min_layout_size","domain":"fandom.com"},{"applied_policy":"min_layout_size","domain":"apple.com"},{"applied_policy":"min_layout_size","domain":"cricbuzz.com"},{"applied_policy":"min_layout_size","domain":"linkedin.com"},{"applied_policy":"min_layout_size","domain":"globo.com"},{"applied_policy":"min_layout_size","domain":"nytimes.com"},{"applied_policy":"min_layout_size","domain":"etsy.com"},{"applied_policy":"min_layout_size","domain":"indiatimes.com"},{"applied_policy":"min_layout_size","domain":"bbc.co.uk"},{"applied_policy":"min_layout_size","domain":"ikea.com"},{"applied_policy":"min_layout_size","domain":"flipkart.com"},{"applied_policy":"min_layout_size","domain":"bbc.com"},{"applied_policy":"min_layout_size","domain":"espn.com"},{"applied_policy":"min_layout_size","domain":"ebay.*"},{"applied_policy":"min_layout_size","domain":"hurriyet.com.tr"},{"applied_policy":"min_layout_size","domain":"allegro.pl"},{"applied_policy":"min_layout_size","domain":"booking.com"},{"applied_policy":"min_layout_size","domain":"mercadolivre.com.br"},{"applied_policy":"min_layout_size","domain":"britannica.com"},{"applied_policy":"min_layout_size","domain":"kompass.com"},{"applied_policy":"min_layout_size","domain":"cnn.com"},{"applied_policy":"min_layout_size","domain":"homedepot.com"},{"applied_policy":"min_layout_size","domain":"detik.com"},{"applied_policy":"min_layout_size","domain":"nike.com"},{"applied_policy":"min_layout_size","domain":"milliyet.com.tr"},{"applied_policy":"min_layout_size","domain":"magazineluiza.com.br"},{"applied_policy":"min_layout_size","domain":"marca.com"},{"applied_policy":"min_layout_size","domain":"hepsiburada.com"},{"applied_policy":"min_layout_size","domain":"cookpad.com"},{"applied_policy":"min_layout_size","domain":"dailymail.co.uk"},{"applied_policy":"min_layout_size","domain":"as.com"},{"applied_policy":"min_layout_size","domain":"gsmarena.com"},{"applied_policy":"min_layout_size","domain":"investing.com"},{"applied_policy":"min_layout_size","domain":"aliexpress.com"},{"applied_policy":"min_layout_size","domain":"espncricinfo.com"},{"applied_policy":"min_layout_size","domain":"india.com"},{"applied_policy":"min_layout_size","domain":"ndtv.com"},{"applied_policy":"min_layout_size","domain":"craigslist.org"},{"applied_policy":"min_layout_size","domain":"finance.yahoo.com"},{"applied_policy":"min_layout_size","domain":"indiamart.com"},{"applied_policy":"min_layout_size","domain":"kinopoisk.ru"},{"applied_policy":"min_layout_size","domain":"onet.pl"},{"applied_policy":"min_layout_size","domain":"goal.com"},{"applied_policy":"min_layout_size","domain":"americanas.com.br"},{"applied_policy":"min_layout_size","domain":"investopedia.com"},{"applied_policy":"min_layout_size","domain":"mail.ru"},{"applied_policy":"min_layout_size","domain":"naver.com"},{"applied_policy":"min_layout_size","domain":"hm.com"},{"applied_policy":"min_layout_size","domain":"bestbuy.com"}]}},"EdgeFirstRun":{"UACompatibilityFix":{"enableFeatures":["msUACompatibilityFix"]},"ExpEnabled":{"enableFeatures":["msExpEnabled"]}},"EdgeFirstRunConfig":{"EmptyEdgeFirstRunConfig":{"enableFeatures":["eefrc"]}},"Segmentation":{"ContentServicesAll":"false","WebXTAll":"false","BingAll":"false","EdgeAll":"false","MicrosoftUser":"false"},"Headers":{"ETag":"\"YAnjaCKoUxe9LU/pGwUqA9dw5A3i/Nvmk7RcXjcJDKw=\"","Expires":"Sun, 30 Apr 2023 18:48:41 GMT","CountryCode":"NL","StatusCode":"200"},"ConfigIDs":{"ECS":"P-D-42388-2-6","Edge":"P-X-1068703-1-14,P-X-1023763-3-10,P-X-1086460-1-3,P-X-1075540-1-11,P-X-1059910-2-8,P-X-1086062-2-5,P-X-1086001-2-3,P-X-1075988-1-5,P-X-1047521-4-21,P-X-1065164-2-10,P-X-107509-2-20,P-X-108742-2-12,P-X-1078234-1-3,P-X-1078009-1-3,P-X-1041332-1-7,P-X-1073042-1-5,P-X-1065512-5-17,P-X-1076004-1-3,P-X-1075761-2-4,P-X-1075566-1-7,P-X-1070969-2-10,P-X-1045742-1-5,P-X-1064682-1-11,P-X-1067018-2-4,P-X-1066134-1-10,P-X-1053705-5-31,P-X-1043380-1-18,P-X-1071593-2-4,P-X-1070281-1-3,P-X-1070133-1-6,P-X-1070026-3-7,P-X-1068007-3-14,P-X-1068144-1-14,P-X-75221-12-31,P-X-1030144-1-9,P-X-1065665-1-7,P-X-1063591-1-13,P-X-1055226-1-5,P-X-1060394-3-7,P-X-1044635-3-17,P-X-1050101-1-9,P-X-1059525-1-17,P-X-1053062-1-5,P-X-1061821-1-9,P-X-1049780-1-9,P-X-1059966-1-9,P-X-1049474-3-15,P-X-1024185-3-12,P-X-1054429-1-11,P-X-1057727-1-3,P-X-1052198-1-7,P-X-1010648-7-58,P-X-1053708-1-9,P-X-1047044-1-9,P-X-1052772-15-44,P-X-1054764-1-21,P-X-1054241-1-3,P-X-1043219-17-47,P-X-1054089-1-3,P-X-91319-1-5,P-X-1021723-3-16,P-X-1010335-1-9,P-X-1048870-3-8,P-X-1048071-1-5,P-X-1047513-1-5,P-X-1040810-2-10,P-X-1040688-2-6,P-X-1042702-1-3,P-X-1026324-3-20,P-X-1042025-1-5,P-X-1038395-1-7,P-X-1010579-1-9,P-X-1037615-1-5,P-X-1006190-9-15,P-X-1037265-1-3,P-X-1036081-1-3,P-X-1027402-7-15,P-X-1028439-1-5,P-X-1001203-13-31,P-X-1020064-1-11,P-X-100019-1-13,P-X-1003562-9-44,P-X-1014694-2-7,P-X-94804-6-29,P-X-1012411-2-9,P-X-1013679-2-3,P-X-1012679-1-25,P-X-1001363-1-7,P-X-90938-1-9,P-X-111787-3-15,P-X-113033-1-13,P-X-113767-1-7,P-X-99669-2-7,P-X-117040-1-5,P-X-113035-2-9,P-X-114325-1-5,P-X-112977-1-5,P-X-110155-1-5,P-X-95627-3-13,P-X-97844-1-13,P-X-98314-1-7,P-X-91270-7-51,P-X-90253-1-13,P-X-93477-1-5,P-X-92431-1-5,P-X-80879-3-16,P-R-1068861-4-8,P-R-1064521-6-7,P-R-1063170-6-10,P-R-1047495-8-15,P-R-1051506-6-6,P-R-1050935-6-5,P-R-1011637-4-8,P-R-1008497-12-13,P-R-106999-2-40,P-R-88869-2-10,P-R-87486-2-9,P-R-67067-6-42,P-D-79348-1-6,edres228:371809,36b79958:370129,9eb60921:369893,808a4487:369747,a4i36980:369377,fj374514:371234,cci0g429:368930,ii4ig344:366222,savingsyesui:360236,032ac389:359854,optoutinneededge:358946,neededgebanner:358196,v1_cartprocessing:369697,cc3ei655:372216,superreslimitcpumem1:351122,4jfjh613:349870,edadp743:349327,c6f6d310:365272,iabfg468:364716,jj492668:358653,6j00g508:369917,13i0j305:358813,9e8ch532:369668,v1_newnotificationsettingsu:371743,5i0gd816:362595,edper664:362878,13gjf650:361709,2chfa640:363442,pcproductbyregexexus:351848,i5ceh755:348150,pcproductbyregexenus:345020,edwsb982:351369,5279d694:370064,edtyp901:358147,07c92546:317180,v1_edgeshoppingpricevalidation:338703,edtra637:327350,1700e342:351975,edcws655:360963,gdcjg650:323359,158hf900:358403,a89f9978:326774,followablewebwpo:339322,bbejc594:371762,9d2aj461:350963,72dhd990:347218,ed788:353975,v2_deepeenewmarkets:314571,bg3a6369:361990,133i0414:354280,cd44d107:360222,edpri438:352398,i8eja666:342639,idebd755:337671,75f29156:365445,9f2j4411:356764,i54a2415:338606,v8_aoclimitednorebates:330403,d8ej1711:320853,edapp884:359055,deepeelogging1:296539,ed478:292661,etreeapiv15:300838,hjd07315:315108,6fh95461:311640,c8h8a678:364529,643h0503:316321,fcfg4604:368991,gserpas:292001,bypassflyout:293786,v1_cbestimatedcashbacktrueprice:299251,edenh823:312573,923e2685:283690,2fche262:263263,edgbgaa688:292994,v1_onlineselextraction:330872,externalmidrange3:261503,ieretirementdefaultsettings:315685,v2_spont:329370,ed626:261905,ed214:261912,existing_history_on_idle_1:220990,ed905:239317,publish_on_idle:253673,edklo447:358232,ed254cf:256436,ecotree421:363976,suppress_adlang:207106,edhis204:257944,edrea856:197356,ed744:205654,edcil366:362133,verticaltabspromo:273781,edweb468:191638,ed672:193569,ededg349:172842,ed913:175220,claritynocookies:203776,edbin373:142183,nurturingfeatureciupsellsavefavpass:355065,edgesuperressettings1:198051,ededg840:189491,eddev425:151654,ednur580:353753,edope241:360401,ededg330:96426","EdgeConfig":"P-R-1086421-1-3,P-R-1082109-1-6,P-R-1077170-1-3,P-R-1074084-1-5,P-R-1072324-1-9,P-R-1060324-1-5,P-R-1058359-2-7,P-R-1053374-1-12,P-R-1054140-1-4,P-R-1049918-1-3,P-R-1049661-2-13,P-R-1044817-1-5,P-R-1039913-1-14,P-R-1036635-1-4,P-R-110491-22-63,P-R-68474-7-10,P-R-61206-9-13,P-R-61153-6-12,P-R-45373-8-85,P-R-46265-36-93","EdgeDomainActions":"P-R-1037936-1-8,P-R-1024693-1-9,P-R-108604-1-30,P-R-73626-1-17,P-R-71025-5-11,P-R-63165-3-25,P-R-53243-2-7,P-R-40093-3-25,P-R-38744-7-96,P-R-31899-21-443,P-D-98331-6-22","EdgeFirstRun":"P-R-1021718-2-18,P-R-1018947-2-3","EdgeFirstRunConfig":"P-R-1075865-1-5","Segmentation":"P-R-66078-1-2,P-R-66077-1-4,P-R-60882-1-2,P-R-43082-1-3,P-R-42744-1-2"}}